-- phpMyAdmin SQL Dump
-- version 4.3.8
-- http://www.phpmyadmin.net
--
-- Host: localhost
-- Generation Time: Apr 07, 2016 at 04:35 PM
-- Server version: 5.6.27-75.0
-- PHP Version: 5.4.31

SET SQL_MODE = "NO_AUTO_VALUE_ON_ZERO";
SET time_zone = "+00:00";


/*!40101 SET @OLD_CHARACTER_SET_CLIENT=@@CHARACTER_SET_CLIENT */;
/*!40101 SET @OLD_CHARACTER_SET_RESULTS=@@CHARACTER_SET_RESULTS */;
/*!40101 SET @OLD_COLLATION_CONNECTION=@@COLLATION_CONNECTION */;
/*!40101 SET NAMES utf8 */;

--
-- Database: `shaiful_arm_ems`
--

-- --------------------------------------------------------

--
-- Table structure for table `ems_basic_setup_arm_bank`
--

CREATE TABLE IF NOT EXISTS `ems_basic_setup_arm_bank` (
  `id` int(11) NOT NULL,
  `name` varchar(255) NOT NULL,
  `description` text,
  `status` varchar(11) NOT NULL DEFAULT 'Active',
  `ordering` tinyint(4) NOT NULL DEFAULT '99',
  `date_created` int(11) NOT NULL DEFAULT '0',
  `user_created` int(11) NOT NULL DEFAULT '0',
  `date_updated` int(11) DEFAULT NULL,
  `user_updated` int(11) DEFAULT NULL
) ENGINE=InnoDB AUTO_INCREMENT=4 DEFAULT CHARSET=utf8;

--
-- Dumping data for table `ems_basic_setup_arm_bank`
--

INSERT INTO `ems_basic_setup_arm_bank` (`id`, `name`, `description`, `status`, `ordering`, `date_created`, `user_created`, `date_updated`, `user_updated`) VALUES
(1, 'Islami Bank Bangladesh Ltd.', 'Islami Bank Bangladesh Ltd.', 'Active', 1, 1456926790, 1, NULL, NULL),
(2, 'Janata Bank Ltd.', '', 'Active', 2, 1456926809, 1, 1456926891, 1),
(3, 'Exim Bank Ltd.', 'Exim Bank Ltd.', 'Active', 3, 1456926819, 1, NULL, NULL);

-- --------------------------------------------------------

--
-- Table structure for table `ems_basic_setup_arm_bank_accounts`
--

CREATE TABLE IF NOT EXISTS `ems_basic_setup_arm_bank_accounts` (
  `id` int(11) NOT NULL,
  `account_no` varchar(255) NOT NULL,
  `bank_id` int(11) NOT NULL,
  `description` text,
  `status` varchar(11) NOT NULL DEFAULT 'Active',
  `ordering` tinyint(4) NOT NULL DEFAULT '99',
  `date_created` int(11) NOT NULL DEFAULT '0',
  `user_created` int(11) NOT NULL DEFAULT '0',
  `date_updated` int(11) DEFAULT NULL,
  `user_updated` int(11) DEFAULT NULL
) ENGINE=InnoDB DEFAULT CHARSET=utf8;

-- --------------------------------------------------------

--
-- Table structure for table `ems_basic_setup_bank`
--

CREATE TABLE IF NOT EXISTS `ems_basic_setup_bank` (
  `id` int(11) NOT NULL,
  `name` varchar(255) NOT NULL,
  `description` text,
  `status` varchar(11) NOT NULL DEFAULT 'Active',
  `ordering` tinyint(4) NOT NULL DEFAULT '99',
  `date_created` int(11) NOT NULL DEFAULT '0',
  `user_created` int(11) NOT NULL DEFAULT '0',
  `date_updated` int(11) DEFAULT NULL,
  `user_updated` int(11) DEFAULT NULL
) ENGINE=InnoDB AUTO_INCREMENT=25 DEFAULT CHARSET=utf8;

--
-- Dumping data for table `ems_basic_setup_bank`
--

INSERT INTO `ems_basic_setup_bank` (`id`, `name`, `description`, `status`, `ordering`, `date_created`, `user_created`, `date_updated`, `user_updated`) VALUES
(1, 'Islami Bank Bangladesh Ltd.', '', 'Active', 1, 1456548824, 1, NULL, NULL),
(2, 'Bank Asia Ltd.  ', '', 'Active', 2, 1456548824, 1, NULL, NULL),
(3, 'Southeast Bank Ltd.', '', 'Active', 3, 1456548824, 1, NULL, NULL),
(4, 'Janata Bank Ltd.', '', 'Active', 4, 1456548824, 1, NULL, NULL),
(5, 'Mercantile Bank Ltd. ', '', 'Active', 5, 1456548824, 1, NULL, NULL),
(6, 'National Bank Ltd.', '', 'Active', 6, 1456548824, 1, NULL, NULL),
(7, 'Dutch Bangla Bank Limited', '', 'Active', 7, 1456548824, 1, NULL, NULL),
(8, 'Standard Bank Ltd.', '', 'Active', 8, 1456548824, 1, NULL, NULL),
(9, 'Agrani Bank Ltd', '', 'Active', 9, 1456548824, 1, NULL, NULL),
(10, 'Eastern Bank Ltd.', '', 'Active', 10, 1456548824, 1, NULL, NULL),
(11, 'Pubali Bank Ltd.', '', 'Active', 11, 1456548824, 1, NULL, NULL),
(12, 'Basic Bank Ltd.', '', 'Active', 12, 1456548824, 1, NULL, NULL),
(13, 'City Bank Ltd.', '', 'Active', 13, 1456548824, 1, NULL, NULL),
(14, 'United Commercial Bank Ltd.', '', 'Active', 14, 1456548824, 1, NULL, NULL),
(15, 'Uttara Bank Ltd.', '', 'Active', 15, 1456548824, 1, NULL, NULL),
(16, 'BRAC Bank Ltd.', '', 'Active', 16, 1456548824, 1, NULL, NULL),
(17, ' Islami Bank Bangladesh Ltd.', '', 'Active', 17, 1456548824, 1, NULL, NULL),
(18, 'A B  Bank Ltd.', '', 'Active', 18, 1456548824, 1, NULL, NULL),
(19, 'Mercantlie Bank Ltd.', '', 'Active', 19, 1456548824, 1, NULL, NULL),
(20, 'Sonali Bank Ltd.', '', 'Active', 20, 1456548824, 1, NULL, NULL),
(21, 'Shahjalal Islami Bank Ltd', '', 'Active', 21, 1456548824, 1, NULL, NULL),
(22, 'Al Arafah Islami Bank Ltd', '', 'Active', 22, 1456548824, 1, NULL, NULL),
(23, 'Exim Bank Ltd.', '', 'Active', 23, 1456548824, 1, NULL, NULL),
(24, 'Bangladesh Krishi Bank', '', 'Active', 24, 1456548824, 1, NULL, NULL);

-- --------------------------------------------------------

--
-- Table structure for table `ems_basic_setup_competitor`
--

CREATE TABLE IF NOT EXISTS `ems_basic_setup_competitor` (
  `id` int(11) NOT NULL,
  `name` varchar(255) NOT NULL,
  `description` text,
  `status` varchar(11) NOT NULL DEFAULT 'Active',
  `ordering` tinyint(4) NOT NULL DEFAULT '99',
  `date_created` int(11) NOT NULL DEFAULT '0',
  `user_created` int(11) NOT NULL DEFAULT '0',
  `date_updated` int(11) DEFAULT NULL,
  `user_updated` int(11) DEFAULT NULL
) ENGINE=InnoDB AUTO_INCREMENT=54 DEFAULT CHARSET=utf8;

--
-- Dumping data for table `ems_basic_setup_competitor`
--

INSERT INTO `ems_basic_setup_competitor` (`id`, `name`, `description`, `status`, `ordering`, `date_created`, `user_created`, `date_updated`, `user_updated`) VALUES
(1, 'Supreme Seed', '', 'Active', 1, 1456555459, 1, NULL, NULL),
(2, 'Nozaki (Masud)', '', 'Active', 2, 1456555459, 1, NULL, NULL),
(3, 'ACI Seed', '', 'Active', 3, 1456555459, 1, NULL, NULL),
(4, 'United Seed', '', 'Active', 4, 1456555459, 1, NULL, NULL),
(5, 'Seminis (3s)', '', 'Active', 5, 1456555459, 1, NULL, NULL),
(6, 'Seminis (Kashem)', '', 'Active', 6, 1456555459, 1, NULL, NULL),
(7, 'Tokita', '', 'Active', 7, 1456555459, 1, NULL, NULL),
(8, 'Masud Seed Co.', '', 'Active', 8, 1456555459, 1, NULL, NULL),
(9, 'Chiatai Seed', '', 'Active', 9, 1456555459, 1, NULL, NULL),
(10, 'Clause (ACI)', '', 'Active', 10, 1456555459, 1, NULL, NULL),
(11, 'Seminis', '', 'Active', 11, 1456555459, 1, NULL, NULL),
(12, 'Molika', '', 'Active', 12, 1456555459, 1, NULL, NULL),
(13, 'TAKII (Supreme)', '', 'Active', 13, 1456555459, 1, NULL, NULL),
(14, 'Seminis(3s)', '', 'Active', 14, 1456555459, 1, NULL, NULL),
(15, 'Tohuku (Metal)', '', 'Active', 15, 1456555459, 1, NULL, NULL),
(16, 'Getco', '', 'Active', 16, 1456555459, 1, NULL, NULL),
(17, 'Syngenta', '', 'Active', 17, 1456555459, 1, NULL, NULL),
(18, 'TAKII (United)', '', 'Active', 18, 1456555459, 1, NULL, NULL),
(19, 'Masud Seed', '', 'Active', 19, 1456555459, 1, NULL, NULL),
(20, 'Mollika ', '', 'Active', 20, 1456555459, 1, NULL, NULL),
(21, 'Lal Teer', '', 'Active', 21, 1456555459, 1, NULL, NULL),
(22, 'Kashem Seed', '', 'Active', 22, 1456555459, 1, NULL, NULL),
(23, 'United ', '', 'Active', 23, 1456555459, 1, NULL, NULL),
(24, 'Syngenta India', '', 'Active', 24, 1456555459, 1, NULL, NULL),
(25, 'Pasha Pashi Seeds', '', 'Active', 25, 1456555459, 1, NULL, NULL),
(26, 'Metal Seed', '', 'Active', 26, 1456555459, 1, NULL, NULL),
(27, 'Mollika Seed', '', 'Active', 27, 1456555459, 1, NULL, NULL),
(28, 'Supreme Seeds', '', 'Active', 28, 1456555459, 1, NULL, NULL),
(29, 'Star Seeds ', '', 'Active', 29, 1456555459, 1, NULL, NULL),
(30, '3S', '', 'Active', 30, 1456555459, 1, NULL, NULL),
(31, 'VNR', '', 'Active', 31, 1456555459, 1, NULL, NULL),
(32, 'Sungro Seeds', '', 'Active', 32, 1456555459, 1, NULL, NULL),
(33, 'Lalteer', '', 'Active', 33, 1456555459, 1, NULL, NULL),
(34, 'ACI', '', 'Active', 34, 1456555459, 1, NULL, NULL),
(35, 'Takii (United Seed)', '', 'Active', 35, 1456555459, 1, NULL, NULL),
(36, 'BRAC', '', 'Active', 36, 1456555459, 1, NULL, NULL),
(37, 'Chia Tai', '', 'Active', 37, 1456555459, 1, NULL, NULL),
(38, 'Ufshi Seeds', '', 'Active', 38, 1456555459, 1, NULL, NULL),
(39, 'Metal Seed Co.', '', 'Active', 39, 1456555459, 1, NULL, NULL),
(40, ' Seed', '', 'Active', 40, 1456555459, 1, NULL, NULL),
(41, 'Local', '', 'Active', 41, 1456555459, 1, NULL, NULL),
(42, 'Seed', '', 'Active', 42, 1456555459, 1, NULL, NULL),
(43, 'Pertex Agro', '', 'Active', 43, 1456555459, 1, NULL, NULL),
(44, 'East West', '', 'Active', 44, 1456555459, 1, NULL, NULL),
(45, 'East West Seed Co.', '', 'Active', 45, 1456555459, 1, NULL, NULL),
(46, 'Partex', '', 'Active', 46, 1456555459, 1, NULL, NULL),
(47, 'Rahimafroz', '', 'Active', 47, 1456555459, 1, NULL, NULL),
(48, 'SB', '', 'Active', 48, 1456555459, 1, NULL, NULL),
(49, 'Nuziveedu (3S Agro)', '', 'Active', 49, 1456555459, 1, NULL, NULL),
(50, 'Dynamic Seed', '', 'Active', 50, 1456555459, 1, NULL, NULL),
(51, 'ACI Seeds', '', 'Active', 51, 1456555459, 1, NULL, NULL),
(52, 'Ispahani', '', 'Active', 52, 1456555459, 1, NULL, NULL),
(53, 'Takii', '', 'Active', 53, 1456555459, 1, NULL, NULL);

-- --------------------------------------------------------

--
-- Table structure for table `ems_basic_setup_couriers`
--

CREATE TABLE IF NOT EXISTS `ems_basic_setup_couriers` (
  `id` int(11) NOT NULL,
  `name` varchar(255) NOT NULL,
  `description` text,
  `status` varchar(11) NOT NULL DEFAULT 'Active',
  `ordering` int(11) NOT NULL DEFAULT '99',
  `date_created` int(11) NOT NULL DEFAULT '0',
  `user_created` int(11) NOT NULL DEFAULT '0',
  `date_updated` int(11) DEFAULT NULL,
  `user_updated` int(11) DEFAULT NULL
) ENGINE=InnoDB AUTO_INCREMENT=35 DEFAULT CHARSET=utf8;

--
-- Dumping data for table `ems_basic_setup_couriers`
--

INSERT INTO `ems_basic_setup_couriers` (`id`, `name`, `description`, `status`, `ordering`, `date_created`, `user_created`, `date_updated`, `user_updated`) VALUES
(1, 'Sundarban Courier', ' ', 'Active', 1, 1458222810, 1, 1458445744, 2),
(2, 'Karatoa Courier', '', 'Active', 3, 1458363867, 2, 1458445763, 2),
(3, 'S. A. Paribahan', '', 'Active', 5, 1458445781, 2, NULL, NULL),
(4, 'Janani Courier', '', 'Active', 7, 1458445790, 2, NULL, NULL),
(5, 'Rainbow Percel', '', 'Active', 9, 1458445802, 2, NULL, NULL),
(6, 'New Chanda Transport', '', 'Active', 11, 1458445812, 2, NULL, NULL),
(7, 'Sonar Bangla Transport', '', 'Active', 99, 1458445834, 2, NULL, NULL),
(8, 'Sonargaon Transport', '', 'Active', 99, 1458445840, 2, NULL, NULL),
(9, 'Meghna Transport', '', 'Active', 99, 1458445847, 2, NULL, NULL),
(10, 'Agomoni  Transport', '', 'Active', 99, 1458445852, 2, NULL, NULL),
(11, 'New Sathkhira Transport', '', 'Active', 99, 1458445858, 2, NULL, NULL),
(12, 'Five Star Transport', '', 'Active', 99, 1458445864, 2, NULL, NULL),
(13, 'Sitakundo Transport', '', 'Active', 99, 1458445869, 2, NULL, NULL),
(14, 'Shimul Transport', '', 'Active', 99, 1458445875, 2, NULL, NULL),
(15, ' Mirsorai  Transport ', '', 'Active', 99, 1458445881, 2, NULL, NULL),
(16, 'Chishtia Transport', '', 'Active', 99, 1458445886, 2, NULL, NULL),
(17, 'Sawkat Transport', '', 'Active', 99, 1458445891, 2, NULL, NULL),
(18, 'Sonapur Transport', '', 'Active', 99, 1458445897, 2, NULL, NULL),
(19, 'Allahardan Transport', '', 'Active', 99, 1458445908, 2, NULL, NULL),
(20, 'Dowel  Transport', '', 'Active', 99, 1458445913, 2, NULL, NULL),
(21, 'New Doel Transport', '', 'Active', 99, 1458445920, 2, NULL, NULL),
(22, 'New Gazipur Transport', '', 'Active', 99, 1458445925, 2, NULL, NULL),
(23, 'Pabna Transport', '', 'Active', 99, 1458445931, 2, NULL, NULL),
(24, 'Islamia Transport', '', 'Active', 99, 1458445937, 2, NULL, NULL),
(25, 'Asha Transport', '', 'Active', 99, 1458445945, 2, NULL, NULL),
(26, 'Moon Light Transport', '', 'Active', 99, 1458445951, 2, NULL, NULL),
(27, 'Kajol Transport', '', 'Active', 99, 1458445957, 2, NULL, NULL),
(28, 'Maa Transport', '', 'Active', 99, 1458445962, 2, NULL, NULL),
(29, 'Sugandha Transport', '', 'Active', 99, 1458445969, 2, NULL, NULL),
(30, 'Bismillah Ahmed Transport', '', 'Active', 99, 1458445975, 2, NULL, NULL),
(31, 'Launch', '', 'Active', 110, 1458446004, 2, NULL, NULL),
(32, 'Hand Delivery', '', 'Active', 112, 1458446013, 2, NULL, NULL),
(33, 'Suvajatra Bus', '', 'Active', 113, 1458446027, 2, NULL, NULL),
(34, 'M/S. Janata Transport Agency', '', 'Active', 99, 1459748022, 64, NULL, NULL);

-- --------------------------------------------------------

--
-- Table structure for table `ems_basic_setup_fiscal_year`
--

CREATE TABLE IF NOT EXISTS `ems_basic_setup_fiscal_year` (
  `id` int(11) NOT NULL,
  `name` varchar(255) NOT NULL,
  `date_start` int(11) NOT NULL,
  `date_end` int(11) NOT NULL,
  `description` text,
  `status` varchar(11) NOT NULL DEFAULT 'Active',
  `ordering` tinyint(4) NOT NULL DEFAULT '99',
  `date_created` int(11) NOT NULL DEFAULT '0',
  `user_created` int(11) NOT NULL DEFAULT '0',
  `date_updated` int(11) DEFAULT NULL,
  `user_updated` int(11) DEFAULT NULL
) ENGINE=InnoDB AUTO_INCREMENT=2 DEFAULT CHARSET=utf8;

--
-- Dumping data for table `ems_basic_setup_fiscal_year`
--

INSERT INTO `ems_basic_setup_fiscal_year` (`id`, `name`, `date_start`, `date_end`, `description`, `status`, `ordering`, `date_created`, `user_created`, `date_updated`, `user_updated`) VALUES
(1, '1st June 2015 - 31 May 2016', 1433095200, 1464717599, '1st June 2015 - 31 May 2016', 'Active', 99, 1456554075, 1, NULL, NULL);

-- --------------------------------------------------------

--
-- Table structure for table `ems_basic_setup_vcolors`
--

CREATE TABLE IF NOT EXISTS `ems_basic_setup_vcolors` (
  `id` int(11) NOT NULL,
  `name` varchar(255) DEFAULT NULL,
  `days` int(11) NOT NULL,
  `color_code` varchar(20) NOT NULL,
  `status` varchar(11) NOT NULL DEFAULT 'Active',
  `date_created` int(11) NOT NULL,
  `user_created` int(11) NOT NULL,
  `date_updated` int(11) DEFAULT NULL,
  `user_updated` int(11) DEFAULT NULL
) ENGINE=InnoDB AUTO_INCREMENT=5 DEFAULT CHARSET=utf8;

--
-- Dumping data for table `ems_basic_setup_vcolors`
--

INSERT INTO `ems_basic_setup_vcolors` (`id`, `name`, `days`, `color_code`, `status`, `date_created`, `user_created`, `date_updated`, `user_updated`) VALUES
(1, 'Out Of Range', -365, '#FF0000', 'Active', 1459012027, 1, NULL, NULL),
(2, 'Peak', 0, '#08FC00', 'Active', 1459153419, 2, 1459223391, 2),
(3, 'Before Start ', -15, '#F9FC50', 'Active', 1459153458, 2, 1459223410, 2),
(4, 'Off Peak', 20, '#F78EFF', 'Active', 1459153497, 2, 1459223365, 2);

-- --------------------------------------------------------

--
-- Table structure for table `ems_basic_setup_warehouse`
--

CREATE TABLE IF NOT EXISTS `ems_basic_setup_warehouse` (
  `id` int(11) NOT NULL,
  `name` varchar(255) NOT NULL,
  `capacity` float NOT NULL,
  `address` text,
  `status` varchar(11) NOT NULL DEFAULT 'Active',
  `ordering` tinyint(4) NOT NULL DEFAULT '99',
  `date_created` int(11) NOT NULL DEFAULT '0',
  `user_created` int(11) NOT NULL DEFAULT '0',
  `date_updated` int(11) DEFAULT NULL,
  `user_updated` int(11) DEFAULT NULL
) ENGINE=InnoDB AUTO_INCREMENT=4 DEFAULT CHARSET=utf8;

--
-- Dumping data for table `ems_basic_setup_warehouse`
--

INSERT INTO `ems_basic_setup_warehouse` (`id`, `name`, `capacity`, `address`, `status`, `ordering`, `date_created`, `user_created`, `date_updated`, `user_updated`) VALUES
(1, 'Head Office', 10000000, 'Aftabnagar, Dhaka', 'Active', 1, 1456547466, 1, 1456977667, 2),
(3, 'Siddique Bazar', 100000000, 'Siddique Bazar, Dhaka', 'Active', 2, 1456547846, 1, 1456977683, 2);

-- --------------------------------------------------------

--
-- Table structure for table `ems_basic_setup_warehouse_crops`
--

CREATE TABLE IF NOT EXISTS `ems_basic_setup_warehouse_crops` (
  `id` int(11) NOT NULL,
  `crop_id` int(11) NOT NULL,
  `warehouse_id` int(11) NOT NULL,
  `revision` int(4) NOT NULL DEFAULT '1',
  `date_created` int(11) NOT NULL DEFAULT '0',
  `user_created` int(11) NOT NULL DEFAULT '0'
) ENGINE=InnoDB AUTO_INCREMENT=25 DEFAULT CHARSET=utf8;

--
-- Dumping data for table `ems_basic_setup_warehouse_crops`
--

INSERT INTO `ems_basic_setup_warehouse_crops` (`id`, `crop_id`, `warehouse_id`, `revision`, `date_created`, `user_created`) VALUES
(1, 1, 1, 1, 1456977667, 2),
(2, 2, 1, 1, 1456977667, 2),
(3, 3, 1, 1, 1456977667, 2),
(4, 4, 1, 1, 1456977667, 2),
(5, 5, 1, 1, 1456977667, 2),
(6, 6, 1, 1, 1456977667, 2),
(7, 10, 1, 1, 1456977667, 2),
(8, 11, 1, 1, 1456977667, 2),
(9, 12, 1, 1, 1456977667, 2),
(10, 13, 1, 1, 1456977667, 2),
(11, 14, 1, 1, 1456977667, 2),
(12, 15, 1, 1, 1456977667, 2),
(13, 16, 1, 1, 1456977667, 2),
(14, 17, 1, 1, 1456977667, 2),
(15, 18, 1, 1, 1456977667, 2),
(16, 19, 1, 1, 1456977667, 2),
(17, 20, 1, 1, 1456977667, 2),
(18, 23, 1, 1, 1456977667, 2),
(19, 25, 1, 1, 1456977667, 2),
(20, 26, 1, 1, 1456977667, 2),
(21, 27, 1, 1, 1456977667, 2),
(22, 21, 3, 1, 1456977683, 2),
(23, 22, 3, 1, 1456977683, 2),
(24, 24, 3, 1, 1456977683, 2);

-- --------------------------------------------------------

--
-- Table structure for table `ems_crops`
--

CREATE TABLE IF NOT EXISTS `ems_crops` (
  `id` int(11) NOT NULL,
  `name` varchar(255) NOT NULL,
  `description` text,
  `status` varchar(11) NOT NULL DEFAULT 'Active',
  `ordering` int(11) NOT NULL DEFAULT '99',
  `date_created` int(11) NOT NULL DEFAULT '0',
  `user_created` int(11) NOT NULL DEFAULT '0',
  `date_updated` int(11) DEFAULT NULL,
  `user_updated` int(11) DEFAULT NULL
) ENGINE=InnoDB AUTO_INCREMENT=28 DEFAULT CHARSET=utf8;

--
-- Dumping data for table `ems_crops`
--

INSERT INTO `ems_crops` (`id`, `name`, `description`, `status`, `ordering`, `date_created`, `user_created`, `date_updated`, `user_updated`) VALUES
(1, 'Cauliflower', '', 'Active', 1, 1456230906, 1, NULL, NULL),
(2, 'Cabbage', '', 'Active', 2, 1456230906, 1, NULL, NULL),
(3, 'Kohlrabi', '', 'Active', 3, 1456230906, 1, NULL, NULL),
(4, 'Broccoli', '', 'Active', 40, 1456230906, 1, NULL, NULL),
(5, 'Chinese Cabbage', '', 'Active', 47, 1456230906, 1, NULL, NULL),
(6, 'Pak Choi', '', 'Active', 48, 1456230906, 1, NULL, NULL),
(7, 'Turnip', '', 'In-Active', 64, 1456230906, 1, NULL, NULL),
(8, 'Beet Root', '', 'In-Active', 60, 1456230906, 1, NULL, NULL),
(9, 'Spinach', '', 'In-Active', 62, 1456230906, 1, NULL, NULL),
(10, 'Tomato', '', 'Active', 12, 1456230906, 1, NULL, NULL),
(11, 'Chilli', '', 'Active', 13, 1456230906, 1, NULL, NULL),
(12, 'Brinjal', '', 'Active', 14, 1456230906, 1, NULL, NULL),
(13, 'Cucumber', '', 'Active', 15, 1456230906, 1, NULL, NULL),
(14, 'Bitter Gourd', '', 'Active', 17, 1456230906, 1, NULL, NULL),
(15, 'Bottle Gourd', '', 'Active', 19, 1456230906, 1, NULL, NULL),
(16, 'Ridge Gourd', '', 'Active', 20, 1456230906, 1, NULL, NULL),
(17, 'Snake Gourd', '', 'Active', 22, 1456230906, 1, NULL, NULL),
(18, 'Wax Gourd', '', 'Active', 24, 1456230906, 1, NULL, NULL),
(19, 'Sponge Gourd', '', 'Active', 26, 1456230906, 1, NULL, NULL),
(20, 'Pumpkin', '', 'Active', 27, 1456230906, 1, NULL, NULL),
(21, 'Radish', '', 'Active', 30, 1456230906, 1, NULL, NULL),
(22, 'Carrot', '', 'Active', 32, 1456230906, 1, NULL, NULL),
(23, 'Okra', '', 'Active', 33, 1456230906, 1, NULL, NULL),
(24, 'Coriander', '', 'Active', 35, 1456230906, 1, NULL, NULL),
(25, 'Watermelon', '', 'Active', 37, 1456230906, 1, NULL, NULL),
(26, 'Papaya', '', 'Active', 39, 1456230906, 1, NULL, NULL),
(27, 'Onion', '', 'Active', 50, 1456230906, 1, NULL, NULL);

-- --------------------------------------------------------

--
-- Table structure for table `ems_crop_types`
--

CREATE TABLE IF NOT EXISTS `ems_crop_types` (
  `id` int(11) NOT NULL,
  `crop_id` int(11) NOT NULL,
  `name` varchar(255) NOT NULL,
  `description` text,
  `status` varchar(11) NOT NULL DEFAULT 'Active',
  `ordering` int(11) NOT NULL DEFAULT '99',
  `date_created` int(11) NOT NULL DEFAULT '0',
  `user_created` int(11) NOT NULL DEFAULT '0',
  `date_updated` int(11) DEFAULT NULL,
  `user_updated` int(11) DEFAULT NULL
) ENGINE=InnoDB AUTO_INCREMENT=64 DEFAULT CHARSET=utf8;

--
-- Dumping data for table `ems_crop_types`
--

INSERT INTO `ems_crop_types` (`id`, `crop_id`, `name`, `description`, `status`, `ordering`, `date_created`, `user_created`, `date_updated`, `user_updated`) VALUES
(1, 1, 'Early', '', 'Active', 1, 1456237606, 1, NULL, NULL),
(2, 1, 'Mid', '', 'Active', 2, 1456237606, 1, NULL, NULL),
(3, 1, 'Late', '', 'Active', 3, 1456237606, 1, NULL, NULL),
(4, 2, 'Early', '', 'Active', 1, 1456237606, 1, NULL, NULL),
(5, 2, 'Late', '', 'Active', 2, 1456237606, 1, NULL, NULL),
(6, 3, 'Early', '', 'Active', 1, 1456237606, 1, NULL, NULL),
(7, 3, 'Late', '', 'Active', 2, 1456237606, 1, NULL, NULL),
(8, 4, 'Early', '', 'Active', 1, 1456237606, 1, NULL, NULL),
(9, 4, 'Late', '', 'Active', 2, 1456237606, 1, NULL, NULL),
(10, 5, 'Leafy', '', 'Active', 1, 1456237606, 1, NULL, NULL),
(11, 5, 'Head', '', 'Active', 2, 1456237606, 1, NULL, NULL),
(12, 6, 'Pak Choi', '', 'Active', 1, 1456237606, 1, NULL, NULL),
(13, 7, 'Purple Neck', '', 'Active', 1, 1456237606, 1, NULL, NULL),
(14, 7, 'White', '', 'Active', 2, 1456237606, 1, NULL, NULL),
(15, 8, 'Beet Root', '', 'Active', 1, 1456237606, 1, NULL, NULL),
(16, 9, 'Western', '', 'Active', 1, 1456237606, 1, NULL, NULL),
(17, 9, 'Mustard (Komatsuna)', '', 'Active', 2, 1456237606, 1, NULL, NULL),
(18, 10, 'Acidic', '', 'Active', 1, 1456237606, 1, NULL, NULL),
(19, 10, 'Square Round', '', 'Active', 2, 1456237606, 1, NULL, NULL),
(20, 10, 'Egg Shape', '', 'Active', 3, 1456237606, 1, NULL, NULL),
(21, 10, 'Roma', '', 'Active', 4, 1456237606, 1, NULL, NULL),
(22, 11, 'Green', '', 'Active', 1, 1456237606, 1, NULL, NULL),
(23, 11, 'Light Green', '', 'Active', 2, 1456237606, 1, NULL, NULL),
(24, 11, 'Upright', '', 'Active', 3, 1456237606, 1, NULL, NULL),
(25, 11, 'Others', '', 'Active', 4, 1456237606, 1, NULL, NULL),
(26, 12, 'Green', '', 'Active', 1, 1456237606, 1, NULL, NULL),
(27, 12, 'Purple', '', 'Active', 2, 1456237606, 1, NULL, NULL),
(28, 12, 'Black', '', 'Active', 3, 1456237606, 1, NULL, NULL),
(29, 13, 'Short', '', 'In-Active', 1, 1456237606, 1, NULL, NULL),
(30, 13, 'Medium', '', 'Active', 2, 1456237606, 1, NULL, NULL),
(31, 13, 'Long', '', 'In-Active', 3, 1456237606, 1, NULL, NULL),
(32, 14, 'Short', '', 'Active', 1, 1456237606, 1, NULL, NULL),
(33, 14, 'Medium', '', 'Active', 2, 1456237606, 1, NULL, NULL),
(34, 14, 'Long', '', 'Active', 3, 1456237606, 1, NULL, NULL),
(35, 15, 'Green', '', 'Active', 1, 1456237606, 1, NULL, NULL),
(36, 15, 'Light Green', '', 'Active', 2, 1456237606, 1, NULL, NULL),
(37, 16, 'Short', '', 'In-Active', 1, 1456237606, 1, NULL, NULL),
(38, 16, 'Medium', '', 'Active', 2, 1456237606, 1, NULL, NULL),
(39, 16, 'Long', '', 'Active', 3, 1456237606, 1, NULL, NULL),
(40, 17, 'Green', '', 'Active', 1, 1456237606, 1, NULL, NULL),
(41, 17, 'Light Green', '', 'Active', 2, 1456237606, 1, NULL, NULL),
(42, 18, 'Green', '', 'Active', 1, 1456237606, 1, NULL, NULL),
(43, 18, 'Light Green', '', 'Active', 2, 1456237606, 1, NULL, NULL),
(44, 19, 'Green', '', 'Active', 1, 1456237606, 1, NULL, NULL),
(45, 19, 'Light Green', '', 'Active', 2, 1456237606, 1, NULL, NULL),
(46, 20, 'Dark Green', '', 'Active', 1, 1456237606, 1, NULL, NULL),
(47, 20, 'Spotted', '', 'Active', 2, 1456237606, 1, NULL, NULL),
(48, 21, 'OP', '', 'Active', 1, 1456237606, 1, NULL, NULL),
(49, 21, 'Hybrid', '', 'Active', 2, 1456237606, 1, NULL, NULL),
(50, 22, 'Kuroda', '', 'Active', 1, 1456237606, 1, NULL, NULL),
(51, 22, 'Nantes', '', 'Active', 2, 1456237606, 1, NULL, NULL),
(52, 23, 'Hybrid', '', 'Active', 1, 1456237606, 1, NULL, NULL),
(53, 24, 'Fast Bolting', '', 'In-Active', 1, 1456237606, 1, NULL, NULL),
(54, 24, 'Slow Bolting', '', 'Active', 2, 1456237606, 1, NULL, NULL),
(55, 25, 'Dragon', '', 'Active', 2, 1456237606, 1, NULL, NULL),
(56, 25, 'Black', '', 'Active', 3, 1456237606, 1, NULL, NULL),
(57, 25, 'Charleston', '', 'Active', 1, 1456237606, 1, NULL, NULL),
(58, 25, 'Ice Box', '', 'Active', 4, 1456237606, 1, NULL, NULL),
(59, 26, 'Round', '', 'Active', 1, 1456237606, 1, NULL, NULL),
(60, 26, 'Long', '', 'Active', 2, 1456237606, 1, NULL, NULL),
(61, 27, 'Short Days', '', 'Active', 2, 1456237606, 1, NULL, NULL),
(62, 27, 'Bunching', '', 'Active', 1, 1456237606, 1, NULL, NULL),
(63, 23, 'OP', '', 'Active', 2, 1456237606, 1, NULL, NULL);

-- --------------------------------------------------------

--
-- Table structure for table `ems_csetup_customers`
--

CREATE TABLE IF NOT EXISTS `ems_csetup_customers` (
  `id` int(11) NOT NULL,
  `name` varchar(255) NOT NULL,
  `district_id` int(11) NOT NULL,
  `customer_code` varchar(50) DEFAULT NULL,
  `credit_limit` double NOT NULL DEFAULT '500000',
  `name_owner` varchar(255) DEFAULT NULL,
  `name_market` varchar(255) DEFAULT NULL,
  `address` text,
  `phone` varchar(255) DEFAULT NULL,
  `email` varchar(255) DEFAULT NULL,
  `status_agreement` varchar(255) DEFAULT 'Not Done',
  `status` varchar(11) NOT NULL DEFAULT 'Active',
  `ordering` tinyint(4) NOT NULL DEFAULT '99',
  `date_created` int(11) NOT NULL DEFAULT '0',
  `user_created` int(11) NOT NULL DEFAULT '0',
  `date_updated` int(11) DEFAULT NULL,
  `user_updated` int(11) DEFAULT NULL,
  `old_cs_id` int(11) DEFAULT NULL
) ENGINE=InnoDB AUTO_INCREMENT=174 DEFAULT CHARSET=utf8;

--
-- Dumping data for table `ems_csetup_customers`
--

INSERT INTO `ems_csetup_customers` (`id`, `name`, `district_id`, `customer_code`, `credit_limit`, `name_owner`, `name_market`, `address`, `phone`, `email`, `status_agreement`, `status`, `ordering`, `date_created`, `user_created`, `date_updated`, `user_updated`, `old_cs_id`) VALUES
(1, 'Pabna Beej Bhandar', 48, 'PP122', 500000, 'Md. Salim Hossain', NULL, 'Bus Terminal, Pauroshava. Pabna  ', '01711303012', '', 'Done', 'Active', 1, 1459526986, 1, NULL, NULL, 1),
(2, 'Krishi Biplop Seeds', 55, 'KR138', 500000, 'Md. Masud Rana', NULL, 'Poura Bazar, Rangpur.', '01712103437', '', 'Done', 'Active', 2, 1459526986, 1, NULL, NULL, 2),
(3, 'Himel Beejagar', 32, 'HL139', 500000, 'Md. Ruhul Amin', NULL, 'Goshala Bazar, Lalmonirhat', '01712294356', '', 'Done', 'Active', 3, 1459526986, 1, NULL, NULL, 3),
(4, 'Krishi Beej Bhandar', 14, 'KD140', 500000, 'Md. Golam Mostafa', NULL, 'Station Road, Dinajpur', '01819823410', '', 'Done', 'Active', 4, 1459526986, 1, NULL, NULL, 4),
(5, 'Nilphamari Seed Store', 64, 'NN141', 500000, 'Md. Amjad Hossain', NULL, 'Bazar Moszid, Nilphamari.', '01734124175', '', 'Done', 'Active', 5, 1459526986, 1, NULL, NULL, 5),
(6, 'Al Amin Beej Bhandar', 63, 'AT142', 500000, 'Md. Tajul Islam', NULL, 'Kalibari Bazar, Thakurgaon', '01716749731', '', 'Done', 'Active', 6, 1459526986, 1, NULL, NULL, 6),
(7, 'Surjo Seed Store', 49, 'SP143', 500000, 'Azhar Ali Raju', NULL, 'Banik Somiti Road, Panchagarh.', '01712622543', '', 'Done', 'Active', 7, 1459526986, 1, NULL, NULL, 7),
(8, 'Pintu Beej Bhandar', 6, 'PB016', 500000, 'Sree Motilal Sarker', NULL, 'Dhonut Road(Madrasa Gate) Sherpur. Bogra', '01716297432', '', 'Done', 'Active', 8, 1459526986, 1, NULL, NULL, 8),
(9, 'Shah Nagar Nursery Group', 6, 'SB017', 500000, 'Md. Uzzal Hossain ', NULL, 'Shah Nagar, Majhira. Bogra', '01713770510', '', 'Done', 'Active', 9, 1459526986, 1, NULL, NULL, 9),
(10, 'Emon Beej Bhandar', 66, 'EB020', 500000, 'Md. Yunus Ali Pramanik', '', 'Mokamtala, Shibgonj, Bogra', '01945657466', '', 'Active', 'Active', 10, 1459526986, 1, 1459738418, 2, 10),
(11, 'Bismillah Beej Bhandar', 67, 'BN021', 500000, 'Md. Moksedul Islam', '', '1 no Rail Gate, Mini Bus Stand. Santahar, Nowgaon', '01713090957', '', 'Active', 'Active', 11, 1459526986, 1, 1459737998, 2, 11),
(12, 'Mehedi Seed Store', 52, 'MR123', 500000, 'Md. Motiur Rahman Emon', NULL, 'Nowhata Bazar, Poba, Rajshahi.', '01743949036', '', 'Done', 'Active', 12, 1459526986, 1, NULL, NULL, 12),
(13, 'Dhaka Beej Bhandar', 58, 'DS124', 500000, 'Md. Mamunul Islam Pappu', NULL, 'M A Matin Sharak, Sirajgonj', '01711021236', '', 'Done', 'Active', 13, 1459526986, 1, NULL, NULL, 13),
(14, 'Rupa Beej Bhandar', 44, 'RN125', 500000, 'Zahirul Islam', NULL, 'Harispur Baipass More. Natore.  ', '01713765039', '', 'Done', 'Active', 14, 1459526986, 1, NULL, NULL, 14),
(15, 'Green Valley Agro Seeds', 10, 'GC093', 500000, 'S M Shahabuddin Poltu', NULL, 'Boro Bazar, Chuadanga', '01711325084', '', 'Done', 'Active', 15, 1459526986, 1, NULL, NULL, 15),
(16, 'Chowgacha Beej Bhandar', 36, 'CM094', 500000, 'Md. Hasan Ali', NULL, 'Gangni Bazar, Gangni. Meherpur.', '01711464905', '', 'Not Done', 'Active', 16, 1459526986, 1, NULL, NULL, 16),
(17, 'Jashim Beej Bhandar', 30, 'JK095', 500000, 'Md. Jashim Uddin Khan', NULL, 'College Road, Court Para, Kushtia.', '01713917559', '', 'Not Done', 'Active', 17, 1459526986, 1, NULL, NULL, 17),
(18, 'Tarun Krishi Bhandar', 15, 'TF096', 500000, 'Tarun Kumar Dutta', NULL, 'Helli Port Bazar, Faridpur', '01718259427', '', 'Done', 'Active', 18, 1459526986, 1, NULL, NULL, 18),
(19, 'Rashed Beej Bhandar', 25, 'RJ097', 500000, 'Md. Rashedul Islam', NULL, 'Hatkhola Road,  Jhenaidah', '01712377097', '', 'Not Done', 'Active', 19, 1459526986, 1, NULL, NULL, 19),
(20, 'Jafar Beej Bhandar', 25, 'JJ089', 500000, 'Md. Abu Jafar', NULL, 'Kaligonj Bus Stand, Jhenaidah', '01715082930', '', 'Done', 'Active', 20, 1459526986, 1, NULL, NULL, 20),
(21, 'Habib Seed Store', 23, 'HJ077', 500000, 'Md. Habibur Rahman', NULL, 'Narail Road, Jessore', '01711841544', '', 'Done', 'Active', 21, 1459526986, 1, NULL, NULL, 21),
(22, 'Captain Seed House', 27, 'CK080', 500000, 'Sheikh Abdul Aziz', NULL, '7, West Mekot Road, Boro Bazar, Khulna', '01920182257', '', 'Not Done', 'Active', 22, 1459526986, 1, NULL, NULL, 22),
(23, 'Sonamoni Beej Bhandar', 27, 'SK081', 500000, 'Hasan Masudur Rahman Shohag', NULL, 'Chuknagar, Dumuria, Khulna', '01715836940', '', 'Not Done', 'Active', 23, 1459526986, 1, NULL, NULL, 23),
(24, 'Nahid Beej Bhandar', 1, 'NB001', 500000, 'Kazi Osman', NULL, 'Fakir Hat Bazar, Bagherhat.', '01718632751', '', 'Done', 'Active', 24, 1459526986, 1, NULL, NULL, 24),
(25, 'Satkhira Seed House', 57, 'SS082', 500000, 'Sheikh Mukular Rahman', NULL, 'Sultanpur Boro Bazar, Satkhira', '01715167200', '', 'Done', 'Active', 25, 1459526986, 1, NULL, NULL, 25),
(26, 'New Barisal Beej Bhandar', 4, 'NB003', 500000, 'Gobindo Saha Gopi', NULL, 'Line Road, Barisal', '01711329825', '', 'Done', 'Active', 26, 1459526986, 1, NULL, NULL, 26),
(27, 'Islamia Beej Bhandar', 3, 'IB004', 500000, 'Abu Jafor Md. Saleh', NULL, 'Bangabandhu Sarak, Barguna', '01716211246', '', 'Not Done', 'Active', 27, 1459526986, 1, NULL, NULL, 27),
(28, 'Krishi Ghar ', 50, 'KP006', 500000, 'Md. Mozibor Rahman', NULL, 'Thana Para Road, Patuakhali', '01923644860', '', 'Not Done', 'Active', 28, 1459526986, 1, NULL, NULL, 28),
(29, 'Krishi Ghar', 5, 'KB007', 500000, 'Akbar Hossain Liton', NULL, 'Charfashoin, Bhola', '01716011178', '', 'Done', 'Active', 29, 1459526986, 1, NULL, NULL, 29),
(30, 'Shahin Seed Store', 5, 'SB008', 500000, 'Md. Shahin Matabbar', NULL, 'Lalmohan. Bhola', '01715185827', '', 'Done', 'Active', 30, 1459526986, 1, NULL, NULL, 30),
(31, 'Baitakatha Beej Bhandar', 51, 'BP009', 500000, 'Md. Shah Jamal Hossain', NULL, 'Baitakatha Bazar, Nazirpur, Perojpur.', '01716555551', '', 'Done', 'Active', 31, 1459526986, 1, NULL, NULL, 31),
(32, 'Shimanto Enterprise', 56, 'SS010', 500000, 'Md. Dabir Khan', NULL, 'Ganganagar Bazar, Jazira, Shariatpur.', '01725066481', '', 'Not Done', 'Active', 32, 1459526986, 1, NULL, NULL, 32),
(33, 'Jahangir Beej Bhandar', 16, 'JF047', 500000, 'Md. Hanif Mia', NULL, 'Mohipal, Feni', '01715003962', '', 'Done', 'Active', 33, 1459526986, 1, NULL, NULL, 33),
(34, 'New Sonali Beej Bhandar', 11, 'NC048', 500000, 'Md. Ali Ahmed', NULL, 'Chandina, Comilla', '01819147401', '', 'Done', 'Active', 34, 1459526986, 1, NULL, NULL, 34),
(35, 'Al-Amin Beej Bhandar', 39, 'AM107', 500000, 'Hazi Abdul Latif Hawladar', NULL, '60, Rambabu Road, Notun Bazar, Mymensingh', '01714054545', '', 'Done', 'Active', 36, 1459526986, 1, NULL, NULL, 36),
(36, 'Mozaddedia Beej Bhandar', 59, 'MM108', 500000, 'Abdullah Al Mamun Dewani', NULL, 'Kushumhati Bazar, Sherpur.', '01828180510', '', 'Done', 'Active', 37, 1459526986, 1, NULL, NULL, 37),
(37, 'Amanat Beej Bhandar', 28, 'AK109', 500000, 'Md. Zahir Uddin Ahmed', NULL, 'Station Road, Kishorgonj.', '01711813389', '', 'Done', 'Active', 38, 1459526986, 1, NULL, NULL, 38),
(38, 'Bhairab Beej Bhandar', 28, 'BK110', 500000, 'Md. Jibon Miah ', NULL, 'Hazi Ashmat Ali Bepari road, Bahirab Bazar, Bhairab, Kishorgonj', '01717483830', '', 'Done', 'Active', 39, 1459526986, 1, NULL, NULL, 39),
(39, 'Islam Beej Bhandar', 60, 'IS153', 500000, 'Deen Islam', NULL, 'Mitali Mansion, Station Road, Sunamganj.', '01818107355', '', 'Done', 'Active', 40, 1459526986, 1, NULL, NULL, 40),
(40, 'Azad Beej Ghar', 69, 'AS154', 500000, 'Md. Badrul Alam Azad', '', 'Islam Mansion, Kadamtoli, Sylhet.', '01712912888', '', 'Active', 'Active', 41, 1459526986, 1, 1459735909, 2, 41),
(41, 'Sreemangal Seed House', 37, 'SM155', 500000, 'Md. Almas Khan', NULL, 'Jobeda & Jobel Menshan, Puran Bazar, Sreemangal', '01711104059', '', 'Not Done', 'Active', 42, 1459526986, 1, NULL, NULL, 42),
(42, 'Bismillah Beej Bhandar ', 7, 'BB156', 500000, 'Md. Helim Miah', NULL, 'Jagat Bazar, B-Baria.', '01715497426', '', 'Done', 'Active', 43, 1459526986, 1, NULL, NULL, 43),
(43, 'Shahid Agro Seed Farm', 9, 'SC031', 500000, 'Md. Shahidul Islam', NULL, 'Cinema Palace, Nabi Market. Chittagong.', '01713090966', '', 'Done', 'Active', 44, 1459526986, 1, NULL, NULL, 44),
(44, 'Rafi Seed House', 13, 'RD062', 500000, 'Md. Jwel Hossain', NULL, 'Savar Nama Bazar. Dhaka', '01686057825', '', 'Done', 'Active', 45, 1459526986, 1, NULL, NULL, 45),
(45, 'Sohag Beej Bhandar', 13, 'SD063', 500000, 'Khorshed Alom Bisha', NULL, 'Kalampur Bazar, Kalampur, Dhamrai.', '01711242029', '', 'Not Done', 'Active', 46, 1459526986, 1, NULL, NULL, 46),
(46, 'Hazrat Beej Bhandar', 35, 'HM064', 500000, 'Md. Hazrat Ali', NULL, 'Tin potti, Manikgonj.', '01712264300', '', 'Done', 'Active', 47, 1459526986, 1, NULL, NULL, 47),
(47, 'Rajia Seed Store', 38, 'RM065', 500000, 'Md. Mozibor Rahman Dewan', NULL, 'Dhalagaon Bazar, Rampal. Munsigonj', '01712543598', '', 'Done', 'Active', 48, 1459526986, 1, NULL, NULL, 48),
(48, 'Manik Seed Company', 13, 'MD066', 500000, 'Sharif Hasan Manik', NULL, '145, Siddik Bazar, Dhaka', '01715455810', '', 'Done', 'Active', 49, 1459526986, 1, NULL, NULL, 49),
(49, 'Ripa Seed Company', 13, 'RD067', 500000, 'Golam Kabir Chunnu', NULL, '174, Siddik Bazar, Dhaka', '01711548326', '', 'Done', 'Active', 50, 1459526986, 1, NULL, NULL, 50),
(50, 'City Beej Bhandar', 23, 'CJ078', 500000, 'Sheikh Altaf Hossain', NULL, 'Dhaka Road, Old Bus Stand, Jessore', '01711131266', '', 'Not Done', 'Active', 52, 1459526986, 1, NULL, NULL, 52),
(51, 'Liza Traders', 23, 'LJ079', 500000, 'M A Hakim Khan', NULL, 'Noapara, Jessore', '01716657819', '', 'Not Done', 'Active', 53, 1459526986, 1, NULL, NULL, 53),
(52, 'Sabuj Beej Bhandar', 8, 'SC049', 500000, 'Abdus Sattar Khan', NULL, 'Babur Hat, Chandpur', '01712262899', '', 'Not Done', 'Active', 54, 1459526986, 1, NULL, NULL, 54),
(53, 'Rawshan Shah Seeds Co. ', 48, 'RP128', 500000, 'Md. Abdul Halim', NULL, 'Tebunia, Pabna', '01716895372', '', 'Not Done', 'Active', 55, 1459526986, 1, NULL, NULL, 55),
(54, 'Palash Beej Bhandar', 58, 'PS126', 500000, 'Sameer Chandra Dutta', NULL, 'Chandaikona, Raigonj, Sirajgonj', '01719538104', '', 'Not Done', 'Active', 56, 1459526986, 1, NULL, NULL, 56),
(55, 'Umarpur Nursery', 52, 'UR127', 500000, 'Md. Shahidul Islam', NULL, 'Nowdapara, Rajshahi', '01712278246', '', 'Not Done', 'Active', 57, 1459526986, 1, NULL, NULL, 57),
(56, 'Rangpur Seed Store', 55, 'RR144', 500000, 'Md. Jewel Hossain', NULL, 'Poura Bazar, Rangpur', '01712543598', '', 'Not Done', 'Active', 58, 1459526986, 1, NULL, NULL, 58),
(57, 'Krishi Upakaran', 22, 'KJ111', 500000, 'Md. Abdur Rashid Chand', NULL, 'Station Road, Jamalpur', '01711647525', '', 'Not Done', 'Active', 59, 1459526986, 1, NULL, NULL, 59),
(58, 'Rajshahi Beej Bhandar', 52, 'RR129', 500000, 'Abdur Razzak Bishwash', NULL, 'Nowdapara, Rajshahi', '01748963897', '', 'Not Done', 'Active', 60, 1459526986, 1, NULL, NULL, 60),
(59, 'Khokon Enterprise', 66, 'KB022', 500000, 'Md. Zulfikar Rahman Khokon', '', 'Godawn Road, Mokamtala, Bogra', '01711165351', '', 'In-Active', 'Active', 61, 1459526986, 1, 1459739352, 2, 61),
(60, 'Islamia Beej Bhandar', 17, 'IG023', 500000, 'Md. Azharul Islam', NULL, 'Station Road, Gaibandha', '01712950101', '', 'Not Done', 'Active', 62, 1459526986, 1, NULL, NULL, 62),
(61, 'Aziz Beej Bhandar', 52, 'AR130', 500000, 'Md. Abdul Aziz', NULL, 'Keshorehat, Mohonpur, Rajshahi', '01718057498', '', 'Not Done', 'Active', 63, 1459526986, 1, NULL, NULL, 63),
(62, 'Bhai Bhai Beej Bhandar', 48, 'BP131', 500000, 'Md. Emdadul Haque', NULL, 'Kashinathpur, Pabna', '01716727385', '', 'Not Done', 'Active', 64, 1459526986, 1, NULL, NULL, 64),
(63, 'Raihan Beej Bhandar', 21, 'RJ024', 500000, 'Md. Belal Hossain', NULL, 'Jamalgonj Road, Joypurhat', '01711062891', '', 'Not Done', 'Active', 65, 1459526986, 1, NULL, NULL, 65),
(64, 'Anik Traders', 19, 'AG002', 500000, 'Bishnu Pada Bishwash', NULL, 'Natun Bazar, Gopalgonj', '01711235585', '', 'Not Done', 'Active', 66, 1459526986, 1, NULL, NULL, 66),
(65, 'Faruque Beej Bhandar', 48, 'FP132', 500000, 'A R Faruque', NULL, 'Dashuria, Ishwardi, Pabna', '01711574494', '', 'Not Done', 'Active', 67, 1459526986, 1, NULL, NULL, 67),
(66, 'Adhunik Beej Bhandar', 28, 'AK112', 500000, 'Md. Kabir Hossain', NULL, 'Pirijpur Bazar, Bazitpur, Kishoregonj', '01715228694', '', 'Not Done', 'Active', 68, 1459526986, 1, NULL, NULL, 68),
(67, 'Mayer Doa Beej Bhandar', 39, 'MM113', 500000, 'Md. Fakhruddin', NULL, 'Fulpur, Mymensingh', '01726185746', '', 'Not Done', 'Active', 69, 1459526986, 1, NULL, NULL, 69),
(68, 'Khan Beej Bhandar', 51, 'KP011', 500000, 'Md. Sirajul Haque Khan', NULL, 'Sadar Road, Mothbaria, Pirojpur', '01727577708', '', 'Not Done', 'Active', 70, 1459526986, 1, NULL, NULL, 70),
(69, 'Mollah Seed Enterprise', 71, 'MJ083', 500000, 'Md. Ashikul Islam', '', 'Arpara Bazar, Shalikha, Magura', '01714850763', '', 'In-Active', 'Active', 71, 1459526986, 1, 1459741117, 2, 71),
(70, 'Allahar Dan Beejagar', 23, 'AJ084', 500000, 'Md. Shahadat Hossain', NULL, 'Jhikorgacha Bazar, Jessore', '01716493240', '', 'Not Done', 'Active', 72, 1459526986, 1, NULL, NULL, 72),
(71, 'Sumaiya Seed Fare', 27, 'SK085', 500000, 'Md. Jahangir Hossain', NULL, 'Kalibari Road, Khulna', '01793004571', '', 'Not Done', 'Active', 73, 1459526986, 1, NULL, NULL, 73),
(72, 'Ufshi Beej Bhandar', 65, 'UC032', 500000, 'Md. Abul Boshar', NULL, 'Poduar Bazar, Lohagora, Chittagong', '01716528560', '', 'Not Done', 'Active', 74, 1459526986, 1, NULL, NULL, 74),
(73, 'Kushtia Seed Store', 30, 'KK099', 500000, 'Md. Fakhrul Islam Siddique', NULL, 'College More, Court Para, Kushtia', '01711211578', '', 'Not Done', 'Active', 75, 1459526986, 1, NULL, NULL, 75),
(74, 'Samad & Brothers', 62, 'ST068', 500000, 'Md. Abdus Samad', NULL, 'Pouroshava Road, Dhonbari, Tangail', '01713541939', '', 'Not Done', 'Active', 76, 1459526986, 1, NULL, NULL, 76),
(75, 'Tareque Seed Store', 9, 'TC033', 500000, 'Md. Moinuddin Ahmed', NULL, 'Nabi Market, Cinema Palace, Chittagong', '01819083018', '', 'Not Done', 'Active', 77, 1459526986, 1, NULL, NULL, 77),
(76, 'Rafique Enterprise', 1, 'RB012', 500000, 'Md. Rafiqul Islam', NULL, 'Gazalia Bazar, Kachua, Bagerhat', '01714779830', '', 'Not Done', 'Active', 78, 1459526986, 1, NULL, NULL, 78),
(77, 'Kanaighat Beej Bhandar', 61, 'KS157', 500000, 'Md. Abdul Momin', NULL, 'Kanaighat, Sylhet', '01732241098', '', 'Not Done', 'Active', 79, 1459526986, 1, NULL, NULL, 79),
(78, 'Karnaphuli Beej Bhandar', 9, 'KC034', 500000, 'Md. Rafique Ahmed', NULL, 'KC Dey Road, Chittagong', '01711861395', '', 'Not Done', 'Active', 80, 1459526986, 1, NULL, NULL, 80),
(79, 'Chashi Beej Bhandar', 11, 'CC050', 500000, 'Md. Saddam Hossain', NULL, 'Chalk Bazar, Comilla', '01817098304', '', 'Not Done', 'Active', 81, 1459526986, 1, NULL, NULL, 81),
(80, 'Fazle Rabbi Beej Bhandar', 47, 'FN051', 500000, 'Md. Fazle Rabbi', NULL, 'Subarnachar, Noakhali', '01918435989', '', 'Not Done', 'Active', 82, 1459526986, 1, NULL, NULL, 82),
(81, 'Ruposhi Beej Bhandar', 68, 'RS133', 500000, 'Md. Ali Ashraf', '', 'Ullapara, Sirajgonj', '01712045005', '', 'In-Active', 'Active', 83, 1459526986, 1, 1459739866, 2, 83),
(82, 'New Seed Company', 8, 'NC052', 500000, 'Md. Mizanur Rahman', NULL, 'Railway Hawkers Market, Chandpur', '01712114308', '', 'Not Done', 'Active', 84, 1459526986, 1, NULL, NULL, 84),
(83, 'Lucky Beej Bhandar', 14, 'LD145', 500000, 'Md. Shahidul Islam', NULL, 'Birgonj, Dinajpur', '01712512234', '', 'Not Done', 'Active', 85, 1459526986, 1, NULL, NULL, 85),
(84, 'Bithi Seed Store', 62, 'BT069', 500000, 'Md Belal Hossain', NULL, 'Modhupur, Tangail', '01711578279', '', 'Not Done', 'Active', 86, 1459526986, 1, NULL, NULL, 86),
(85, 'Masud Traders', 31, 'ML053', 500000, 'Md Masud ', NULL, 'Mach Bazar Road, Laxmipur', '01743945561', '', 'Not Done', 'Active', 87, 1459526986, 1, NULL, NULL, 87),
(86, 'Maa Farin Seed Company', 11, 'MC054', 500000, 'M Bablu', NULL, 'Cantonment, Moynamoti, Comilla', '01714113239', '', 'Not Done', 'Active', 88, 1459526986, 1, NULL, NULL, 88),
(87, 'Maruf Beej Bhandar', 47, 'MN055', 500000, 'Md. Masud', NULL, 'Sonapur Bazar, Noakhali', '01855220875', '', 'Not Done', 'Active', 89, 1459526986, 1, NULL, NULL, 89),
(88, 'Al-Madina Beej Bitan', 12, 'AC035', 500000, 'Md. Enamul Haque', NULL, 'Chokoria, Cox''s Bazar', '01819645852', '', 'Not Done', 'Active', 90, 1459526986, 1, NULL, NULL, 90),
(89, 'Rifat Beej Bhandar', 59, 'RS114', 500000, 'Md. Alal Hossain', NULL, 'Sreebordi, Sherpur', '01914645758', '', 'Not Done', 'Active', 91, 1459526986, 1, NULL, NULL, 91),
(90, 'Motaleb Beej Bhandar', 59, 'MS115', 500000, 'Md. Abdul Karim', NULL, 'Sadar, Sherpur', '01718356523', '', 'Not Done', 'Active', 92, 1459526986, 1, NULL, NULL, 92),
(91, 'Rabin Beej Bhandar', 20, 'RH158', 500000, 'Md. Abdur Rahim Bapary', NULL, 'Madhabpur Hobigonj', '01719577623', '', 'Not Done', 'Active', 93, 1459526986, 1, NULL, NULL, 93),
(92, 'Bulu Beej Bhandar', 23, 'BJ086', 500000, 'Md. Kamrul Islam', NULL, 'Chowgacha, Jessore', '01712120479', '', 'Not Done', 'Active', 94, 1459526986, 1, NULL, NULL, 94),
(93, 'Krishi Progati & Beej Bhandar', 6, 'KB025', 500000, 'Md. Rejaul Karim', NULL, 'Mahastan Bazar, Bogra', '01740914350', '', 'Not Done', 'Active', 95, 1459526986, 1, NULL, NULL, 95),
(94, 'Ruposhi Beej Bhandar', 9, 'RC036', 500000, 'Md. Jasim Udin', NULL, 'KC Dey Road, Cinema palace, Chittagong', '01813364998', '', 'Not Done', 'Active', 96, 1459526986, 1, NULL, NULL, 96),
(95, 'Janani Beej Bhandar', 26, 'JK037', 500000, 'Mohammad Yusuf', NULL, 'Mosjid Road, Khagrachori', '01715479359', '', 'Not Done', 'Active', 97, 1459526986, 1, NULL, NULL, 97),
(96, 'Khondokar Seed Store', 30, 'KK100', 500000, 'Khondokar Rezwanur Rahman', NULL, 'Bheramara, Kushtia', '01717512543', '', 'Not Done', 'Active', 98, 1459526986, 1, NULL, NULL, 98),
(97, 'Sylhet Beej Ghar-1', 69, 'SS159', 500000, 'Doyamoy Nath', '', 'Zinda Bazar, Sylhet', '01711363256', '', 'In-Active', 'Active', 99, 1459526986, 1, 1459740218, 2, 99),
(98, 'Fakhrul & Brothers', 36, 'FM101', 500000, 'Md. Fakhrul Islam', NULL, 'Kathuli Road, Boro Bazar, Meherpur', '01711966231', '', 'Not Done', 'Active', 100, 1459526986, 1, NULL, NULL, 100),
(99, 'Mollah Beej Bhandar', 15, 'MF102', 500000, 'Md. Isharat Mollah', NULL, 'Boalmari, Faridpur', '01725368975', '', 'Not Done', 'Active', 101, 1459526986, 1, NULL, NULL, 101),
(100, 'Maya Kanon Seeds', 67, 'MN026', 500000, 'Rina Akther', '', 'Angartha, Dhamuirhat, Naugaon', '01712272859', '', 'In-Active', 'Active', 102, 1459526986, 1, 1459738302, 2, 102),
(101, 'Al-Amin Beej Bhandar', 9, 'AC038', 500000, 'Md. Siddiqur Rahman', NULL, 'Sitakundo, Chittagong', '01720047420', '', 'Not Done', 'Active', 103, 1459526986, 1, NULL, NULL, 103),
(102, 'Chokoria Beej Ghar', 12, 'CC039', 500000, 'Md. Shafiqul Islam', NULL, 'Chokoria, Cox''s Bazar', '01816029073', '', 'Not Done', 'Active', 104, 1459526986, 1, NULL, NULL, 104),
(103, 'Krishi Ghar', 29, 'KK146', 500000, 'Md. Shahjahan Ali Babu', NULL, 'Bazar Road, Kurigram', '01711434714', '', 'Not Done', 'Active', 105, 1459526986, 1, NULL, NULL, 105),
(104, 'Aney Enterprise', 10, 'AC103', 500000, 'Md. Mamunur Rahman', NULL, 'Jibon Nagar, Chuadanga', '01713311731', '', 'Not Done', 'Active', 106, 1459526986, 1, NULL, NULL, 106),
(105, 'Ripa Enterprise', 50, 'RP013', 500000, 'Md. Ruhul Amin Hawlader', NULL, 'Golachipa, Patuakhali', '01716538190', '', 'Not Done', 'Active', 107, 1459526986, 1, NULL, NULL, 107),
(106, 'Babul Beej Bhandar', 31, 'BL056', 500000, 'Md. Babul Miah', NULL, 'Ramgonj, Laxmipur', '01715893121', '', 'Not Done', 'Active', 108, 1459526986, 1, NULL, NULL, 108),
(107, 'Krishi Bitan', 5, 'KB014', 500000, 'Md. Monir Hossain', NULL, 'Char Fashion, Bhola', '01716252647', '', 'Not Done', 'Active', 109, 1459526986, 1, NULL, NULL, 109),
(108, 'R K Traders', 9, 'RC040', 500000, 'Gauranga Mohan Das', NULL, 'Mirershorai', '01711819865', '', 'Not Done', 'Active', 110, 1459526986, 1, NULL, NULL, 110),
(109, 'Chandni Beejagar', 6, 'CB027', 500000, 'Md. Tofijar Rahman', NULL, '3 No. Rail Gate, Chata Potti, Bogra', '01711303660', '', 'Not Done', 'Active', 111, 1459526986, 1, NULL, NULL, 111),
(110, 'Angkur Beej Bhandar', 39, 'AM116', 500000, 'Md. Suruzzaman', NULL, 'Natun Bazar, Mymensingh', '01712367514', '', 'Not Done', 'Active', 112, 1459526986, 1, NULL, NULL, 112),
(111, 'Satata Beej Bhandar', 39, 'SM117', 500000, 'Md. Abul Hossain', NULL, 'Seed Store Bazar, Bhaluka, Mymensingh', '01713513076', '', 'Not Done', 'Active', 113, 1459526986, 1, NULL, NULL, 113),
(112, 'Iqbal Traders', 20, 'IH160', 500000, 'Sayed Iqbal Hossain', NULL, 'Station Road, Shayestagonj, Hobigonj', '01711350427', '', 'Not Done', 'Active', 114, 1459526986, 1, NULL, NULL, 114),
(113, 'Rifah Trading', 39, 'RM118', 500000, 'Md. Rafiqul Islam', NULL, 'Hospital Road, Fulbaria, Mymensingh', '01713535620', '', 'Not Done', 'Active', 115, 1459526986, 1, NULL, NULL, 115),
(114, 'Mayer Doa Beej Bhandar', 48, 'MP134', 500000, 'Md. Selim Hossain Sardar', NULL, 'Iswardi, Pabna', '01734061053', '', 'Not Done', 'Active', 116, 1459526986, 1, NULL, NULL, 116),
(115, 'Adorsho Krishi Bhandar ', 45, 'AC135', 500000, 'Md. Asaduzzaman (Babu)', NULL, 'Huzrapur, Station Road, Chapai Nawabgonj', '01716854040', '', 'Not Done', 'Active', 117, 1459526986, 1, NULL, NULL, 117),
(116, 'Sarothi Beej Bitan', 52, 'SR136', 500000, 'Md. Yeasin Ali', NULL, 'Nawdapara, Rajshahi', '01711301312', '', 'Not Done', 'Active', 118, 1459526986, 1, NULL, NULL, 118),
(117, 'Surma Agri Farm', 61, 'SS161', 500000, 'Md. Jubayer Ahmed Chowdhury (Alamgir)', NULL, 'Kaligonj Bazar, Jokigonj, Sylhet', '01731923768', '', 'Not Done', 'Active', 119, 1459526986, 1, NULL, NULL, 119),
(118, 'Shyamol Enterprise', 50, 'SP015', 500000, 'Shyamol Nath', NULL, 'Golachipa, Patuakhali', '01718760659', '', 'Not Done', 'Active', 120, 1459526986, 1, NULL, NULL, 120),
(119, 'Zihad Enterprise', 50, 'ZP091', 500000, 'Mohammad Nasir Uddin', NULL, 'Golachipa, Patuakhali', '01716212375', '', 'Not Done', 'Active', 121, 1459526986, 1, NULL, NULL, 121),
(120, 'Saimon Seed Store', 19, 'SG090', 500000, 'Sushanta Barai ', NULL, 'Kaligonj Bazar, Kotalipara, Gopalgonj', '01713584310', '', 'Not Done', 'Active', 122, 1459526986, 1, NULL, NULL, 122),
(121, 'Manobik Seed Co.', 6, 'MB028', 500000, 'Md Al Kibria', NULL, '3 No. Rail Gate, Kathaltola, Bogra', '01736505240', '', 'Not Done', 'Active', 123, 1459526986, 1, NULL, NULL, 123),
(122, 'Zahid Beej Bhander', 17, 'ZG029', 500000, 'Md. Zahidul Islam', NULL, 'Golapbag, Gobindgonj, Gaibandha', '01712077019', '', 'Not Done', 'Active', 124, 1459526986, 1, NULL, NULL, 124),
(123, 'Mostofa Beej Bhander', 39, 'MM119', 500000, 'Md. Soyod Ali', NULL, 'Amuakanda Bazar, Fulpur, Mymensingh', '01722118524', '', 'Not Done', 'Active', 125, 1459526986, 1, NULL, NULL, 125),
(124, 'Setu Traders', 1, 'SB152', 500000, 'Md. Rezaul Karim', NULL, 'Chitolmari, Bagerhat', '01740593910', '', 'Not Done', 'Active', 126, 1459526986, 1, NULL, NULL, 126),
(125, 'Saidul Seed Store', 14, 'SD147', 500000, 'Md. Saidul Islam', NULL, 'Debigonj Bazar, Chirir Bandar, Dinajpur', '01714256757', '', 'Not Done', 'Active', 127, 1459526986, 1, NULL, NULL, 127),
(126, 'Barak Beej Bhander', 63, 'BT148', 500000, 'Md. Jahangir Kabir', NULL, 'Ranishankoil, Thakurgoun', '01717138558', '', 'Not Done', 'Active', 127, 1459526986, 1, NULL, NULL, 128),
(127, 'Mukul Beej Bhander', 25, 'MJ104', 500000, 'Md. Rafikual Akhtar Mukul', NULL, 'Kotchandpur, Jhenaidah', '01718656574', '', 'Not Done', 'Active', 127, 1459526986, 1, NULL, NULL, 129),
(128, 'Krishi Bhander', 27, 'KK087', 500000, 'Md. Moniruzzaman Sarder', NULL, 'Dumuria Bazar, Khulna', '01712083105', '', 'Not Done', 'Active', 127, 1459526986, 1, NULL, NULL, 130),
(129, 'Kazi Beej Bhander', 52, 'KR137', 500000, 'Kazi Md. Yeahia', NULL, 'Taherpur, Bagmara, Rajshahi', '01712998649', '', 'Not Done', 'Active', 127, 1459526986, 1, NULL, NULL, 131),
(130, 'Zakaria Beej Bhander', 36, 'ZM105', 500000, 'Md. Zakaria', NULL, 'Gangni Bazar, Meherpur', '01719522284', '', 'Not Done', 'Active', 127, 1459526986, 1, NULL, NULL, 132),
(131, 'Mohammad Beej Bhander', 44, 'MN166', 500000, 'Mohammad Ali', NULL, 'Chachkoir, Gurudashpur, Natore', '01716891745', '', 'Not Done', 'Active', 127, 1459526986, 1, NULL, NULL, 133),
(132, 'Rupali Seeds', 50, 'RP151', 500000, 'Md. Tuhin', NULL, 'Thana Para Road, Patuakhali', '01828160289', '', 'Not Done', 'Active', 127, 1459526986, 1, NULL, NULL, 134),
(133, 'Ruposhi Beej Bhander', 10, 'RC106', 500000, 'Md. Ashkar Ali', NULL, 'Andulbaria, Chuadanga', '01718232145', '', 'Done', 'Active', 127, 1459526986, 1, NULL, NULL, 135),
(134, 'Raj International', 35, 'RM070', 500000, 'Md. Abdur Razzak', NULL, 'Purbo Dashra, Manikgonj', '01711837539', '', 'Not Done', 'Active', 127, 1459526986, 1, NULL, NULL, 136),
(135, 'Krishi Biponon Kendro', 14, 'KD149', 500000, 'Ahmad Ali Jewel', NULL, '25 Mile Bazar, Birgonj, Dinajpur\r\n', '01718942565', '', 'Not Done', 'Active', 127, 1459526986, 1, NULL, NULL, 137),
(136, 'Shimul Seeds', 23, 'SJ088', 500000, 'Md. Shimul Hossain', NULL, 'Baganchra Bazar, Sharsha, Jessore\r\n', '01725756811', '', 'Not Done', 'Active', 127, 1459526986, 1, NULL, NULL, 138),
(137, 'Emdad Beej Bhandar', 13, 'ED071', 500000, 'Md. Abdul Awal', NULL, 'Beej Potti, Savar, Dhaka\r\n', '01923795626', '', 'Not Done', 'Active', 127, 1459526986, 1, NULL, NULL, 139),
(138, 'Nasir Beej Bhandar', 62, 'NT072', 500000, 'Md. Ansar Ali', NULL, 'Sadar Road, Battala, Tangail\r\n', '01718155285', '', 'Not Done', 'Active', 127, 1459526986, 1, NULL, NULL, 140),
(139, 'Fate Ali Beej Bhandar', 28, 'FK120', 500000, 'Md. Monir Hossain Monnan', NULL, 'Puran Thana, Kishoregonj\r\n', '01711072562', '', 'Not Done', 'Active', 127, 1459526986, 1, NULL, NULL, 141),
(140, 'Nizam Traders', 9, 'NC041', 500000, 'Md. Nizam Uddin Bhuiyan', NULL, 'Karer Hat, Mirsarai, Chittagong\r\n', '01819335207', '', 'Not Done', 'Active', 127, 1459526986, 1, NULL, NULL, 142),
(141, 'New Super Seed Store', 12, 'NC042', 500000, 'Osman Goni', NULL, 'High School Road, Chokoria, Cox''s Bazar\r\n', '01819784563', '', 'Not Done', 'Active', 127, 1459526986, 1, NULL, NULL, 143),
(142, 'Krishok Bhai Beejagar & Kitnashok', 44, 'KN167', 500000, 'Md. Abdul Kuddus Bapry', NULL, 'Madrasah More, Natore\r\n', '01780908282', '', 'Not Done', 'Active', 127, 1459526986, 1, NULL, NULL, 144),
(143, 'Madina Beej Bhandar', 67, 'MN030', 500000, 'SM Zahir Uddin Sheikh', '', 'Dabpotti, Naogaon\r\n', '01714967539', '', 'In-Active', 'Active', 127, 1459526986, 1, 1459739312, 2, 145),
(144, 'Momin Beej Bhandar', 14, 'MD150', 500000, 'Md. Moez Uddin Mollah', NULL, 'Puraton Bazar, Birampur, Dinajpur\r\n', '01718281024', '', 'Not Done', 'Active', 127, 1459526986, 1, NULL, NULL, 146),
(145, 'Krishi Bhandar', 65, 'KC043', 500000, 'Mohammad Ali Mridha Liton', NULL, 'Dohazari, Ctg\r\n', '01816860966', '', 'Not Done', 'Active', 127, 1459526986, 1, NULL, NULL, 147),
(146, 'Super Seed Store', 65, 'KS044', 500000, 'Md. Bahar Uddin', NULL, 'Dohazari, Ctg\r\n', '01819614677', '', 'Not Done', 'Active', 127, 1459526986, 1, NULL, NULL, 148),
(147, 'Faruque Beej Bhandar', 67, 'FN168', 500000, 'Faruque Ahammad', '', 'Mahadebpur, Naugaon\r\n', '01713721092', '', 'In-Active', 'Active', 127, 1459526986, 1, 1459738097, 2, 149),
(148, 'Krishi Beej Bhandar', 67, 'KN170', 500000, 'MD.Moslam Uddin', '', 'Genuine Market Sapahar, Naogaon\r\n', '01713718171', '', 'In-Active', 'Active', 127, 1459526986, 1, 1459739099, 2, 151),
(149, 'Hamid Beej Bhandar', 67, 'HN171', 500000, 'Md. Abdul Hamid', '', 'Sabaihat, Manda, Naugaon\r\n', '01712192482', '', 'In-Active', 'Active', 127, 1459526986, 1, 1459739267, 2, 152),
(150, 'Bismillah Nursery & Hatchery Project', 11, 'BC057', 500000, 'Md. Humayun Kabir', NULL, 'Someshpur, Moinamoti, Comilla\r\n', '01818861384', '', 'Not Done', 'Active', 127, 1459526986, 1, NULL, NULL, 154),
(151, 'Nangolkot Beej Bhandar', 11, 'NC058', 500000, 'Md. Anowar Hossain Mozumder', NULL, 'Nangolkot Bazar, Comilla\r\n', '01716267411', '', 'Not Done', 'Active', 127, 1459526986, 1, NULL, NULL, 155),
(152, 'Satata Beej & Kitnashok', 11, 'SC059', 500000, 'Khalilur Rahman', NULL, 'Khalilur Rahman	Div 3	Comilla	Comilla	Nababpur Bazar, Chandina, Comilla\r\n', '01726855911', '', 'Not Done', 'Active', 127, 1459526986, 1, NULL, NULL, 156),
(153, 'Krishi Beej Bhandar', 11, 'KC060', 500000, 'Md. Tajul Islam', NULL, 'New Market, Debidwar, Comilla\r\n', '01815061898', '', 'Not Done', 'Active', 127, 1459526986, 1, NULL, NULL, 157),
(154, 'Jogesh Seed Store', 49, 'JP174', 500000, 'Styandro Nath Roy', NULL, 'Sonahar, Debigonj, Panchgarh\r\n', '01724138607', '', 'Not Done', 'Active', 127, 1459526986, 1, NULL, NULL, 162),
(155, 'Bhai Bhai Beej Bhandar', 10, 'BC181', 500000, 'Md. Abdul Khalek', NULL, 'Andulbaria, Jibon Nagar, Chuadanga\r\n', '01712759783', '', 'Not Done', 'Active', 127, 1459526986, 1, NULL, NULL, 163),
(156, 'Abu Saleh Seeds', 23, 'AJ089', 500000, 'Md. Yusuf Ali', NULL, 'Churamonkati, Jessore\r\n', '01711826257', '', 'Not Done', 'Active', 127, 1459526986, 1, NULL, NULL, 164),
(157, 'Jamal Beej Bhandar', 9, 'JC045', 500000, 'Md. Bahar Uddin', NULL, 'Uttar Bazar, Sitakundo, Chittagong\r\n', '01714410405', '', 'Not Done', 'Active', 127, 1459526986, 1, NULL, NULL, 165),
(158, 'Karim Beej Bhandar', 65, 'KC046', 500000, 'Md.Jahangir Alam', '', 'Ranir Hat Bazar, Rangunia, Chittagong\r\n', '01811687414', '', 'In-Active', 'Active', 127, 1459526986, 1, 1459746017, 2, 166),
(159, 'Fatickchari Beej Bhandar', 9, 'FC186', 500000, 'Md. Gofur Alam', NULL, 'Bibirhat, Fatickchari, Chittagong\r\n', '01817708735', '', 'Not Done', 'Active', 127, 1459526986, 1, NULL, NULL, 167),
(160, 'Bismillah Agro Trading', 65, 'BC187', 500000, 'Md. Saidul Islam', NULL, 'Komol Munshir Hat, Patiya, Ctg\r\n', '01819937300', '', 'Not Done', 'Active', 127, 1459526986, 1, NULL, NULL, 168),
(161, 'Modern Agro Seed', 28, 'MK121', 500000, 'Md. Shaafiqul Islam', NULL, 'College Road, Kotiadi, Kishoregonj', '01712577518', '', 'Not Done', 'Active', 127, 1459526986, 1, NULL, NULL, 169),
(162, 'Bhai Bhai Nursery and Seed Store', 39, 'BM191', 500000, 'Md. Kabir Alam Khan', NULL, 'Muktagacha, Mymensingh', '01716198235', '', 'Not Done', 'Active', 127, 1459526986, 1, NULL, NULL, 170),
(163, 'Dilmon Enterprise', 70, 'DM162', 500000, 'Md. Abdul Basith Jahangir', '', 'Kulaura, Moulvibazar', '01716295859', '', 'In-Active', 'Active', 127, 1459526986, 1, 1459740479, 2, 172),
(164, 'Faruque & Brothers', 69, 'FS163', 500000, 'Md. Koyser Ahmed', '', 'Natun Bazar, Biswanath, Sylhet\r\n', '01714508219', '', 'In-Active', 'Active', 127, 1459526986, 1, 1459740307, 2, 173),
(165, 'Ripon Brothers & Beej Ghar', 16, 'RC188', 500000, 'Khurshid Alam', NULL, 'Dagon Bhuiyan, Feni', '01730177028', '', 'Not Done', 'Active', 127, 1459526986, 1, NULL, NULL, 174),
(166, 'Bismillah Beej Bhandar', 12, 'BC189', 500000, 'Md. Shafiul Alam', NULL, 'Ukhiya, Cox''s Bazar.', '01811269957', '', 'Not Done', 'Active', 127, 1459526986, 1, NULL, NULL, 175),
(167, 'Hossain Traders', 20, 'HH164', 500000, 'Hossain Ahmed Khan', NULL, 'Baiachong, Hobigonj', '01716885962', '', 'Not Done', 'Active', 127, 1459526986, 1, NULL, NULL, 176),
(168, 'Al Madina Traders', 13, 'AD073', 500000, 'Md. Kutub Uddin Chunnu', NULL, 'Patiljhap Bazar, Nawabgonj, Dhaka\r\n', '01817027562', '', 'Not Done', 'Active', 127, 1459526986, 1, NULL, NULL, 177),
(169, 'Faruque Beej Bhander', 13, 'FD074', 500000, 'Hazi Momin Ali', NULL, 'Beej Patti, Savar, Dhaka', '01712027459', '', 'Not Done', 'Active', 127, 1459526986, 1, NULL, NULL, 178),
(170, 'Tanvir Traders', 5, 'TB092', 500000, 'Md. Farid Uddin', NULL, 'Dakkhin Aicha, Charfashion, Bhola\r\n', '01711481186', '', 'Not Done', 'Active', 127, 1459526986, 1, NULL, NULL, 179),
(171, 'Siraj Enterprise & Seed Store', 13, 'SD075', 500000, 'Md. Mezba Uddin', NULL, 'Anando Bazar, Dhamrai, Dhaka\r\n', '01718513305', '', 'Not Done', 'Active', 127, 1459526986, 1, NULL, NULL, 180),
(172, 'Janata Seed Store', 62, 'JT076', 500000, 'Md. Abu Taher', NULL, ' College Para, Tangail\r\n', '01716800009', '', 'Not Done', 'Active', 127, 1459526986, 1, NULL, NULL, 181),
(173, 'Mizan Traders', 5, 'MB201', 500000, 'Md. Zasim Uddin', NULL, 'Mahajon Patti, Sadar Road, Bhola \r\n', '01716810987', '', 'Not Done', 'Active', 127, 1459526986, 1, NULL, NULL, 182);

-- --------------------------------------------------------

--
-- Table structure for table `ems_csetup_other_customers`
--

CREATE TABLE IF NOT EXISTS `ems_csetup_other_customers` (
  `id` int(11) NOT NULL,
  `name` varchar(255) NOT NULL,
  `district_id` int(11) NOT NULL,
  `customer_code` varchar(50) DEFAULT NULL,
  `name_owner` varchar(255) DEFAULT NULL,
  `name_market` varchar(255) DEFAULT NULL,
  `address` text,
  `phone` varchar(255) DEFAULT NULL,
  `email` varchar(255) DEFAULT NULL,
  `status_agreement` varchar(255) DEFAULT 'Not Done',
  `status` varchar(11) NOT NULL DEFAULT 'Active',
  `ordering` tinyint(4) NOT NULL DEFAULT '99',
  `date_created` int(11) NOT NULL DEFAULT '0',
  `user_created` int(11) NOT NULL DEFAULT '0',
  `date_updated` int(11) DEFAULT NULL,
  `user_updated` int(11) DEFAULT NULL
) ENGINE=InnoDB DEFAULT CHARSET=utf8;

-- --------------------------------------------------------

--
-- Table structure for table `ems_districts`
--

CREATE TABLE IF NOT EXISTS `ems_districts` (
  `id` int(11) NOT NULL,
  `territory_id` int(11) NOT NULL,
  `name` varchar(255) NOT NULL,
  `status` varchar(11) NOT NULL DEFAULT 'Active',
  `ordering` int(11) NOT NULL DEFAULT '99',
  `date_created` int(11) NOT NULL DEFAULT '0',
  `user_created` int(11) NOT NULL DEFAULT '0',
  `date_updated` int(11) DEFAULT NULL,
  `user_updated` int(11) DEFAULT NULL,
  `old_zilla_id` int(11) DEFAULT NULL
) ENGINE=InnoDB AUTO_INCREMENT=73 DEFAULT CHARSET=utf8;

--
-- Dumping data for table `ems_districts`
--

INSERT INTO `ems_districts` (`id`, `territory_id`, `name`, `status`, `ordering`, `date_created`, `user_created`, `date_updated`, `user_updated`, `old_zilla_id`) VALUES
(1, 17, 'BAGERHAT', 'Active', 1, 1456209714, 1, NULL, NULL, 1),
(2, 30, 'BANDARBAN', 'Active', 2, 1456209714, 1, NULL, NULL, 3),
(3, 19, 'BARGUNA', 'Active', 3, 1456209714, 1, NULL, NULL, 4),
(4, 16, 'BARISAL', 'Active', 4, 1456209714, 1, NULL, NULL, 6),
(5, 18, 'BHOLA', 'Active', 5, 1456209714, 1, NULL, NULL, 9),
(6, 6, 'BOGRA', 'Active', 6, 1456209714, 1, NULL, NULL, 10),
(7, 11, 'BRAHMANBARIA', 'Active', 7, 1456209714, 1, NULL, NULL, 12),
(8, 27, 'CHANDPUR', 'Active', 8, 1456209714, 1, NULL, NULL, 13),
(9, 28, 'CHITTAGONG NORTH', 'Active', 9, 1456209714, 1, NULL, NULL, 15),
(10, 15, 'CHUADANGA', 'Active', 10, 1456209714, 1, NULL, NULL, 18),
(11, 26, 'COMILLA', 'Active', 11, 1456209714, 1, NULL, NULL, 19),
(12, 29, 'COX''S BAZAR', 'Active', 12, 1456209714, 1, NULL, NULL, 22),
(13, 23, 'DHAKA', 'Active', 13, 1456209714, 1, NULL, NULL, 26),
(14, 2, 'DINAJPUR', 'Active', 14, 1456209714, 1, NULL, NULL, 27),
(15, 14, 'FARIDPUR', 'Active', 15, 1456209714, 1, NULL, NULL, 29),
(16, 28, 'FENI', 'Active', 16, 1456209714, 1, NULL, NULL, 30),
(17, 1, 'GAIBANDHA', 'Active', 17, 1456209714, 1, NULL, NULL, 32),
(18, 24, 'GAZIPUR', 'Active', 18, 1456209714, 1, NULL, NULL, 33),
(19, 17, 'GOPALGANJ', 'Active', 19, 1456209714, 1, NULL, NULL, 35),
(20, 11, 'HABIGANJ', 'Active', 20, 1456209714, 1, NULL, NULL, 36),
(21, 5, 'JOYPURHAT', 'Active', 21, 1456209714, 1, NULL, NULL, 38),
(22, 21, 'JAMALPUR', 'Active', 22, 1456209714, 1, NULL, NULL, 39),
(23, 12, 'JESSORE', 'Active', 23, 1456209714, 1, NULL, NULL, 41),
(24, 16, 'JHALOKATI', 'Active', 24, 1456209714, 1, NULL, NULL, 42),
(25, 12, 'JHENAIDAH', 'Active', 25, 1456209714, 1, NULL, NULL, 44),
(26, 31, 'KHAGRACHHARI', 'Active', 26, 1456209714, 1, NULL, NULL, 46),
(27, 13, 'KHULNA', 'Active', 27, 1456209714, 1, NULL, NULL, 47),
(28, 22, 'KISHOREGONJ', 'Active', 28, 1456209714, 1, NULL, NULL, 48),
(29, 4, 'KURIGRAM', 'Active', 29, 1456209714, 1, NULL, NULL, 49),
(30, 15, 'KUSHTIA', 'Active', 30, 1456209714, 1, NULL, NULL, 50),
(31, 27, 'LAKSHMIPUR', 'Active', 31, 1456209714, 1, NULL, NULL, 51),
(32, 4, 'LALMONIRHAT', 'Active', 32, 1456209714, 1, NULL, NULL, 52),
(33, 17, 'MADARIPUR', 'Active', 33, 1456209714, 1, NULL, NULL, 54),
(34, 14, 'MAGURA', 'Active', 34, 1456209714, 1, NULL, NULL, 55),
(35, 23, 'MANIKGANJ', 'Active', 35, 1456209714, 1, NULL, NULL, 56),
(36, 15, 'MEHERPUR', 'Active', 36, 1456209714, 1, NULL, NULL, 57),
(37, 11, 'MAULVIBAZAR', 'Active', 37, 1456209714, 1, NULL, NULL, 58),
(38, 25, 'MUNSHIGANJ', 'Active', 38, 1456209714, 1, NULL, NULL, 59),
(39, 20, 'MYMENSINGH', 'Active', 39, 1456209714, 1, NULL, NULL, 61),
(40, 8, 'NAOGAON', 'Active', 40, 1456209714, 1, NULL, NULL, 64),
(41, 12, 'NARAIL', 'Active', 41, 1456209714, 1, NULL, NULL, 65),
(42, 25, 'NARAYANGANJ', 'Active', 42, 1456209714, 1, NULL, NULL, 67),
(43, 22, 'NARSINGDI', 'Active', 43, 1456209714, 1, NULL, NULL, 68),
(44, 7, 'NATORE', 'Active', 44, 1456209714, 1, NULL, NULL, 69),
(45, 8, 'CHAPAI NABABGANJ', 'Active', 45, 1456209714, 1, NULL, NULL, 70),
(46, 20, 'NETRAKONA', 'Active', 46, 1456209714, 1, NULL, NULL, 72),
(47, 27, 'NOAKHALI', 'Active', 47, 1456209714, 1, NULL, NULL, 75),
(48, 7, 'PABNA', 'Active', 48, 1456209714, 1, NULL, NULL, 76),
(49, 3, 'PANCHAGARH', 'Active', 49, 1456209714, 1, NULL, NULL, 77),
(50, 19, 'PATUAKHALI', 'Active', 50, 1456209714, 1, NULL, NULL, 78),
(51, 16, 'PIROJPUR', 'Active', 51, 1456209714, 1, NULL, NULL, 79),
(52, 8, 'RAJSHAHI', 'Active', 52, 1456209714, 1, NULL, NULL, 81),
(53, 14, 'RAJBARI', 'Active', 53, 1456209714, 1, NULL, NULL, 82),
(54, 31, 'RANGAMATI', 'Active', 54, 1456209714, 1, NULL, NULL, 84),
(55, 1, 'RANGPUR', 'Active', 55, 1456209714, 1, NULL, NULL, 85),
(56, 17, 'SHARIATPUR', 'Active', 56, 1456209714, 1, NULL, NULL, 86),
(57, 13, 'SATKHIRA', 'Active', 57, 1456209714, 1, NULL, NULL, 87),
(58, 6, 'SIRAJGANJ', 'Active', 58, 1456209714, 1, NULL, NULL, 88),
(59, 21, 'SHERPUR', 'Active', 59, 1456209714, 1, NULL, NULL, 89),
(60, 9, 'SUNAMGANJ', 'Active', 60, 1456209714, 1, NULL, NULL, 90),
(61, 10, 'SYLHET', 'Active', 61, 1456209714, 1, NULL, NULL, 91),
(62, 24, 'TANGAIL', 'Active', 62, 1456209714, 1, NULL, NULL, 93),
(63, 2, 'THAKURGAON', 'Active', 63, 1456209714, 1, NULL, NULL, 94),
(64, 3, 'NILPHAMARI', 'Active', 64, 1456209714, 1, NULL, NULL, 99),
(65, 30, 'CHITTAGONG SOUTH', 'Active', 65, 1456209714, 1, NULL, NULL, 103),
(66, 5, 'Bogra N', 'Active', 66, 1456209714, 1, NULL, NULL, 104),
(67, 5, 'Naogaon N', 'Active', 67, 1456209714, 1, NULL, NULL, 105),
(68, 7, 'Sirajganj U', 'Active', 68, 1456209714, 1, NULL, NULL, 106),
(69, 9, 'Sylhet N', 'Active', 69, 1456209714, 1, NULL, NULL, 107),
(70, 10, 'Maulvibazar N', 'Active', 70, 1456209714, 1, NULL, NULL, 108),
(71, 12, 'Magura S', 'Active', 71, 1456209714, 1, NULL, NULL, 109),
(72, 26, 'Munshiganj G', 'Active', 72, 1456209714, 1, NULL, NULL, 110);

-- --------------------------------------------------------

--
-- Table structure for table `ems_divisions`
--

CREATE TABLE IF NOT EXISTS `ems_divisions` (
  `id` int(11) NOT NULL,
  `name` varchar(255) NOT NULL,
  `status` varchar(11) NOT NULL DEFAULT 'Active',
  `ordering` tinyint(4) NOT NULL DEFAULT '99',
  `date_created` int(11) NOT NULL DEFAULT '0',
  `user_created` int(11) NOT NULL DEFAULT '0',
  `date_updated` int(11) DEFAULT NULL,
  `user_updated` int(11) DEFAULT NULL
) ENGINE=InnoDB AUTO_INCREMENT=4 DEFAULT CHARSET=utf8;

--
-- Dumping data for table `ems_divisions`
--

INSERT INTO `ems_divisions` (`id`, `name`, `status`, `ordering`, `date_created`, `user_created`, `date_updated`, `user_updated`) VALUES
(1, 'D1 (North)', 'Active', 1, 1456201019, 1, NULL, NULL),
(2, 'D2 (South) ', 'Active', 2, 1456201019, 1, NULL, NULL),
(3, 'D3 (East) ', 'Active', 3, 1456201019, 1, NULL, NULL);

-- --------------------------------------------------------

--
-- Table structure for table `ems_history`
--

CREATE TABLE IF NOT EXISTS `ems_history` (
  `id` int(11) NOT NULL,
  `controller` varchar(255) DEFAULT NULL,
  `table_id` int(11) NOT NULL,
  `table_name` varchar(50) NOT NULL,
  `data` text NOT NULL,
  `user_id` varchar(20) NOT NULL,
  `action` varchar(20) NOT NULL,
  `date` int(11) NOT NULL
) ENGINE=InnoDB AUTO_INCREMENT=837 DEFAULT CHARSET=utf8;

--
-- Dumping data for table `ems_history`
--

INSERT INTO `ems_history` (`id`, `controller`, `table_id`, `table_name`, `data`, `user_id`, `action`, `date`) VALUES
(1, 'sales_po', 1, 'ems_sales_po', '{"date_po":1459620000,"customer_id":"8","warehouse_id":"1","user_created":"19","date_created":1459653344}', '19', 'INSERT', 1459653344),
(2, 'sales_po', 1, 'ems_sales_po_details', '{"variety_id":"67","pack_size_id":"4","quantity":"200","pack_size":"100","variety_price":"330","variety_price_id":"56","quantity_bonus":"0","bonus_details_id":"155","bonus_pack_size":"100","bonus_pack_size_id":"4","sales_po_id":1,"remarks":"","revision":1,"user_created":"19","date_created":1459653344}', '19', 'INSERT', 1459653344),
(3, 'sales_po', 1, 'ems_sales_po', '{"status_requested":"Requested","user_requested":"19","date_requested":1459653366}', '19', 'UPDATE', 1459653366),
(4, 'sales_po_approve', 1, 'ems_sales_po', '{"status_approved":"Approved","remarks_approved":"First PO","user_approved":"19","date_approved":1459653551}', '19', 'UPDATE', 1459653551),
(5, 'sys_user_role', 119, 'ems_system_user_group_role', '{"view":1,"add":1,"edit":0,"delete":0,"print":1,"download":0,"column_headers":0,"task_id":36,"user_group_id":"4","user_created":"2","date_created":1459654139}', '2', 'INSERT', 1459654139),
(6, 'sys_user_role', 120, 'ems_system_user_group_role', '{"view":1,"add":1,"edit":1,"delete":0,"print":1,"download":0,"column_headers":0,"task_id":38,"user_group_id":"4","user_created":"2","date_created":1459654139}', '2', 'INSERT', 1459654139),
(7, 'sys_user_role', 121, 'ems_system_user_group_role', '{"view":1,"add":1,"edit":1,"delete":0,"print":1,"download":0,"column_headers":0,"task_id":39,"user_group_id":"4","user_created":"2","date_created":1459654139}', '2', 'INSERT', 1459654139),
(8, 'sys_user_role', 122, 'ems_system_user_group_role', '{"view":1,"add":1,"edit":1,"delete":1,"print":1,"download":1,"column_headers":1,"task_id":48,"user_group_id":"4","user_created":"2","date_created":1459654139}', '2', 'INSERT', 1459654139),
(9, 'sys_user_role', 123, 'ems_system_user_group_role', '{"view":1,"add":1,"edit":1,"delete":1,"print":1,"download":1,"column_headers":1,"task_id":49,"user_group_id":"4","user_created":"2","date_created":1459654139}', '2', 'INSERT', 1459654139),
(10, 'sys_user_role', 124, 'ems_system_user_group_role', '{"view":1,"add":1,"edit":1,"delete":1,"print":1,"download":1,"column_headers":1,"task_id":52,"user_group_id":"4","user_created":"2","date_created":1459654139}', '2', 'INSERT', 1459654139),
(11, 'sys_user_role', 125, 'ems_system_user_group_role', '{"view":1,"add":1,"edit":1,"delete":0,"print":1,"download":0,"column_headers":0,"task_id":36,"user_group_id":"3","user_created":"2","date_created":1459654310}', '2', 'INSERT', 1459654310),
(12, 'sys_user_role', 126, 'ems_system_user_group_role', '{"view":1,"add":1,"edit":1,"delete":0,"print":1,"download":0,"column_headers":0,"task_id":39,"user_group_id":"3","user_created":"2","date_created":1459654310}', '2', 'INSERT', 1459654310),
(13, 'sys_user_role', 127, 'ems_system_user_group_role', '{"view":1,"add":1,"edit":1,"delete":1,"print":1,"download":1,"column_headers":1,"task_id":45,"user_group_id":"3","user_created":"2","date_created":1459654310}', '2', 'INSERT', 1459654310),
(14, 'sys_user_role', 128, 'ems_system_user_group_role', '{"view":1,"add":1,"edit":1,"delete":1,"print":1,"download":1,"column_headers":1,"task_id":48,"user_group_id":"3","user_created":"2","date_created":1459654310}', '2', 'INSERT', 1459654310),
(15, 'sys_user_role', 129, 'ems_system_user_group_role', '{"view":1,"add":1,"edit":1,"delete":1,"print":1,"download":1,"column_headers":1,"task_id":49,"user_group_id":"3","user_created":"2","date_created":1459654310}', '2', 'INSERT', 1459654310),
(16, 'sys_user_role', 130, 'ems_system_user_group_role', '{"view":1,"add":1,"edit":1,"delete":1,"print":1,"download":1,"column_headers":1,"task_id":52,"user_group_id":"3","user_created":"2","date_created":1459654310}', '2', 'INSERT', 1459654310),
(17, 'sys_user_role', 131, 'ems_system_user_group_role', '{"view":1,"add":1,"edit":0,"delete":0,"print":1,"download":0,"column_headers":0,"task_id":36,"user_group_id":"4","user_created":"2","date_created":1459654333}', '2', 'INSERT', 1459654333),
(18, 'sys_user_role', 132, 'ems_system_user_group_role', '{"view":1,"add":1,"edit":1,"delete":0,"print":1,"download":0,"column_headers":0,"task_id":38,"user_group_id":"4","user_created":"2","date_created":1459654333}', '2', 'INSERT', 1459654333),
(19, 'sys_user_role', 133, 'ems_system_user_group_role', '{"view":1,"add":1,"edit":1,"delete":0,"print":1,"download":0,"column_headers":0,"task_id":39,"user_group_id":"4","user_created":"2","date_created":1459654333}', '2', 'INSERT', 1459654333),
(20, 'sys_user_role', 134, 'ems_system_user_group_role', '{"view":1,"add":1,"edit":1,"delete":1,"print":1,"download":1,"column_headers":1,"task_id":45,"user_group_id":"4","user_created":"2","date_created":1459654333}', '2', 'INSERT', 1459654333),
(21, 'sys_user_role', 135, 'ems_system_user_group_role', '{"view":1,"add":1,"edit":1,"delete":1,"print":1,"download":1,"column_headers":1,"task_id":48,"user_group_id":"4","user_created":"2","date_created":1459654333}', '2', 'INSERT', 1459654333),
(22, 'sys_user_role', 136, 'ems_system_user_group_role', '{"view":1,"add":1,"edit":1,"delete":1,"print":1,"download":1,"column_headers":1,"task_id":49,"user_group_id":"4","user_created":"2","date_created":1459654333}', '2', 'INSERT', 1459654333),
(23, 'sys_user_role', 137, 'ems_system_user_group_role', '{"view":1,"add":1,"edit":1,"delete":1,"print":1,"download":1,"column_headers":1,"task_id":52,"user_group_id":"4","user_created":"2","date_created":1459654333}', '2', 'INSERT', 1459654333),
(24, 'sales_po', 2, 'ems_sales_po', '{"date_po":1459620000,"customer_id":"87","warehouse_id":"1","user_created":"22","date_created":1459656253}', '22', 'INSERT', 1459656253),
(25, 'sales_po', 2, 'ems_sales_po_details', '{"variety_id":"54","pack_size_id":"2","quantity":"200","pack_size":"10","variety_price":"120","variety_price_id":"44","quantity_bonus":"0","bonus_details_id":"0","bonus_pack_size":"0","bonus_pack_size_id":"0","sales_po_id":2,"remarks":"","revision":1,"user_created":"22","date_created":1459656253}', '22', 'INSERT', 1459656253),
(26, 'sales_po', 3, 'ems_sales_po', '{"date_po":1459620000,"customer_id":"46","warehouse_id":"1","user_created":"22","date_created":1459656338}', '22', 'INSERT', 1459656338),
(27, 'sales_po', 3, 'ems_sales_po_details', '{"variety_id":"67","pack_size_id":"4","quantity":"300","pack_size":"100","variety_price":"330","variety_price_id":"56","quantity_bonus":"0","bonus_details_id":"154","bonus_pack_size":"100","bonus_pack_size_id":"4","sales_po_id":3,"remarks":"","revision":1,"user_created":"22","date_created":1459656338}', '22', 'INSERT', 1459656338),
(28, 'sales_po', 4, 'ems_sales_po', '{"date_po":1459620000,"customer_id":"128","warehouse_id":"1","user_created":"23","date_created":1459657674}', '23', 'INSERT', 1459657674),
(29, 'sales_po', 4, 'ems_sales_po_details', '{"variety_id":"49","pack_size_id":"2","quantity":"500","pack_size":"10","variety_price":"110","variety_price_id":"40","quantity_bonus":"50","bonus_details_id":"175","bonus_pack_size":"10","bonus_pack_size_id":"2","sales_po_id":4,"remarks":"","revision":1,"user_created":"23","date_created":1459657674}', '23', 'INSERT', 1459657674),
(30, 'sales_po', 5, 'ems_sales_po_details', '{"variety_id":"51","pack_size_id":"2","quantity":"100","pack_size":"10","variety_price":"100","variety_price_id":"42","quantity_bonus":"0","bonus_details_id":"0","bonus_pack_size":"0","bonus_pack_size_id":"0","sales_po_id":4,"remarks":"","revision":1,"user_created":"23","date_created":1459657674}', '23', 'INSERT', 1459657674),
(31, 'sales_po', 4, 'ems_sales_po', '{"status_requested":"Requested","user_requested":"23","date_requested":1459657685}', '23', 'UPDATE', 1459657685),
(32, 'sales_po_approve', 4, 'ems_sales_po', '{"status_approved":"Approved","remarks_approved":"","user_approved":"23","date_approved":1459657764}', '23', 'UPDATE', 1459657764),
(33, 'sys_user_role', 138, 'ems_system_user_group_role', '{"view":1,"add":1,"edit":1,"delete":1,"print":1,"download":1,"column_headers":1,"task_id":45,"user_group_id":"9","user_created":"2","date_created":1459658634}', '2', 'INSERT', 1459658634),
(34, 'sys_user_role', 139, 'ems_system_user_group_role', '{"view":1,"add":1,"edit":1,"delete":1,"print":1,"download":1,"column_headers":1,"task_id":49,"user_group_id":"9","user_created":"2","date_created":1459658634}', '2', 'INSERT', 1459658634),
(35, 'sys_assign_user_group', 39, 'ems_system_assigned_group', '{"user_id":"62","user_group":"9","user_created":"2","date_created":1459658707,"revision":1}', '2', 'INSERT', 1459658707),
(36, 'sys_assign_user_area', 38, 'ems_system_assigned_area', '{"division_id":"","zone_id":"","territory_id":"","district_id":"","upazilla_id":"","union_id":"","remarks":"","user_id":"62","user_created":"2","date_created":1459658804,"revision":1}', '2', 'INSERT', 1459658804),
(37, 'sales_po', 5, 'ems_sales_po', '{"date_po":1459620000,"customer_id":"126","warehouse_id":"1","user_created":"19","date_created":1459659506}', '19', 'INSERT', 1459659506),
(38, 'sales_po', 6, 'ems_sales_po_details', '{"variety_id":"34","pack_size_id":"1","quantity":"100","pack_size":"5","variety_price":"210","variety_price_id":"29","quantity_bonus":"0","bonus_details_id":"0","bonus_pack_size":"0","bonus_pack_size_id":"0","sales_po_id":5,"remarks":"","revision":1,"user_created":"19","date_created":1459659506}', '19', 'INSERT', 1459659506),
(39, 'sales_po', 7, 'ems_sales_po_details', '{"variety_id":"353","pack_size_id":"4","quantity":"10","pack_size":"100","variety_price":"370","variety_price_id":"114","quantity_bonus":"0","bonus_details_id":"0","bonus_pack_size":"0","bonus_pack_size_id":"0","sales_po_id":5,"remarks":"","revision":1,"user_created":"19","date_created":1459659506}', '19', 'INSERT', 1459659506),
(40, 'sales_po', 6, 'ems_sales_po', '{"date_po":1459620000,"customer_id":"63","warehouse_id":"1","user_created":"19","date_created":1459659826}', '19', 'INSERT', 1459659826),
(41, 'sales_po', 8, 'ems_sales_po_details', '{"variety_id":"49","pack_size_id":"2","quantity":"200","pack_size":"10","variety_price":"110","variety_price_id":"40","quantity_bonus":"20","bonus_details_id":"172","bonus_pack_size":"10","bonus_pack_size_id":"2","sales_po_id":6,"remarks":"","revision":1,"user_created":"19","date_created":1459659826}', '19', 'INSERT', 1459659826),
(42, 'sales_po', 9, 'ems_sales_po_details', '{"variety_id":"45","pack_size_id":"1","quantity":"200","pack_size":"5","variety_price":"150","variety_price_id":"35","quantity_bonus":"0","bonus_details_id":"0","bonus_pack_size":"0","bonus_pack_size_id":"0","sales_po_id":6,"remarks":"","revision":1,"user_created":"19","date_created":1459659826}', '19', 'INSERT', 1459659826),
(43, 'sales_po', 10, 'ems_sales_po_details', '{"variety_id":"34","pack_size_id":"1","quantity":"100","pack_size":"5","variety_price":"210","variety_price_id":"29","quantity_bonus":"0","bonus_details_id":"0","bonus_pack_size":"0","bonus_pack_size_id":"0","sales_po_id":6,"remarks":"","revision":1,"user_created":"19","date_created":1459659826}', '19', 'INSERT', 1459659826),
(44, 'sales_po', 11, 'ems_sales_po_details', '{"variety_id":"46","pack_size_id":"2","quantity":"100","pack_size":"10","variety_price":"120","variety_price_id":"38","quantity_bonus":"0","bonus_details_id":"0","bonus_pack_size":"0","bonus_pack_size_id":"0","sales_po_id":6,"remarks":"","revision":1,"user_created":"19","date_created":1459659826}', '19', 'INSERT', 1459659826),
(45, 'sales_po', 12, 'ems_sales_po_details', '{"variety_id":"67","pack_size_id":"4","quantity":"200","pack_size":"100","variety_price":"330","variety_price_id":"56","quantity_bonus":"0","bonus_details_id":"155","bonus_pack_size":"100","bonus_pack_size_id":"4","sales_po_id":6,"remarks":"","revision":1,"user_created":"19","date_created":1459659826}', '19', 'INSERT', 1459659826),
(46, 'sales_po', 13, 'ems_sales_po_details', '{"variety_id":"353","pack_size_id":"4","quantity":"10","pack_size":"100","variety_price":"370","variety_price_id":"114","quantity_bonus":"0","bonus_details_id":"0","bonus_pack_size":"0","bonus_pack_size_id":"0","sales_po_id":6,"remarks":"","revision":1,"user_created":"19","date_created":1459659826}', '19', 'INSERT', 1459659826),
(47, 'sales_po', 14, 'ems_sales_po_details', '{"variety_id":"52","pack_size_id":"2","quantity":"100","pack_size":"10","variety_price":"85","variety_price_id":"113","quantity_bonus":"0","bonus_details_id":"0","bonus_pack_size":"0","bonus_pack_size_id":"0","sales_po_id":6,"remarks":"","revision":1,"user_created":"19","date_created":1459659826}', '19', 'INSERT', 1459659826),
(48, 'sales_po', 7, 'ems_sales_po', '{"date_po":1459620000,"customer_id":"114","warehouse_id":"1","user_created":"19","date_created":1459659927}', '19', 'INSERT', 1459659927),
(49, 'sales_po', 15, 'ems_sales_po_details', '{"variety_id":"67","pack_size_id":"4","quantity":"1000","pack_size":"100","variety_price":"330","variety_price_id":"56","quantity_bonus":"0","bonus_details_id":"152","bonus_pack_size":"100","bonus_pack_size_id":"4","sales_po_id":7,"remarks":"","revision":1,"user_created":"19","date_created":1459659927}', '19', 'INSERT', 1459659927),
(50, 'sales_po', 16, 'ems_sales_po_details', '{"variety_id":"353","pack_size_id":"4","quantity":"50","pack_size":"100","variety_price":"370","variety_price_id":"114","quantity_bonus":"0","bonus_details_id":"0","bonus_pack_size":"0","bonus_pack_size_id":"0","sales_po_id":7,"remarks":"","revision":1,"user_created":"19","date_created":1459659927}', '19', 'INSERT', 1459659927),
(51, 'sales_po', 7, 'ems_sales_po', '{"status_requested":"Requested","user_requested":"19","date_requested":1459660079}', '19', 'UPDATE', 1459660079),
(52, 'sales_po', 5, 'ems_sales_po', '{"status_requested":"Requested","user_requested":"19","date_requested":1459660099}', '19', 'UPDATE', 1459660099),
(53, 'sales_po', 6, 'ems_sales_po', '{"status_requested":"Requested","user_requested":"19","date_requested":1459660109}', '19', 'UPDATE', 1459660109),
(54, 'sales_po_approve', 5, 'ems_sales_po', '{"status_approved":"Approved","remarks_approved":"","user_approved":"19","date_approved":1459660266}', '19', 'UPDATE', 1459660266),
(55, 'sales_po_approve', 6, 'ems_sales_po', '{"status_approved":"Approved","remarks_approved":"","user_approved":"19","date_approved":1459660304}', '19', 'UPDATE', 1459660304),
(56, 'sales_po_approve', 7, 'ems_sales_po', '{"status_approved":"Approved","remarks_approved":"","user_approved":"19","date_approved":1459660343}', '19', 'UPDATE', 1459660343),
(57, 'sys_module_task', 49, 'ems_system_task', '{"name":"Sales Report","type":"TASK","parent":"42","controller":"Reports_sales","ordering":"1","status":"Active","user_updated":"1","date_updated":1459662677}', '1', 'UPDATE', 1459662677),
(58, 'sys_module_task', 45, 'ems_system_task', '{"name":"Stock Report","type":"TASK","parent":"42","controller":"Reports_stock","ordering":"2","status":"Active","user_updated":"1","date_updated":1459662685}', '1', 'UPDATE', 1459662685),
(59, 'sys_module_task', 48, 'ems_system_task', '{"name":"Customer List Report","type":"TASK","parent":"42","controller":"Reports_customer_list","ordering":"3","status":"Active","user_updated":"1","date_updated":1459662695}', '1', 'UPDATE', 1459662695),
(60, 'sales_po', 3, 'ems_sales_po', '{"date_po":1459620000,"customer_id":"46","warehouse_id":"1","user_updated":"22","date_updated":1459663027}', '22', 'UPDATE', 1459663027),
(61, 'sales_po', 17, 'ems_sales_po_details', '{"variety_id":"67","pack_size_id":"4","quantity":"250","pack_size":"100","variety_price":"330","variety_price_id":"56","quantity_bonus":"0","bonus_details_id":"155","bonus_pack_size":"100","bonus_pack_size_id":"4","sales_po_id":"3","remarks":"","revision":1,"user_created":"22","date_created":1459663027}', '22', 'INSERT', 1459663027),
(62, 'sales_po', 18, 'ems_sales_po_details', '{"variety_id":"54","pack_size_id":"2","quantity":"200","pack_size":"10","variety_price":"120","variety_price_id":"44","quantity_bonus":"0","bonus_details_id":"0","bonus_pack_size":"0","bonus_pack_size_id":"0","sales_po_id":"3","remarks":"","revision":1,"user_created":"22","date_created":1459663027}', '22', 'INSERT', 1459663027),
(63, 'sales_po', 3, 'ems_sales_po', '{"status_requested":"Requested","user_requested":"22","date_requested":1459663045}', '22', 'UPDATE', 1459663045),
(64, 'sales_po_approve', 3, 'ems_sales_po', '{"status_approved":"Approved","remarks_approved":"","user_approved":"22","date_approved":1459663150}', '22', 'UPDATE', 1459663150),
(65, 'sales_po', 8, 'ems_sales_po', '{"date_po":1459620000,"customer_id":"102","warehouse_id":"1","user_created":"22","date_created":1459664428}', '22', 'INSERT', 1459664428),
(66, 'sales_po', 19, 'ems_sales_po_details', '{"variety_id":"67","pack_size_id":"4","quantity":"100","pack_size":"100","variety_price":"330","variety_price_id":"56","quantity_bonus":"0","bonus_details_id":"151","bonus_pack_size":"100","bonus_pack_size_id":"4","sales_po_id":8,"remarks":"","revision":1,"user_created":"22","date_created":1459664428}', '22', 'INSERT', 1459664428),
(67, 'sales_po', 20, 'ems_sales_po_details', '{"variety_id":"353","pack_size_id":"4","quantity":"50","pack_size":"100","variety_price":"370","variety_price_id":"114","quantity_bonus":"0","bonus_details_id":"0","bonus_pack_size":"0","bonus_pack_size_id":"0","sales_po_id":8,"remarks":"","revision":1,"user_created":"22","date_created":1459664428}', '22', 'INSERT', 1459664428),
(68, 'sales_po', 21, 'ems_sales_po_details', '{"variety_id":"54","pack_size_id":"2","quantity":"200","pack_size":"10","variety_price":"120","variety_price_id":"44","quantity_bonus":"0","bonus_details_id":"0","bonus_pack_size":"0","bonus_pack_size_id":"0","sales_po_id":8,"remarks":"","revision":1,"user_created":"22","date_created":1459664428}', '22', 'INSERT', 1459664428),
(69, 'sales_po', 8, 'ems_sales_po', '{"status_requested":"Requested","user_requested":"22","date_requested":1459664449}', '22', 'UPDATE', 1459664449),
(70, 'sales_po_approve', 8, 'ems_sales_po', '{"status_approved":"Approved","remarks_approved":"","user_approved":"22","date_approved":1459664536}', '22', 'UPDATE', 1459664536),
(71, 'payment_payment', 174, 'ems_payment_payment', '{"date_payment":1459360800,"customer_id":"80","payment_way":"Online Payment","amount":"50000","cheque_no":"IBU 00433973; ","bank_id":"4","bank_branch":"Maijdee Court Br","arm_bank_id":"2","arm_bank_account_id":"","payment_type":"Other","user_created":"22","date_created":1459671707}', '22', 'INSERT', 1459671707),
(72, 'payment_payment', 175, 'ems_payment_payment', '{"date_payment":1459360800,"customer_id":"87","payment_way":"Online Payment","amount":"70000","cheque_no":"IBU 03669124","bank_id":"4","bank_branch":"Maijdee Court ","arm_bank_id":"1","arm_bank_account_id":"","payment_type":"Other","user_created":"22","date_created":1459671985}', '22', 'INSERT', 1459671985),
(73, 'payment_payment', 176, 'ems_payment_payment', '{"date_payment":1461952800,"customer_id":"85","payment_way":"Online Payment","amount":"19977","cheque_no":"1132640;","bank_id":"1","bank_branch":" Laxmipur Br.","arm_bank_id":"1","arm_bank_account_id":"","payment_type":"Other","user_created":"22","date_created":1459673288}', '22', 'INSERT', 1459673288),
(74, 'payment_payment', 176, 'ems_payment_payment', '{"date_payment":1459274400,"customer_id":"85","payment_way":"Online Payment","amount":"19977","cheque_no":"1132640;","bank_id":"1","bank_branch":" Laxmipur Br.","arm_bank_id":"1","arm_bank_account_id":"","payment_type":"Other","user_updated":"1","date_updated":1459673360}', '1', 'UPDATE', 1459673360),
(75, 'sys_user_role', 140, 'ems_system_user_group_role', '{"view":1,"add":1,"edit":0,"delete":0,"print":0,"download":0,"column_headers":0,"task_id":47,"user_group_id":"11","user_created":"2","date_created":1459673735}', '2', 'INSERT', 1459673735),
(76, 'sys_user_role', 141, 'ems_system_user_group_role', '{"view":1,"add":0,"edit":0,"delete":0,"print":1,"download":1,"column_headers":1,"task_id":40,"user_group_id":"11","user_created":"2","date_created":1459673735}', '2', 'INSERT', 1459673735),
(77, 'sys_user_role', 142, 'ems_system_user_group_role', '{"view":1,"add":1,"edit":1,"delete":1,"print":1,"download":1,"column_headers":1,"task_id":49,"user_group_id":"11","user_created":"2","date_created":1459673735}', '2', 'INSERT', 1459673735),
(78, 'sys_user_role', 143, 'ems_system_user_group_role', '{"view":1,"add":1,"edit":1,"delete":1,"print":1,"download":1,"column_headers":1,"task_id":45,"user_group_id":"11","user_created":"2","date_created":1459673735}', '2', 'INSERT', 1459673735),
(79, 'sys_assign_user_area', 39, 'ems_system_assigned_area', '{"division_id":"","zone_id":"","territory_id":"","district_id":"","upazilla_id":"","union_id":"","remarks":"","user_id":"65","user_created":"2","date_created":1459673778,"revision":1}', '2', 'INSERT', 1459673778),
(80, 'sys_module_task', 53, 'ems_system_task', '{"name":"Market Survey","type":"MODULE","parent":"0","controller":"","ordering":"7","status":"Active","user_created":"1","date_created":1459703389}', '1', 'INSERT', 1459703389),
(81, 'sys_module_task', 54, 'ems_system_task', '{"name":"Primary Market Survey","type":"TASK","parent":"53","controller":"Survey_primary_market","ordering":"1","status":"Active","user_created":"1","date_created":1459703524}', '1', 'INSERT', 1459703524),
(82, 'sys_module_task', 55, 'ems_system_task', '{"name":"ZI Primary Market Survey","type":"TASK","parent":"53","controller":"Survey_primary_market_zi","ordering":"2","status":"Active","user_created":"1","date_created":1459703656}', '1', 'INSERT', 1459703656),
(83, 'sys_module_task', 56, 'ems_system_task', '{"name":"ARM Product Market Survey","type":"TASK","parent":"53","controller":"Survey_product_arm","ordering":"3","status":"Active","user_created":"1","date_created":1459703696}', '1', 'INSERT', 1459703696),
(84, 'sys_module_task', 57, 'ems_system_task', '{"name":"Competitor Product Market Survey","type":"TASK","parent":"53","controller":"Survey_product_competitor","ordering":"4","status":"Active","user_created":"1","date_created":1459703755}', '1', 'INSERT', 1459703755),
(85, 'sys_module_task', 58, 'ems_system_task', '{"name":"Primary Market Survey Report","type":"TASK","parent":"42","controller":"Report_primary_market_survey","ordering":"5","status":"Active","user_created":"1","date_created":1459703872}', '1', 'INSERT', 1459703872),
(86, 'sys_module_task', 59, 'ems_system_task', '{"name":"Market Survey Report","type":"TASK","parent":"42","controller":"Reports_market_survey","ordering":"7","status":"Active","user_created":"1","date_created":1459703911}', '1', 'INSERT', 1459703911),
(87, 'sys_module_task', 58, 'ems_system_task', '{"name":"Primary Market Survey Report","type":"TASK","parent":"42","controller":"Reports_primary_market_survey","ordering":"5","status":"Active","user_updated":"1","date_updated":1459703924}', '1', 'UPDATE', 1459703924),
(88, 'sys_module_task', 59, 'ems_system_task', '{"name":"Market Survey Report","type":"TASK","parent":"42","controller":"Reports_market_survey","ordering":"6","status":"Active","user_updated":"1","date_updated":1459703935}', '1', 'UPDATE', 1459703935),
(89, 'sys_user_role', 144, 'ems_system_user_group_role', '{"view":1,"add":1,"edit":1,"delete":1,"print":0,"download":0,"column_headers":0,"task_id":2,"user_group_id":"1","user_created":"1","date_created":1459703979}', '1', 'INSERT', 1459703979),
(90, 'sys_user_role', 145, 'ems_system_user_group_role', '{"view":1,"add":1,"edit":1,"delete":1,"print":0,"download":0,"column_headers":0,"task_id":3,"user_group_id":"1","user_created":"1","date_created":1459703979}', '1', 'INSERT', 1459703979),
(91, 'sys_user_role', 146, 'ems_system_user_group_role', '{"view":1,"add":1,"edit":1,"delete":1,"print":0,"download":0,"column_headers":0,"task_id":4,"user_group_id":"1","user_created":"1","date_created":1459703979}', '1', 'INSERT', 1459703979),
(92, 'sys_user_role', 147, 'ems_system_user_group_role', '{"view":1,"add":1,"edit":1,"delete":1,"print":0,"download":0,"column_headers":0,"task_id":6,"user_group_id":"1","user_created":"1","date_created":1459703979}', '1', 'INSERT', 1459703979),
(93, 'sys_user_role', 148, 'ems_system_user_group_role', '{"view":1,"add":1,"edit":1,"delete":1,"print":0,"download":0,"column_headers":0,"task_id":34,"user_group_id":"1","user_created":"1","date_created":1459703979}', '1', 'INSERT', 1459703979),
(94, 'sys_user_role', 149, 'ems_system_user_group_role', '{"view":1,"add":1,"edit":1,"delete":1,"print":0,"download":0,"column_headers":0,"task_id":8,"user_group_id":"1","user_created":"1","date_created":1459703979}', '1', 'INSERT', 1459703979),
(95, 'sys_user_role', 150, 'ems_system_user_group_role', '{"view":1,"add":1,"edit":1,"delete":1,"print":0,"download":0,"column_headers":0,"task_id":9,"user_group_id":"1","user_created":"1","date_created":1459703979}', '1', 'INSERT', 1459703979),
(96, 'sys_user_role', 151, 'ems_system_user_group_role', '{"view":1,"add":1,"edit":1,"delete":1,"print":0,"download":0,"column_headers":0,"task_id":10,"user_group_id":"1","user_created":"1","date_created":1459703979}', '1', 'INSERT', 1459703979),
(97, 'sys_user_role', 152, 'ems_system_user_group_role', '{"view":1,"add":1,"edit":1,"delete":1,"print":0,"download":0,"column_headers":0,"task_id":11,"user_group_id":"1","user_created":"1","date_created":1459703979}', '1', 'INSERT', 1459703979),
(98, 'sys_user_role', 153, 'ems_system_user_group_role', '{"view":1,"add":1,"edit":1,"delete":1,"print":0,"download":0,"column_headers":0,"task_id":12,"user_group_id":"1","user_created":"1","date_created":1459703979}', '1', 'INSERT', 1459703979),
(99, 'sys_user_role', 154, 'ems_system_user_group_role', '{"view":1,"add":1,"edit":1,"delete":1,"print":0,"download":0,"column_headers":0,"task_id":13,"user_group_id":"1","user_created":"1","date_created":1459703979}', '1', 'INSERT', 1459703979),
(100, 'sys_user_role', 155, 'ems_system_user_group_role', '{"view":1,"add":1,"edit":1,"delete":1,"print":0,"download":0,"column_headers":0,"task_id":16,"user_group_id":"1","user_created":"1","date_created":1459703979}', '1', 'INSERT', 1459703979),
(101, 'sys_user_role', 156, 'ems_system_user_group_role', '{"view":1,"add":1,"edit":1,"delete":1,"print":0,"download":0,"column_headers":0,"task_id":17,"user_group_id":"1","user_created":"1","date_created":1459703979}', '1', 'INSERT', 1459703979),
(102, 'sys_user_role', 157, 'ems_system_user_group_role', '{"view":1,"add":1,"edit":1,"delete":1,"print":0,"download":0,"column_headers":0,"task_id":18,"user_group_id":"1","user_created":"1","date_created":1459703979}', '1', 'INSERT', 1459703979),
(103, 'sys_user_role', 158, 'ems_system_user_group_role', '{"view":1,"add":1,"edit":1,"delete":1,"print":0,"download":0,"column_headers":0,"task_id":26,"user_group_id":"1","user_created":"1","date_created":1459703979}', '1', 'INSERT', 1459703979),
(104, 'sys_user_role', 159, 'ems_system_user_group_role', '{"view":1,"add":1,"edit":1,"delete":1,"print":0,"download":0,"column_headers":0,"task_id":27,"user_group_id":"1","user_created":"1","date_created":1459703979}', '1', 'INSERT', 1459703979),
(105, 'sys_user_role', 160, 'ems_system_user_group_role', '{"view":1,"add":1,"edit":1,"delete":1,"print":0,"download":0,"column_headers":0,"task_id":41,"user_group_id":"1","user_created":"1","date_created":1459703979}', '1', 'INSERT', 1459703979),
(106, 'sys_user_role', 161, 'ems_system_user_group_role', '{"view":1,"add":1,"edit":1,"delete":1,"print":1,"download":1,"column_headers":1,"task_id":51,"user_group_id":"1","user_created":"1","date_created":1459703979}', '1', 'INSERT', 1459703979),
(107, 'sys_user_role', 162, 'ems_system_user_group_role', '{"view":1,"add":1,"edit":1,"delete":1,"print":0,"download":0,"column_headers":0,"task_id":19,"user_group_id":"1","user_created":"1","date_created":1459703979}', '1', 'INSERT', 1459703979),
(108, 'sys_user_role', 163, 'ems_system_user_group_role', '{"view":1,"add":1,"edit":1,"delete":1,"print":0,"download":0,"column_headers":0,"task_id":21,"user_group_id":"1","user_created":"1","date_created":1459703979}', '1', 'INSERT', 1459703979),
(109, 'sys_user_role', 164, 'ems_system_user_group_role', '{"view":1,"add":1,"edit":1,"delete":1,"print":0,"download":0,"column_headers":0,"task_id":22,"user_group_id":"1","user_created":"1","date_created":1459703979}', '1', 'INSERT', 1459703979),
(110, 'sys_user_role', 165, 'ems_system_user_group_role', '{"view":1,"add":1,"edit":1,"delete":1,"print":0,"download":0,"column_headers":0,"task_id":20,"user_group_id":"1","user_created":"1","date_created":1459703979}', '1', 'INSERT', 1459703979),
(111, 'sys_user_role', 166, 'ems_system_user_group_role', '{"view":1,"add":1,"edit":1,"delete":1,"print":0,"download":0,"column_headers":0,"task_id":28,"user_group_id":"1","user_created":"1","date_created":1459703979}', '1', 'INSERT', 1459703979),
(112, 'sys_user_role', 167, 'ems_system_user_group_role', '{"view":1,"add":1,"edit":1,"delete":1,"print":0,"download":0,"column_headers":0,"task_id":33,"user_group_id":"1","user_created":"1","date_created":1459703979}', '1', 'INSERT', 1459703979),
(113, 'sys_user_role', 168, 'ems_system_user_group_role', '{"view":1,"add":1,"edit":1,"delete":1,"print":1,"download":1,"column_headers":1,"task_id":47,"user_group_id":"1","user_created":"1","date_created":1459703979}', '1', 'INSERT', 1459703979),
(114, 'sys_user_role', 169, 'ems_system_user_group_role', '{"view":1,"add":1,"edit":1,"delete":1,"print":1,"download":1,"column_headers":1,"task_id":50,"user_group_id":"1","user_created":"1","date_created":1459703979}', '1', 'INSERT', 1459703979),
(115, 'sys_user_role', 170, 'ems_system_user_group_role', '{"view":1,"add":1,"edit":1,"delete":1,"print":0,"download":0,"column_headers":0,"task_id":24,"user_group_id":"1","user_created":"1","date_created":1459703979}', '1', 'INSERT', 1459703979),
(116, 'sys_user_role', 171, 'ems_system_user_group_role', '{"view":1,"add":1,"edit":1,"delete":1,"print":0,"download":0,"column_headers":0,"task_id":25,"user_group_id":"1","user_created":"1","date_created":1459703979}', '1', 'INSERT', 1459703979),
(117, 'sys_user_role', 172, 'ems_system_user_group_role', '{"view":1,"add":1,"edit":1,"delete":1,"print":0,"download":0,"column_headers":0,"task_id":30,"user_group_id":"1","user_created":"1","date_created":1459703979}', '1', 'INSERT', 1459703979),
(118, 'sys_user_role', 173, 'ems_system_user_group_role', '{"view":1,"add":1,"edit":1,"delete":1,"print":0,"download":0,"column_headers":0,"task_id":32,"user_group_id":"1","user_created":"1","date_created":1459703979}', '1', 'INSERT', 1459703979),
(119, 'sys_user_role', 174, 'ems_system_user_group_role', '{"view":1,"add":1,"edit":1,"delete":1,"print":1,"download":1,"column_headers":1,"task_id":43,"user_group_id":"1","user_created":"1","date_created":1459703979}', '1', 'INSERT', 1459703979),
(120, 'sys_user_role', 175, 'ems_system_user_group_role', '{"view":1,"add":1,"edit":1,"delete":1,"print":0,"download":0,"column_headers":0,"task_id":36,"user_group_id":"1","user_created":"1","date_created":1459703979}', '1', 'INSERT', 1459703979),
(121, 'sys_user_role', 176, 'ems_system_user_group_role', '{"view":1,"add":1,"edit":1,"delete":1,"print":1,"download":1,"column_headers":1,"task_id":38,"user_group_id":"1","user_created":"1","date_created":1459703979}', '1', 'INSERT', 1459703979),
(122, 'sys_user_role', 177, 'ems_system_user_group_role', '{"view":1,"add":1,"edit":1,"delete":1,"print":1,"download":1,"column_headers":1,"task_id":39,"user_group_id":"1","user_created":"1","date_created":1459703979}', '1', 'INSERT', 1459703979),
(123, 'sys_user_role', 178, 'ems_system_user_group_role', '{"view":1,"add":1,"edit":1,"delete":1,"print":1,"download":1,"column_headers":1,"task_id":40,"user_group_id":"1","user_created":"1","date_created":1459703979}', '1', 'INSERT', 1459703979),
(124, 'sys_user_role', 179, 'ems_system_user_group_role', '{"view":1,"add":1,"edit":1,"delete":1,"print":1,"download":1,"column_headers":1,"task_id":44,"user_group_id":"1","user_created":"1","date_created":1459703979}', '1', 'INSERT', 1459703979),
(125, 'sys_user_role', 180, 'ems_system_user_group_role', '{"view":1,"add":1,"edit":1,"delete":1,"print":0,"download":0,"column_headers":0,"task_id":31,"user_group_id":"1","user_created":"1","date_created":1459703979}', '1', 'INSERT', 1459703979),
(126, 'sys_user_role', 181, 'ems_system_user_group_role', '{"view":1,"add":1,"edit":1,"delete":1,"print":1,"download":1,"column_headers":1,"task_id":49,"user_group_id":"1","user_created":"1","date_created":1459703979}', '1', 'INSERT', 1459703979),
(127, 'sys_user_role', 182, 'ems_system_user_group_role', '{"view":1,"add":1,"edit":1,"delete":1,"print":1,"download":1,"column_headers":1,"task_id":45,"user_group_id":"1","user_created":"1","date_created":1459703979}', '1', 'INSERT', 1459703979),
(128, 'sys_user_role', 183, 'ems_system_user_group_role', '{"view":1,"add":1,"edit":1,"delete":1,"print":1,"download":1,"column_headers":1,"task_id":48,"user_group_id":"1","user_created":"1","date_created":1459703979}', '1', 'INSERT', 1459703979),
(129, 'sys_user_role', 184, 'ems_system_user_group_role', '{"view":1,"add":1,"edit":1,"delete":1,"print":1,"download":1,"column_headers":1,"task_id":52,"user_group_id":"1","user_created":"1","date_created":1459703979}', '1', 'INSERT', 1459703979),
(130, 'sys_user_role', 185, 'ems_system_user_group_role', '{"view":1,"add":1,"edit":1,"delete":1,"print":1,"download":1,"column_headers":1,"task_id":58,"user_group_id":"1","user_created":"1","date_created":1459703979}', '1', 'INSERT', 1459703979),
(131, 'sys_user_role', 186, 'ems_system_user_group_role', '{"view":1,"add":1,"edit":1,"delete":1,"print":1,"download":1,"column_headers":1,"task_id":59,"user_group_id":"1","user_created":"1","date_created":1459703979}', '1', 'INSERT', 1459703979),
(132, 'sys_user_role', 187, 'ems_system_user_group_role', '{"view":1,"add":1,"edit":1,"delete":1,"print":1,"download":1,"column_headers":1,"task_id":54,"user_group_id":"1","user_created":"1","date_created":1459703979}', '1', 'INSERT', 1459703979),
(133, 'sys_user_role', 188, 'ems_system_user_group_role', '{"view":1,"add":1,"edit":1,"delete":1,"print":1,"download":1,"column_headers":1,"task_id":55,"user_group_id":"1","user_created":"1","date_created":1459703979}', '1', 'INSERT', 1459703979),
(134, 'sys_user_role', 189, 'ems_system_user_group_role', '{"view":1,"add":1,"edit":1,"delete":1,"print":1,"download":1,"column_headers":1,"task_id":56,"user_group_id":"1","user_created":"1","date_created":1459703979}', '1', 'INSERT', 1459703979),
(135, 'sys_user_role', 190, 'ems_system_user_group_role', '{"view":1,"add":1,"edit":1,"delete":1,"print":1,"download":1,"column_headers":1,"task_id":57,"user_group_id":"1","user_created":"1","date_created":1459703979}', '1', 'INSERT', 1459703979),
(136, 'sys_user_role', 191, 'ems_system_user_group_role', '{"view":1,"add":1,"edit":1,"delete":1,"print":0,"download":0,"column_headers":0,"task_id":3,"user_group_id":"2","user_created":"1","date_created":1459703998}', '1', 'INSERT', 1459703998),
(137, 'sys_user_role', 192, 'ems_system_user_group_role', '{"view":1,"add":1,"edit":1,"delete":1,"print":0,"download":0,"column_headers":0,"task_id":4,"user_group_id":"2","user_created":"1","date_created":1459703998}', '1', 'INSERT', 1459703998),
(138, 'sys_user_role', 193, 'ems_system_user_group_role', '{"view":1,"add":1,"edit":1,"delete":1,"print":0,"download":0,"column_headers":0,"task_id":6,"user_group_id":"2","user_created":"1","date_created":1459703998}', '1', 'INSERT', 1459703998),
(139, 'sys_user_role', 194, 'ems_system_user_group_role', '{"view":1,"add":1,"edit":1,"delete":1,"print":0,"download":0,"column_headers":0,"task_id":34,"user_group_id":"2","user_created":"1","date_created":1459703998}', '1', 'INSERT', 1459703998),
(140, 'sys_user_role', 195, 'ems_system_user_group_role', '{"view":1,"add":1,"edit":1,"delete":1,"print":0,"download":0,"column_headers":0,"task_id":8,"user_group_id":"2","user_created":"1","date_created":1459703998}', '1', 'INSERT', 1459703998),
(141, 'sys_user_role', 196, 'ems_system_user_group_role', '{"view":1,"add":1,"edit":1,"delete":1,"print":0,"download":0,"column_headers":0,"task_id":9,"user_group_id":"2","user_created":"1","date_created":1459703998}', '1', 'INSERT', 1459703998),
(142, 'sys_user_role', 197, 'ems_system_user_group_role', '{"view":1,"add":1,"edit":1,"delete":1,"print":0,"download":0,"column_headers":0,"task_id":10,"user_group_id":"2","user_created":"1","date_created":1459703998}', '1', 'INSERT', 1459703998),
(143, 'sys_user_role', 198, 'ems_system_user_group_role', '{"view":1,"add":1,"edit":1,"delete":1,"print":0,"download":0,"column_headers":0,"task_id":11,"user_group_id":"2","user_created":"1","date_created":1459703998}', '1', 'INSERT', 1459703998),
(144, 'sys_user_role', 199, 'ems_system_user_group_role', '{"view":1,"add":1,"edit":1,"delete":1,"print":0,"download":0,"column_headers":0,"task_id":12,"user_group_id":"2","user_created":"1","date_created":1459703998}', '1', 'INSERT', 1459703998),
(145, 'sys_user_role', 200, 'ems_system_user_group_role', '{"view":1,"add":1,"edit":1,"delete":1,"print":0,"download":0,"column_headers":0,"task_id":13,"user_group_id":"2","user_created":"1","date_created":1459703998}', '1', 'INSERT', 1459703998),
(146, 'sys_user_role', 201, 'ems_system_user_group_role', '{"view":1,"add":1,"edit":1,"delete":1,"print":0,"download":0,"column_headers":0,"task_id":16,"user_group_id":"2","user_created":"1","date_created":1459703998}', '1', 'INSERT', 1459703998),
(147, 'sys_user_role', 202, 'ems_system_user_group_role', '{"view":1,"add":1,"edit":1,"delete":1,"print":0,"download":0,"column_headers":0,"task_id":17,"user_group_id":"2","user_created":"1","date_created":1459703998}', '1', 'INSERT', 1459703998),
(148, 'sys_user_role', 203, 'ems_system_user_group_role', '{"view":1,"add":1,"edit":1,"delete":1,"print":0,"download":0,"column_headers":0,"task_id":18,"user_group_id":"2","user_created":"1","date_created":1459703998}', '1', 'INSERT', 1459703998),
(149, 'sys_user_role', 204, 'ems_system_user_group_role', '{"view":1,"add":1,"edit":1,"delete":1,"print":0,"download":0,"column_headers":0,"task_id":26,"user_group_id":"2","user_created":"1","date_created":1459703998}', '1', 'INSERT', 1459703998),
(150, 'sys_user_role', 205, 'ems_system_user_group_role', '{"view":1,"add":1,"edit":1,"delete":1,"print":0,"download":0,"column_headers":0,"task_id":27,"user_group_id":"2","user_created":"1","date_created":1459703998}', '1', 'INSERT', 1459703998),
(151, 'sys_user_role', 206, 'ems_system_user_group_role', '{"view":1,"add":1,"edit":1,"delete":1,"print":0,"download":0,"column_headers":0,"task_id":41,"user_group_id":"2","user_created":"1","date_created":1459703998}', '1', 'INSERT', 1459703998),
(152, 'sys_user_role', 207, 'ems_system_user_group_role', '{"view":1,"add":1,"edit":1,"delete":1,"print":1,"download":1,"column_headers":1,"task_id":51,"user_group_id":"2","user_created":"1","date_created":1459703998}', '1', 'INSERT', 1459703998),
(153, 'sys_user_role', 208, 'ems_system_user_group_role', '{"view":1,"add":1,"edit":1,"delete":1,"print":0,"download":0,"column_headers":0,"task_id":19,"user_group_id":"2","user_created":"1","date_created":1459703998}', '1', 'INSERT', 1459703998),
(154, 'sys_user_role', 209, 'ems_system_user_group_role', '{"view":1,"add":1,"edit":1,"delete":1,"print":0,"download":0,"column_headers":0,"task_id":21,"user_group_id":"2","user_created":"1","date_created":1459703998}', '1', 'INSERT', 1459703998),
(155, 'sys_user_role', 210, 'ems_system_user_group_role', '{"view":1,"add":1,"edit":1,"delete":1,"print":0,"download":0,"column_headers":0,"task_id":22,"user_group_id":"2","user_created":"1","date_created":1459703998}', '1', 'INSERT', 1459703998),
(156, 'sys_user_role', 211, 'ems_system_user_group_role', '{"view":1,"add":1,"edit":1,"delete":1,"print":0,"download":0,"column_headers":0,"task_id":20,"user_group_id":"2","user_created":"1","date_created":1459703998}', '1', 'INSERT', 1459703998),
(157, 'sys_user_role', 212, 'ems_system_user_group_role', '{"view":1,"add":1,"edit":1,"delete":1,"print":0,"download":0,"column_headers":0,"task_id":28,"user_group_id":"2","user_created":"1","date_created":1459703998}', '1', 'INSERT', 1459703998),
(158, 'sys_user_role', 213, 'ems_system_user_group_role', '{"view":1,"add":1,"edit":1,"delete":1,"print":0,"download":0,"column_headers":0,"task_id":33,"user_group_id":"2","user_created":"1","date_created":1459703998}', '1', 'INSERT', 1459703998),
(159, 'sys_user_role', 214, 'ems_system_user_group_role', '{"view":1,"add":1,"edit":1,"delete":1,"print":1,"download":1,"column_headers":1,"task_id":47,"user_group_id":"2","user_created":"1","date_created":1459703998}', '1', 'INSERT', 1459703998),
(160, 'sys_user_role', 215, 'ems_system_user_group_role', '{"view":1,"add":1,"edit":1,"delete":1,"print":1,"download":1,"column_headers":1,"task_id":50,"user_group_id":"2","user_created":"1","date_created":1459703998}', '1', 'INSERT', 1459703998),
(161, 'sys_user_role', 216, 'ems_system_user_group_role', '{"view":1,"add":1,"edit":1,"delete":1,"print":0,"download":0,"column_headers":0,"task_id":24,"user_group_id":"2","user_created":"1","date_created":1459703998}', '1', 'INSERT', 1459703998),
(162, 'sys_user_role', 217, 'ems_system_user_group_role', '{"view":1,"add":1,"edit":1,"delete":1,"print":0,"download":0,"column_headers":0,"task_id":25,"user_group_id":"2","user_created":"1","date_created":1459703998}', '1', 'INSERT', 1459703998),
(163, 'sys_user_role', 218, 'ems_system_user_group_role', '{"view":1,"add":1,"edit":1,"delete":1,"print":0,"download":0,"column_headers":0,"task_id":30,"user_group_id":"2","user_created":"1","date_created":1459703998}', '1', 'INSERT', 1459703998),
(164, 'sys_user_role', 219, 'ems_system_user_group_role', '{"view":1,"add":1,"edit":1,"delete":1,"print":0,"download":0,"column_headers":0,"task_id":32,"user_group_id":"2","user_created":"1","date_created":1459703998}', '1', 'INSERT', 1459703998),
(165, 'sys_user_role', 220, 'ems_system_user_group_role', '{"view":1,"add":1,"edit":1,"delete":1,"print":1,"download":1,"column_headers":1,"task_id":43,"user_group_id":"2","user_created":"1","date_created":1459703998}', '1', 'INSERT', 1459703998),
(166, 'sys_user_role', 221, 'ems_system_user_group_role', '{"view":1,"add":1,"edit":1,"delete":1,"print":1,"download":1,"column_headers":0,"task_id":36,"user_group_id":"2","user_created":"1","date_created":1459703998}', '1', 'INSERT', 1459703998),
(167, 'sys_user_role', 222, 'ems_system_user_group_role', '{"view":1,"add":1,"edit":1,"delete":1,"print":1,"download":1,"column_headers":1,"task_id":38,"user_group_id":"2","user_created":"1","date_created":1459703998}', '1', 'INSERT', 1459703998),
(168, 'sys_user_role', 223, 'ems_system_user_group_role', '{"view":1,"add":1,"edit":1,"delete":1,"print":1,"download":1,"column_headers":1,"task_id":39,"user_group_id":"2","user_created":"1","date_created":1459703998}', '1', 'INSERT', 1459703998),
(169, 'sys_user_role', 224, 'ems_system_user_group_role', '{"view":1,"add":1,"edit":1,"delete":1,"print":1,"download":1,"column_headers":1,"task_id":40,"user_group_id":"2","user_created":"1","date_created":1459703998}', '1', 'INSERT', 1459703998),
(170, 'sys_user_role', 225, 'ems_system_user_group_role', '{"view":1,"add":1,"edit":1,"delete":1,"print":1,"download":1,"column_headers":1,"task_id":44,"user_group_id":"2","user_created":"1","date_created":1459703998}', '1', 'INSERT', 1459703998),
(171, 'sys_user_role', 226, 'ems_system_user_group_role', '{"view":1,"add":1,"edit":1,"delete":1,"print":0,"download":0,"column_headers":0,"task_id":31,"user_group_id":"2","user_created":"1","date_created":1459703998}', '1', 'INSERT', 1459703998),
(172, 'sys_user_role', 227, 'ems_system_user_group_role', '{"view":1,"add":1,"edit":1,"delete":1,"print":1,"download":1,"column_headers":1,"task_id":49,"user_group_id":"2","user_created":"1","date_created":1459703998}', '1', 'INSERT', 1459703998),
(173, 'sys_user_role', 228, 'ems_system_user_group_role', '{"view":1,"add":1,"edit":1,"delete":1,"print":1,"download":1,"column_headers":1,"task_id":45,"user_group_id":"2","user_created":"1","date_created":1459703998}', '1', 'INSERT', 1459703998),
(174, 'sys_user_role', 229, 'ems_system_user_group_role', '{"view":1,"add":1,"edit":1,"delete":1,"print":1,"download":1,"column_headers":1,"task_id":48,"user_group_id":"2","user_created":"1","date_created":1459703998}', '1', 'INSERT', 1459703998),
(175, 'sys_user_role', 230, 'ems_system_user_group_role', '{"view":1,"add":1,"edit":1,"delete":1,"print":1,"download":1,"column_headers":1,"task_id":52,"user_group_id":"2","user_created":"1","date_created":1459703998}', '1', 'INSERT', 1459703998),
(176, 'sys_user_role', 231, 'ems_system_user_group_role', '{"view":1,"add":1,"edit":1,"delete":1,"print":1,"download":1,"column_headers":1,"task_id":58,"user_group_id":"2","user_created":"1","date_created":1459703998}', '1', 'INSERT', 1459703998),
(177, 'sys_user_role', 232, 'ems_system_user_group_role', '{"view":1,"add":1,"edit":1,"delete":1,"print":1,"download":1,"column_headers":1,"task_id":59,"user_group_id":"2","user_created":"1","date_created":1459703998}', '1', 'INSERT', 1459703998),
(178, 'sys_user_role', 233, 'ems_system_user_group_role', '{"view":1,"add":1,"edit":1,"delete":1,"print":1,"download":1,"column_headers":1,"task_id":54,"user_group_id":"2","user_created":"1","date_created":1459703998}', '1', 'INSERT', 1459703998),
(179, 'sys_user_role', 234, 'ems_system_user_group_role', '{"view":1,"add":1,"edit":1,"delete":1,"print":1,"download":1,"column_headers":1,"task_id":55,"user_group_id":"2","user_created":"1","date_created":1459703998}', '1', 'INSERT', 1459703998),
(180, 'sys_user_role', 235, 'ems_system_user_group_role', '{"view":1,"add":1,"edit":1,"delete":1,"print":1,"download":1,"column_headers":1,"task_id":56,"user_group_id":"2","user_created":"1","date_created":1459703998}', '1', 'INSERT', 1459703998),
(181, 'sys_user_role', 236, 'ems_system_user_group_role', '{"view":1,"add":1,"edit":1,"delete":1,"print":1,"download":1,"column_headers":1,"task_id":57,"user_group_id":"2","user_created":"1","date_created":1459703998}', '1', 'INSERT', 1459703998),
(182, 'sys_user_role', 237, 'ems_system_user_group_role', '{"view":1,"add":0,"edit":0,"delete":0,"print":1,"download":1,"column_headers":1,"task_id":2,"user_group_id":"2","user_created":"2","date_created":1459734816}', '2', 'INSERT', 1459734816),
(183, 'sys_user_role', 238, 'ems_system_user_group_role', '{"view":1,"add":1,"edit":1,"delete":1,"print":1,"download":1,"column_headers":1,"task_id":3,"user_group_id":"2","user_created":"2","date_created":1459734816}', '2', 'INSERT', 1459734816),
(184, 'sys_user_role', 239, 'ems_system_user_group_role', '{"view":1,"add":1,"edit":1,"delete":1,"print":1,"download":1,"column_headers":1,"task_id":4,"user_group_id":"2","user_created":"2","date_created":1459734816}', '2', 'INSERT', 1459734816),
(185, 'sys_user_role', 240, 'ems_system_user_group_role', '{"view":1,"add":1,"edit":1,"delete":1,"print":1,"download":1,"column_headers":1,"task_id":6,"user_group_id":"2","user_created":"2","date_created":1459734816}', '2', 'INSERT', 1459734816),
(186, 'sys_user_role', 241, 'ems_system_user_group_role', '{"view":1,"add":1,"edit":1,"delete":1,"print":1,"download":1,"column_headers":1,"task_id":34,"user_group_id":"2","user_created":"2","date_created":1459734816}', '2', 'INSERT', 1459734816),
(187, 'sys_user_role', 242, 'ems_system_user_group_role', '{"view":1,"add":1,"edit":1,"delete":1,"print":1,"download":1,"column_headers":1,"task_id":8,"user_group_id":"2","user_created":"2","date_created":1459734816}', '2', 'INSERT', 1459734816),
(188, 'sys_user_role', 243, 'ems_system_user_group_role', '{"view":1,"add":1,"edit":1,"delete":1,"print":1,"download":1,"column_headers":1,"task_id":9,"user_group_id":"2","user_created":"2","date_created":1459734816}', '2', 'INSERT', 1459734816),
(189, 'sys_user_role', 244, 'ems_system_user_group_role', '{"view":1,"add":1,"edit":1,"delete":1,"print":1,"download":1,"column_headers":1,"task_id":10,"user_group_id":"2","user_created":"2","date_created":1459734816}', '2', 'INSERT', 1459734816),
(190, 'sys_user_role', 245, 'ems_system_user_group_role', '{"view":1,"add":1,"edit":1,"delete":1,"print":1,"download":1,"column_headers":1,"task_id":11,"user_group_id":"2","user_created":"2","date_created":1459734816}', '2', 'INSERT', 1459734816),
(191, 'sys_user_role', 246, 'ems_system_user_group_role', '{"view":1,"add":1,"edit":1,"delete":1,"print":1,"download":1,"column_headers":1,"task_id":12,"user_group_id":"2","user_created":"2","date_created":1459734816}', '2', 'INSERT', 1459734816),
(192, 'sys_user_role', 247, 'ems_system_user_group_role', '{"view":1,"add":1,"edit":1,"delete":1,"print":1,"download":1,"column_headers":1,"task_id":13,"user_group_id":"2","user_created":"2","date_created":1459734816}', '2', 'INSERT', 1459734816),
(193, 'sys_user_role', 248, 'ems_system_user_group_role', '{"view":1,"add":1,"edit":1,"delete":1,"print":1,"download":1,"column_headers":1,"task_id":16,"user_group_id":"2","user_created":"2","date_created":1459734816}', '2', 'INSERT', 1459734816),
(194, 'sys_user_role', 249, 'ems_system_user_group_role', '{"view":1,"add":1,"edit":1,"delete":1,"print":1,"download":1,"column_headers":1,"task_id":17,"user_group_id":"2","user_created":"2","date_created":1459734816}', '2', 'INSERT', 1459734816),
(195, 'sys_user_role', 250, 'ems_system_user_group_role', '{"view":1,"add":1,"edit":1,"delete":1,"print":1,"download":1,"column_headers":1,"task_id":18,"user_group_id":"2","user_created":"2","date_created":1459734816}', '2', 'INSERT', 1459734816),
(196, 'sys_user_role', 251, 'ems_system_user_group_role', '{"view":1,"add":1,"edit":1,"delete":1,"print":1,"download":1,"column_headers":1,"task_id":26,"user_group_id":"2","user_created":"2","date_created":1459734816}', '2', 'INSERT', 1459734816),
(197, 'sys_user_role', 252, 'ems_system_user_group_role', '{"view":1,"add":1,"edit":1,"delete":1,"print":1,"download":1,"column_headers":1,"task_id":27,"user_group_id":"2","user_created":"2","date_created":1459734816}', '2', 'INSERT', 1459734816);
INSERT INTO `ems_history` (`id`, `controller`, `table_id`, `table_name`, `data`, `user_id`, `action`, `date`) VALUES
(198, 'sys_user_role', 253, 'ems_system_user_group_role', '{"view":1,"add":1,"edit":1,"delete":1,"print":1,"download":1,"column_headers":1,"task_id":41,"user_group_id":"2","user_created":"2","date_created":1459734816}', '2', 'INSERT', 1459734816),
(199, 'sys_user_role', 254, 'ems_system_user_group_role', '{"view":1,"add":1,"edit":1,"delete":1,"print":1,"download":1,"column_headers":1,"task_id":51,"user_group_id":"2","user_created":"2","date_created":1459734816}', '2', 'INSERT', 1459734816),
(200, 'sys_user_role', 255, 'ems_system_user_group_role', '{"view":1,"add":1,"edit":1,"delete":1,"print":1,"download":1,"column_headers":1,"task_id":19,"user_group_id":"2","user_created":"2","date_created":1459734816}', '2', 'INSERT', 1459734816),
(201, 'sys_user_role', 256, 'ems_system_user_group_role', '{"view":1,"add":1,"edit":1,"delete":1,"print":1,"download":1,"column_headers":1,"task_id":21,"user_group_id":"2","user_created":"2","date_created":1459734816}', '2', 'INSERT', 1459734816),
(202, 'sys_user_role', 257, 'ems_system_user_group_role', '{"view":1,"add":1,"edit":1,"delete":1,"print":1,"download":1,"column_headers":1,"task_id":22,"user_group_id":"2","user_created":"2","date_created":1459734816}', '2', 'INSERT', 1459734816),
(203, 'sys_user_role', 258, 'ems_system_user_group_role', '{"view":1,"add":1,"edit":1,"delete":1,"print":1,"download":1,"column_headers":1,"task_id":20,"user_group_id":"2","user_created":"2","date_created":1459734816}', '2', 'INSERT', 1459734816),
(204, 'sys_user_role', 259, 'ems_system_user_group_role', '{"view":1,"add":1,"edit":1,"delete":1,"print":1,"download":1,"column_headers":1,"task_id":28,"user_group_id":"2","user_created":"2","date_created":1459734816}', '2', 'INSERT', 1459734816),
(205, 'sys_user_role', 260, 'ems_system_user_group_role', '{"view":1,"add":1,"edit":1,"delete":1,"print":1,"download":1,"column_headers":1,"task_id":33,"user_group_id":"2","user_created":"2","date_created":1459734816}', '2', 'INSERT', 1459734816),
(206, 'sys_user_role', 261, 'ems_system_user_group_role', '{"view":1,"add":1,"edit":1,"delete":1,"print":1,"download":1,"column_headers":1,"task_id":47,"user_group_id":"2","user_created":"2","date_created":1459734816}', '2', 'INSERT', 1459734816),
(207, 'sys_user_role', 262, 'ems_system_user_group_role', '{"view":1,"add":1,"edit":1,"delete":1,"print":1,"download":1,"column_headers":1,"task_id":50,"user_group_id":"2","user_created":"2","date_created":1459734816}', '2', 'INSERT', 1459734816),
(208, 'sys_user_role', 263, 'ems_system_user_group_role', '{"view":1,"add":1,"edit":1,"delete":1,"print":1,"download":1,"column_headers":1,"task_id":24,"user_group_id":"2","user_created":"2","date_created":1459734816}', '2', 'INSERT', 1459734816),
(209, 'sys_user_role', 264, 'ems_system_user_group_role', '{"view":1,"add":1,"edit":1,"delete":1,"print":1,"download":1,"column_headers":1,"task_id":25,"user_group_id":"2","user_created":"2","date_created":1459734816}', '2', 'INSERT', 1459734816),
(210, 'sys_user_role', 265, 'ems_system_user_group_role', '{"view":1,"add":1,"edit":1,"delete":1,"print":1,"download":1,"column_headers":1,"task_id":30,"user_group_id":"2","user_created":"2","date_created":1459734816}', '2', 'INSERT', 1459734816),
(211, 'sys_user_role', 266, 'ems_system_user_group_role', '{"view":1,"add":1,"edit":1,"delete":1,"print":1,"download":1,"column_headers":1,"task_id":32,"user_group_id":"2","user_created":"2","date_created":1459734816}', '2', 'INSERT', 1459734816),
(212, 'sys_user_role', 267, 'ems_system_user_group_role', '{"view":1,"add":1,"edit":1,"delete":1,"print":1,"download":1,"column_headers":1,"task_id":43,"user_group_id":"2","user_created":"2","date_created":1459734816}', '2', 'INSERT', 1459734816),
(213, 'sys_user_role', 268, 'ems_system_user_group_role', '{"view":1,"add":1,"edit":1,"delete":1,"print":1,"download":1,"column_headers":1,"task_id":36,"user_group_id":"2","user_created":"2","date_created":1459734816}', '2', 'INSERT', 1459734816),
(214, 'sys_user_role', 269, 'ems_system_user_group_role', '{"view":1,"add":1,"edit":1,"delete":1,"print":1,"download":1,"column_headers":1,"task_id":38,"user_group_id":"2","user_created":"2","date_created":1459734816}', '2', 'INSERT', 1459734816),
(215, 'sys_user_role', 270, 'ems_system_user_group_role', '{"view":1,"add":1,"edit":1,"delete":1,"print":1,"download":1,"column_headers":1,"task_id":39,"user_group_id":"2","user_created":"2","date_created":1459734816}', '2', 'INSERT', 1459734816),
(216, 'sys_user_role', 271, 'ems_system_user_group_role', '{"view":1,"add":1,"edit":1,"delete":1,"print":1,"download":1,"column_headers":1,"task_id":40,"user_group_id":"2","user_created":"2","date_created":1459734816}', '2', 'INSERT', 1459734816),
(217, 'sys_user_role', 272, 'ems_system_user_group_role', '{"view":1,"add":1,"edit":1,"delete":1,"print":1,"download":1,"column_headers":1,"task_id":44,"user_group_id":"2","user_created":"2","date_created":1459734816}', '2', 'INSERT', 1459734816),
(218, 'sys_user_role', 273, 'ems_system_user_group_role', '{"view":1,"add":1,"edit":1,"delete":1,"print":1,"download":1,"column_headers":1,"task_id":31,"user_group_id":"2","user_created":"2","date_created":1459734816}', '2', 'INSERT', 1459734816),
(219, 'sys_user_role', 274, 'ems_system_user_group_role', '{"view":1,"add":1,"edit":1,"delete":1,"print":1,"download":1,"column_headers":1,"task_id":49,"user_group_id":"2","user_created":"2","date_created":1459734816}', '2', 'INSERT', 1459734816),
(220, 'sys_user_role', 275, 'ems_system_user_group_role', '{"view":1,"add":1,"edit":1,"delete":1,"print":1,"download":1,"column_headers":1,"task_id":45,"user_group_id":"2","user_created":"2","date_created":1459734816}', '2', 'INSERT', 1459734816),
(221, 'sys_user_role', 276, 'ems_system_user_group_role', '{"view":1,"add":1,"edit":1,"delete":1,"print":1,"download":1,"column_headers":1,"task_id":48,"user_group_id":"2","user_created":"2","date_created":1459734816}', '2', 'INSERT', 1459734816),
(222, 'sys_user_role', 277, 'ems_system_user_group_role', '{"view":1,"add":1,"edit":1,"delete":1,"print":1,"download":1,"column_headers":1,"task_id":52,"user_group_id":"2","user_created":"2","date_created":1459734816}', '2', 'INSERT', 1459734816),
(223, 'sys_user_role', 278, 'ems_system_user_group_role', '{"view":1,"add":1,"edit":1,"delete":1,"print":1,"download":1,"column_headers":1,"task_id":58,"user_group_id":"2","user_created":"2","date_created":1459734816}', '2', 'INSERT', 1459734816),
(224, 'sys_user_role', 279, 'ems_system_user_group_role', '{"view":1,"add":1,"edit":1,"delete":1,"print":1,"download":1,"column_headers":1,"task_id":59,"user_group_id":"2","user_created":"2","date_created":1459734816}', '2', 'INSERT', 1459734816),
(225, 'sys_user_role', 280, 'ems_system_user_group_role', '{"view":1,"add":1,"edit":1,"delete":1,"print":1,"download":1,"column_headers":1,"task_id":54,"user_group_id":"2","user_created":"2","date_created":1459734816}', '2', 'INSERT', 1459734816),
(226, 'sys_user_role', 281, 'ems_system_user_group_role', '{"view":1,"add":1,"edit":1,"delete":1,"print":1,"download":1,"column_headers":1,"task_id":55,"user_group_id":"2","user_created":"2","date_created":1459734816}', '2', 'INSERT', 1459734816),
(227, 'sys_user_role', 282, 'ems_system_user_group_role', '{"view":1,"add":1,"edit":1,"delete":1,"print":1,"download":1,"column_headers":1,"task_id":56,"user_group_id":"2","user_created":"2","date_created":1459734816}', '2', 'INSERT', 1459734816),
(228, 'sys_user_role', 283, 'ems_system_user_group_role', '{"view":1,"add":1,"edit":1,"delete":1,"print":1,"download":1,"column_headers":1,"task_id":57,"user_group_id":"2","user_created":"2","date_created":1459734816}', '2', 'INSERT', 1459734816),
(229, 'sys_user_role', 284, 'ems_system_user_group_role', '{"view":1,"add":1,"edit":1,"delete":0,"print":1,"download":0,"column_headers":0,"task_id":36,"user_group_id":"3","user_created":"2","date_created":1459735325}', '2', 'INSERT', 1459735325),
(230, 'sys_user_role', 285, 'ems_system_user_group_role', '{"view":1,"add":1,"edit":1,"delete":0,"print":1,"download":0,"column_headers":0,"task_id":39,"user_group_id":"3","user_created":"2","date_created":1459735325}', '2', 'INSERT', 1459735325),
(231, 'sys_user_role', 286, 'ems_system_user_group_role', '{"view":1,"add":1,"edit":1,"delete":1,"print":1,"download":1,"column_headers":1,"task_id":49,"user_group_id":"3","user_created":"2","date_created":1459735325}', '2', 'INSERT', 1459735325),
(232, 'sys_user_role', 287, 'ems_system_user_group_role', '{"view":1,"add":1,"edit":1,"delete":1,"print":1,"download":1,"column_headers":1,"task_id":45,"user_group_id":"3","user_created":"2","date_created":1459735325}', '2', 'INSERT', 1459735325),
(233, 'sys_user_role', 288, 'ems_system_user_group_role', '{"view":1,"add":1,"edit":1,"delete":1,"print":1,"download":1,"column_headers":1,"task_id":48,"user_group_id":"3","user_created":"2","date_created":1459735325}', '2', 'INSERT', 1459735325),
(234, 'sys_user_role', 289, 'ems_system_user_group_role', '{"view":1,"add":1,"edit":1,"delete":1,"print":1,"download":1,"column_headers":1,"task_id":52,"user_group_id":"3","user_created":"2","date_created":1459735325}', '2', 'INSERT', 1459735325),
(235, 'sales_po', 9, 'ems_sales_po', '{"date_po":1459706400,"customer_id":"49","warehouse_id":"1","user_created":"22","date_created":1459735829}', '22', 'INSERT', 1459735829),
(236, 'sales_po', 22, 'ems_sales_po_details', '{"variety_id":"44","pack_size_id":"1","quantity":"200","pack_size":"5","variety_price":"135","variety_price_id":"33","quantity_bonus":"0","bonus_details_id":"0","bonus_pack_size":"0","bonus_pack_size_id":"0","sales_po_id":9,"remarks":"","revision":1,"user_created":"22","date_created":1459735829}', '22', 'INSERT', 1459735829),
(237, 'sales_po', 9, 'ems_sales_po', '{"status_requested":"Requested","user_requested":"22","date_requested":1459735836}', '22', 'UPDATE', 1459735836),
(238, 'sales_po_approve', 9, 'ems_sales_po', '{"status_approved":"Approved","remarks_approved":"","user_approved":"22","date_approved":1459735889}', '22', 'UPDATE', 1459735889),
(239, 'setup_csetup_customer', 40, 'ems_csetup_customers', '{"district_id":"69","name":"Azad Beej Ghar","customer_code":"AS154","credit_limit":"500000","name_owner":"Md. Badrul Alam Azad","name_market":"","address":"Islam Mansion, Kadamtoli, Sylhet.","phone":"01712912888","email":"","status_agreement":"Active","ordering":"41","status":"Active","user_updated":"2","date_updated":1459735909}', '2', 'UPDATE', 1459735909),
(240, 'setup_csetup_customer', 40, 'ems_payment_payment', '{"amount":"-1014627","user_updated":"2","date_updated":1459735909}', '2', 'UPDATE', 1459735909),
(241, 'setup_csetup_customer', 11, 'ems_csetup_customers', '{"district_id":"67","name":"Bismillah Beej Bhandar","customer_code":"BN021","credit_limit":"500000","name_owner":"Md. Moksedul Islam","name_market":"","address":"1 no Rail Gate, Mini Bus Stand. Santahar, Nowgaon","phone":"01713090957","email":"","status_agreement":"Active","ordering":"11","status":"Active","user_updated":"2","date_updated":1459737998}', '2', 'UPDATE', 1459737998),
(242, 'setup_csetup_customer', 11, 'ems_payment_payment', '{"amount":"-828387","user_updated":"2","date_updated":1459737998}', '2', 'UPDATE', 1459737998),
(243, 'setup_csetup_customer', 147, 'ems_csetup_customers', '{"district_id":"67","name":"Faruque Beej Bhandar","customer_code":"FN168","credit_limit":"500000","name_owner":"Faruque Ahammad","name_market":"","address":"Mahadebpur, Naugaon\\r\\n","phone":"01713721092","email":"","status_agreement":"In-Active","ordering":"127","status":"Active","user_updated":"2","date_updated":1459738097}', '2', 'UPDATE', 1459738097),
(244, 'setup_csetup_customer', 147, 'ems_payment_payment', '{"amount":"-42033","user_updated":"2","date_updated":1459738097}', '2', 'UPDATE', 1459738097),
(245, 'setup_csetup_customer', 100, 'ems_csetup_customers', '{"district_id":"67","name":"Maya Kanon Seeds","customer_code":"MN026","credit_limit":"500000","name_owner":"Rina Akther","name_market":"","address":"Angartha, Dhamuirhat, Naugaon","phone":"01712272859","email":"","status_agreement":"In-Active","ordering":"102","status":"Active","user_updated":"2","date_updated":1459738302}', '2', 'UPDATE', 1459738302),
(246, 'setup_csetup_customer', 100, 'ems_payment_payment', '{"amount":"-24805","user_updated":"2","date_updated":1459738302}', '2', 'UPDATE', 1459738302),
(247, 'setup_csetup_customer', 10, 'ems_csetup_customers', '{"district_id":"66","name":"Emon Beej Bhandar","customer_code":"EB020","credit_limit":"500000","name_owner":"Md. Yunus Ali Pramanik","name_market":"","address":"Mokamtala, Shibgonj, Bogra","phone":"01945657466","email":"","status_agreement":"Active","ordering":"10","status":"Active","user_updated":"2","date_updated":1459738418}', '2', 'UPDATE', 1459738418),
(248, 'setup_csetup_customer', 10, 'ems_payment_payment', '{"amount":"-579117","user_updated":"2","date_updated":1459738418}', '2', 'UPDATE', 1459738418),
(249, 'payment_payment', 177, 'ems_payment_payment', '{"date_payment":1459274400,"customer_id":"77","payment_way":"Online Payment","amount":"29974","cheque_no":"6733411","bank_id":"1","bank_branch":"Kanaighat","arm_bank_id":"1","arm_bank_account_id":"","payment_type":"Other","user_created":"19","date_created":1459738430}', '19', 'INSERT', 1459738430),
(250, 'setup_csetup_customer', 148, 'ems_csetup_customers', '{"district_id":"67","name":"Krishi Beej Bhandar","customer_code":"KN170","credit_limit":"500000","name_owner":"MD.Moslam Uddin","name_market":"","address":"Genuine Market Sapahar, Naogaon\\r\\n","phone":"01713718171","email":"","status_agreement":"In-Active","ordering":"127","status":"Active","user_updated":"2","date_updated":1459739099}', '2', 'UPDATE', 1459739099),
(251, 'setup_csetup_customer', 148, 'ems_payment_payment', '{"amount":"-40050","user_updated":"2","date_updated":1459739099}', '2', 'UPDATE', 1459739099),
(252, 'setup_csetup_customer', 149, 'ems_csetup_customers', '{"district_id":"67","name":"Hamid Beej Bhandar","customer_code":"HN171","credit_limit":"500000","name_owner":"Md. Abdul Hamid","name_market":"","address":"Sabaihat, Manda, Naugaon\\r\\n","phone":"01712192482","email":"","status_agreement":"In-Active","ordering":"127","status":"Active","user_updated":"2","date_updated":1459739267}', '2', 'UPDATE', 1459739267),
(253, 'setup_csetup_customer', 149, 'ems_payment_payment', '{"amount":"-224000","user_updated":"2","date_updated":1459739267}', '2', 'UPDATE', 1459739267),
(254, 'setup_csetup_customer', 143, 'ems_csetup_customers', '{"district_id":"67","name":"Madina Beej Bhandar","customer_code":"MN030","credit_limit":"500000","name_owner":"SM Zahir Uddin Sheikh","name_market":"","address":"Dabpotti, Naogaon\\r\\n","phone":"01714967539","email":"","status_agreement":"In-Active","ordering":"127","status":"Active","user_updated":"2","date_updated":1459739312}', '2', 'UPDATE', 1459739312),
(255, 'setup_csetup_customer', 143, 'ems_payment_payment', '{"amount":"-289076","user_updated":"2","date_updated":1459739312}', '2', 'UPDATE', 1459739312),
(256, 'payment_payment', 178, 'ems_payment_payment', '{"date_payment":1459274400,"customer_id":"131","payment_way":"Online Payment","amount":"19977","cheque_no":"4327704","bank_id":"1","bank_branch":"Chanchkoir. Natore","arm_bank_id":"1","arm_bank_account_id":"","payment_type":"Other","user_created":"19","date_created":1459739329}', '19', 'INSERT', 1459739329),
(257, 'setup_csetup_customer', 59, 'ems_csetup_customers', '{"district_id":"66","name":"Khokon Enterprise","customer_code":"KB022","credit_limit":"500000","name_owner":"Md. Zulfikar Rahman Khokon","name_market":"","address":"Godawn Road, Mokamtala, Bogra","phone":"01711165351","email":"","status_agreement":"In-Active","ordering":"61","status":"Active","user_updated":"2","date_updated":1459739352}', '2', 'UPDATE', 1459739352),
(258, 'setup_csetup_customer', 59, 'ems_payment_payment', '{"amount":"-2810998","user_updated":"2","date_updated":1459739352}', '2', 'UPDATE', 1459739352),
(259, 'setup_csetup_customer', 81, 'ems_csetup_customers', '{"district_id":"68","name":"Ruposhi Beej Bhandar","customer_code":"RS133","credit_limit":"500000","name_owner":"Md. Ali Ashraf","name_market":"","address":"Ullapara, Sirajgonj","phone":"01712045005","email":"","status_agreement":"In-Active","ordering":"83","status":"Active","user_updated":"2","date_updated":1459739866}', '2', 'UPDATE', 1459739866),
(260, 'setup_csetup_customer', 81, 'ems_payment_payment', '{"amount":"-783301","user_updated":"2","date_updated":1459739866}', '2', 'UPDATE', 1459739866),
(261, 'payment_payment', 179, 'ems_payment_payment', '{"date_payment":1459274400,"customer_id":"63","payment_way":"Online Payment","amount":"50000","cheque_no":"IBU09971024","bank_id":"1","bank_branch":"Joypurhat","arm_bank_id":"1","arm_bank_account_id":"","payment_type":"Other","user_created":"19","date_created":1459740152}', '19', 'INSERT', 1459740152),
(262, 'setup_csetup_customer', 97, 'ems_csetup_customers', '{"district_id":"69","name":"Sylhet Beej Ghar-1","customer_code":"SS159","credit_limit":"500000","name_owner":"Doyamoy Nath","name_market":"","address":"Zinda Bazar, Sylhet","phone":"01711363256","email":"","status_agreement":"In-Active","ordering":"99","status":"Active","user_updated":"2","date_updated":1459740218}', '2', 'UPDATE', 1459740218),
(263, 'setup_csetup_customer', 97, 'ems_payment_payment', '{"amount":"-617794","user_updated":"2","date_updated":1459740218}', '2', 'UPDATE', 1459740218),
(264, 'setup_csetup_customer', 164, 'ems_csetup_customers', '{"district_id":"69","name":"Faruque & Brothers","customer_code":"FS163","credit_limit":"500000","name_owner":"Md. Koyser Ahmed","name_market":"","address":"Natun Bazar, Biswanath, Sylhet\\r\\n","phone":"01714508219","email":"","status_agreement":"In-Active","ordering":"127","status":"Active","user_updated":"2","date_updated":1459740307}', '2', 'UPDATE', 1459740307),
(265, 'setup_csetup_customer', 164, 'ems_payment_payment', '{"amount":"-99432","user_updated":"2","date_updated":1459740307}', '2', 'UPDATE', 1459740307),
(266, 'payment_payment', 180, 'ems_payment_payment', '{"date_payment":1459274400,"customer_id":"78","payment_way":"Online Payment","amount":"50000","cheque_no":"MCC09854379","bank_id":"1","bank_branch":"Anderkilla","arm_bank_id":"1","arm_bank_account_id":"","payment_type":"Other","user_created":"22","date_created":1459740395}', '22', 'INSERT', 1459740395),
(267, 'setup_csetup_customer', 163, 'ems_csetup_customers', '{"district_id":"70","name":"Dilmon Enterprise","customer_code":"DM162","credit_limit":"500000","name_owner":"Md. Abdul Basith Jahangir","name_market":"","address":"Kulaura, Moulvibazar","phone":"01716295859","email":"","status_agreement":"In-Active","ordering":"127","status":"Active","user_updated":"2","date_updated":1459740479}', '2', 'UPDATE', 1459740479),
(268, 'setup_csetup_customer', 163, 'ems_payment_payment', '{"amount":"-146124","user_updated":"2","date_updated":1459740479}', '2', 'UPDATE', 1459740479),
(269, 'payment_payment', 181, 'ems_payment_payment', '{"date_payment":1459360800,"customer_id":"146","payment_way":"Online Payment","amount":"50000","cheque_no":"Dohazari.Br","bank_id":"4","bank_branch":"Dohazari","arm_bank_id":"2","arm_bank_account_id":"","payment_type":"Other","user_created":"22","date_created":1459740599}', '22', 'INSERT', 1459740599),
(270, 'payment_payment', 182, 'ems_payment_payment', '{"date_payment":1459360800,"customer_id":"102","payment_way":"Online Payment","amount":"100000","cheque_no":"ChakariaCorp.Br","bank_id":"4","bank_branch":"ChakariaCorp","arm_bank_id":"2","arm_bank_account_id":"","payment_type":"Other","user_created":"22","date_created":1459740717}', '22', 'INSERT', 1459740717),
(271, 'payment_payment', 183, 'ems_payment_payment', '{"date_payment":1459360800,"customer_id":"46","payment_way":"Online Payment","amount":"100000","cheque_no":"Manikganj.Br","bank_id":"4","bank_branch":"Manikganj","arm_bank_id":"2","arm_bank_account_id":"","payment_type":"Other","user_created":"22","date_created":1459740817}', '22', 'INSERT', 1459740817),
(272, 'payment_payment', 184, 'ems_payment_payment', '{"date_payment":1459360800,"customer_id":"134","payment_way":"Online Payment","amount":"40000","cheque_no":"Manikganj.Br","bank_id":"4","bank_branch":"Manikganj","arm_bank_id":"2","arm_bank_account_id":"","payment_type":"Other","user_created":"22","date_created":1459740877}', '22', 'INSERT', 1459740877),
(273, 'payment_payment', 185, 'ems_payment_payment', '{"date_payment":1459360800,"customer_id":"33","payment_way":"Online Payment","amount":"99949","cheque_no":"8477772","bank_id":"1","bank_branch":"Feni","arm_bank_id":"1","arm_bank_account_id":"","payment_type":"Other","user_created":"22","date_created":1459740961}', '22', 'INSERT', 1459740961),
(274, 'payment_payment', 186, 'ems_payment_payment', '{"date_payment":1459360800,"customer_id":"121","payment_way":"Online Payment","amount":"49967","cheque_no":"8215381","bank_id":"1","bank_branch":"Baragola","arm_bank_id":"1","arm_bank_account_id":"","payment_type":"Other","user_created":"19","date_created":1459741082}', '19', 'INSERT', 1459741082),
(275, 'setup_csetup_customer', 69, 'ems_csetup_customers', '{"district_id":"71","name":"Mollah Seed Enterprise","customer_code":"MJ083","credit_limit":"500000","name_owner":"Md. Ashikul Islam","name_market":"","address":"Arpara Bazar, Shalikha, Magura","phone":"01714850763","email":"","status_agreement":"In-Active","ordering":"71","status":"Active","user_updated":"2","date_updated":1459741117}', '2', 'UPDATE', 1459741117),
(276, 'setup_csetup_customer', 69, 'ems_payment_payment', '{"amount":"-1083691","user_updated":"2","date_updated":1459741117}', '2', 'UPDATE', 1459741117),
(277, 'payment_payment', 187, 'ems_payment_payment', '{"date_payment":1459360800,"customer_id":"56","payment_way":"Online Payment","amount":"50000","cheque_no":"IBU08147531","bank_id":"1","bank_branch":"Rangpur","arm_bank_id":"1","arm_bank_account_id":"","payment_type":"Other","user_created":"19","date_created":1459741175}', '19', 'INSERT', 1459741175),
(278, 'payment_payment', 188, 'ems_payment_payment', '{"date_payment":1459620000,"customer_id":"114","payment_way":"Online Payment","amount":"140000","cheque_no":"Ruppur.Br","bank_id":"4","bank_branch":"Ruppur","arm_bank_id":"2","arm_bank_account_id":"","payment_type":"Other","user_created":"19","date_created":1459742243}', '19', 'INSERT', 1459742243),
(279, 'payment_payment', 189, 'ems_payment_payment', '{"date_payment":1459620000,"customer_id":"97","payment_way":"Online Payment","amount":"200000","cheque_no":"ZindaBazar.Br","bank_id":"4","bank_branch":"ZindaBazar","arm_bank_id":"2","arm_bank_account_id":"","payment_type":"Other","user_created":"19","date_created":1459742346}', '19', 'INSERT', 1459742346),
(280, 'payment_payment', 190, 'ems_payment_payment', '{"date_payment":1459620000,"customer_id":"2","payment_way":"Online Payment","amount":"49967","cheque_no":"9916057","bank_id":"1","bank_branch":"Rangpur","arm_bank_id":"1","arm_bank_account_id":"","payment_type":"Other","user_created":"19","date_created":1459742580}', '19', 'INSERT', 1459742580),
(281, 'payment_payment', 191, 'ems_payment_payment', '{"date_payment":1459620000,"customer_id":"46","payment_way":"Online Payment","amount":"50000","cheque_no":"Mankganj.Br","bank_id":"4","bank_branch":"Mankgan","arm_bank_id":"2","arm_bank_account_id":"","payment_type":"Other","user_created":"22","date_created":1459742775}', '22', 'INSERT', 1459742775),
(282, 'payment_payment', 192, 'ems_payment_payment', '{"date_payment":1459620000,"customer_id":"134","payment_way":"Online Payment","amount":"50000","cheque_no":"Mankganj.Br","bank_id":"4","bank_branch":"Mankganj","arm_bank_id":"2","arm_bank_account_id":"","payment_type":"Other","user_created":"22","date_created":1459742838}', '22', 'INSERT', 1459742838),
(283, 'payment_payment', 193, 'ems_payment_payment', '{"date_payment":1459620000,"customer_id":"49","payment_way":"Cheque","amount":"60000","cheque_no":"4258824","bank_id":"15","bank_branch":"Fulbaria","arm_bank_id":"1","arm_bank_account_id":"","payment_type":"Other","user_created":"22","date_created":1459742965}', '22', 'INSERT', 1459742965),
(284, 'payment_payment', 194, 'ems_payment_payment', '{"date_payment":1459620000,"customer_id":"152","payment_way":"Cheque","amount":"25000","cheque_no":"7836462","bank_id":"11","bank_branch":"Comilla","arm_bank_id":"1","arm_bank_account_id":"","payment_type":"Other","user_created":"22","date_created":1459743051}', '22', 'INSERT', 1459743051),
(285, 'payment_payment', 195, 'ems_payment_payment', '{"date_payment":1459620000,"customer_id":"23","payment_way":"Online Payment","amount":"99949","cheque_no":"8792965","bank_id":"1","bank_branch":"KDL Avenue","arm_bank_id":"1","arm_bank_account_id":"","payment_type":"Other","user_created":"23","date_created":1459743255}', '23', 'INSERT', 1459743255),
(286, 'setup_csetup_customer', 158, 'ems_csetup_customers', '{"district_id":"65","name":"Karim Beej Bhandar","customer_code":"KC046","credit_limit":"500000","name_owner":"Md.Jahangir Alam","name_market":"","address":"Ranir Hat Bazar, Rangunia, Chittagong\\r\\n","phone":"01811687414","email":"","status_agreement":"In-Active","ordering":"127","status":"Active","user_updated":"2","date_updated":1459746017}', '2', 'UPDATE', 1459746017),
(287, 'setup_csetup_customer', 158, 'ems_payment_payment', '{"amount":"-536673","user_updated":"2","date_updated":1459746017}', '2', 'UPDATE', 1459746017),
(288, 'sales_po_delivery', 7, 'ems_sales_po', '{"date_delivery":1459620000,"user_updated":"64","date_updated":1459747236,"status_delivered":"Delivered","date_delivered":1459747236,"user_delivered":"64"}', '64', 'UPDATE', 1459747236),
(289, 'sales_po_delivery', 1, 'ems_sales_po_delivery', '{"date_delivery":1459620000,"date_invoice":1459620000,"invoice_no":"216102741","courier_id":"1","track_no":"80006000050330","date_booking":1459620000,"remarks":"","sales_po_id":"7","revision":1,"user_created":"64","date_created":1459747236}', '64', 'INSERT', 1459747236),
(290, 'sales_po_delivery', 6, 'ems_sales_po', '{"date_delivery":1459620000,"user_updated":"64","date_updated":1459747555,"status_delivered":"Delivered","date_delivered":1459747555,"user_delivered":"64"}', '64', 'UPDATE', 1459747555),
(291, 'sales_po_delivery', 2, 'ems_sales_po_delivery', '{"date_delivery":1459620000,"date_invoice":1459620000,"invoice_no":"216102742","courier_id":"1","track_no":"80006000050330","date_booking":1459620000,"remarks":"","sales_po_id":"6","revision":1,"user_created":"64","date_created":1459747555}', '64', 'INSERT', 1459747555),
(292, 'sales_po_delivery', 3, 'ems_sales_po', '{"date_delivery":1459620000,"user_updated":"64","date_updated":1459747622,"status_delivered":"Delivered","date_delivered":1459747622,"user_delivered":"64"}', '64', 'UPDATE', 1459747622),
(293, 'sales_po_delivery', 3, 'ems_sales_po_delivery', '{"date_delivery":1459620000,"date_invoice":1459620000,"invoice_no":"216102745","courier_id":"1","track_no":"80006000050331","date_booking":1459620000,"remarks":"","sales_po_id":"3","revision":1,"user_created":"64","date_created":1459747622}', '64', 'INSERT', 1459747622),
(294, 'sales_po_delivery', 4, 'ems_sales_po', '{"date_delivery":1459620000,"user_updated":"64","date_updated":1459747700,"status_delivered":"Delivered","date_delivered":1459747700,"user_delivered":"64"}', '64', 'UPDATE', 1459747700),
(295, 'sales_po_delivery', 4, 'ems_sales_po_delivery', '{"date_delivery":1459620000,"date_invoice":1459620000,"invoice_no":"216102744","courier_id":"1","track_no":"80006000050332","date_booking":1459620000,"remarks":"","sales_po_id":"4","revision":1,"user_created":"64","date_created":1459747700}', '64', 'INSERT', 1459747700),
(296, 'sales_po_delivery', 5, 'ems_sales_po', '{"date_delivery":1459620000,"user_updated":"64","date_updated":1459747830,"status_delivered":"Delivered","date_delivered":1459747830,"user_delivered":"64"}', '64', 'UPDATE', 1459747830),
(297, 'sales_po_delivery', 5, 'ems_sales_po_delivery', '{"date_delivery":1459620000,"date_invoice":1459620000,"invoice_no":"216102743","courier_id":"2","track_no":"4139","date_booking":1459620000,"remarks":"","sales_po_id":"5","revision":1,"user_created":"64","date_created":1459747830}', '64', 'INSERT', 1459747830),
(298, 'sales_po_delivery', 1, 'ems_sales_po', '{"date_delivery":1459620000,"user_updated":"64","date_updated":1459747894,"status_delivered":"Delivered","date_delivered":1459747894,"user_delivered":"64"}', '64', 'UPDATE', 1459747894),
(299, 'sales_po_delivery', 6, 'ems_sales_po_delivery', '{"date_delivery":1459620000,"date_invoice":1459620000,"invoice_no":"216102746","courier_id":"2","track_no":"4138","date_booking":1459620000,"remarks":"","sales_po_id":"1","revision":1,"user_created":"64","date_created":1459747894}', '64', 'INSERT', 1459747894),
(300, 'sys_user_role', 290, 'ems_system_user_group_role', '{"view":1,"add":1,"edit":0,"delete":0,"print":0,"download":1,"column_headers":0,"task_id":47,"user_group_id":"8","user_created":"2","date_created":1459747926}', '2', 'INSERT', 1459747926),
(301, 'sys_user_role', 291, 'ems_system_user_group_role', '{"view":1,"add":0,"edit":1,"delete":0,"print":1,"download":1,"column_headers":0,"task_id":40,"user_group_id":"8","user_created":"2","date_created":1459747926}', '2', 'INSERT', 1459747926),
(302, 'setup_bsetup_couriers', 34, 'ems_basic_setup_couriers', '{"name":"M\\/S. Janata Transport Agency","description":"","ordering":"99","status":"Active","user_created":"64","date_created":1459748022}', '64', 'INSERT', 1459748022),
(303, 'sales_po_delivery', 7, 'ems_sales_po', '{"date_delivery":1459620000,"user_updated":"64","date_updated":1459748076}', '64', 'UPDATE', 1459748076),
(304, 'sales_po_delivery', 7, 'ems_sales_po_delivery', '{"date_delivery":1459620000,"date_invoice":1459620000,"invoice_no":"216102741","courier_id":"34","track_no":"4374","date_booking":1459620000,"remarks":"","sales_po_id":"7","revision":1,"user_created":"64","date_created":1459748076}', '64', 'INSERT', 1459748076),
(305, 'sales_po_delivery', 9, 'ems_sales_po', '{"date_delivery":1459706400,"user_updated":"64","date_updated":1459824882,"status_delivered":"Delivered","date_delivered":1459824882,"user_delivered":"64"}', '64', 'UPDATE', 1459824882),
(306, 'sales_po_delivery', 8, 'ems_sales_po_delivery', '{"date_delivery":1459706400,"date_invoice":1459706400,"invoice_no":"216102747","courier_id":"32","track_no":"00","date_booking":1459706400,"remarks":"","sales_po_id":"9","revision":1,"user_created":"64","date_created":1459824882}', '64', 'INSERT', 1459824882),
(307, 'sales_po_delivery', 8, 'ems_sales_po', '{"date_delivery":1459620000,"user_updated":"64","date_updated":1459825389,"status_delivered":"Delivered","date_delivered":1459825389,"user_delivered":"64"}', '64', 'UPDATE', 1459825389),
(308, 'sales_po_delivery', 9, 'ems_sales_po_delivery', '{"date_delivery":1459620000,"date_invoice":1459620000,"invoice_no":"216102740","courier_id":"12","track_no":"1076","date_booking":1459620000,"remarks":"","sales_po_id":"8","revision":1,"user_created":"64","date_created":1459825389}', '64', 'INSERT', 1459825389),
(309, 'survey_primary_market', 1, 'ems_survey_primary', '{"user_created":"2","date_created":1459827911,"remarks":"","year":"2016","crop_type_id":"1","upazilla_id":"123","customers":"{\\"1\\":\\"Abc\\",\\"2\\":\\"\\"}"}', '2', 'INSERT', 1459827911),
(310, 'survey_primary_market', 1, 'ems_survey_primary_customer_survey', '{"weight_sales":"3","weight_market":"35","survey_id":1,"variety_id":2,"customer_no":1,"user_created":"2","date_created":1459827911}', '2', 'INSERT', 1459827911),
(311, 'survey_primary_market', 2, 'ems_survey_primary_customer_survey', '{"weight_sales":"2","weight_market":"4","survey_id":1,"variety_id":3,"customer_no":1,"user_created":"2","date_created":1459827911}', '2', 'INSERT', 1459827911),
(312, 'survey_primary_market', 3, 'ems_survey_primary_customer_survey', '{"weight_sales":"4","weight_market":"5","survey_id":1,"variety_id":105,"customer_no":1,"user_created":"2","date_created":1459827911}', '2', 'INSERT', 1459827911),
(313, 'survey_primary_market', 4, 'ems_survey_primary_customer_survey', '{"weight_sales":"3","weight_market":"7","survey_id":1,"variety_id":0,"customer_no":1,"user_created":"2","date_created":1459827911}', '2', 'INSERT', 1459827911),
(314, 'survey_primary_market', 1, 'ems_survey_primary', '{"user_updated":"2","date_updated":1459827958,"remarks":"test","customers":"{\\"1\\":\\"Abc\\",\\"2\\":\\"\\"}"}', '2', 'UPDATE', 1459827958),
(315, 'survey_primary_market', 1, 'ems_survey_primary_customer_survey', '{"weight_sales":"3","weight_market":"35","user_updated":"2","date_updated":1459827958}', '2', 'UPDATE', 1459827958),
(316, 'survey_primary_market', 2, 'ems_survey_primary_customer_survey', '{"weight_sales":"2","weight_market":"4","user_updated":"2","date_updated":1459827958}', '2', 'UPDATE', 1459827958),
(317, 'survey_primary_market', 3, 'ems_survey_primary_customer_survey', '{"weight_sales":"4","weight_market":"5","user_updated":"2","date_updated":1459827958}', '2', 'UPDATE', 1459827958),
(318, 'survey_primary_market', 4, 'ems_survey_primary_customer_survey', '{"weight_sales":"3","weight_market":"7","user_updated":"2","date_updated":1459827958}', '2', 'UPDATE', 1459827958),
(319, 'survey_primary_market', 1, 'ems_survey_primary_quantity_survey', '{"weight_assumed":"40","survey_id":"1","variety_id":2,"user_created":"2","date_created":1459827958}', '2', 'INSERT', 1459827958),
(320, 'survey_primary_market', 2, 'ems_survey_primary_quantity_survey', '{"weight_assumed":"6","survey_id":"1","variety_id":3,"user_created":"2","date_created":1459827958}', '2', 'INSERT', 1459827958),
(321, 'survey_primary_market', 3, 'ems_survey_primary_quantity_survey', '{"weight_assumed":"7","survey_id":"1","variety_id":105,"user_created":"2","date_created":1459827958}', '2', 'INSERT', 1459827958),
(322, 'survey_primary_market', 4, 'ems_survey_primary_quantity_survey', '{"weight_assumed":"7","survey_id":"1","variety_id":0,"user_created":"2","date_created":1459827958}', '2', 'INSERT', 1459827958),
(323, 'survey_primary_market', 1, 'ems_survey_primary', '{"user_updated":"2","date_updated":1459827975,"remarks":"test","customers":"{\\"1\\":\\"Abc\\",\\"2\\":\\"\\"}"}', '2', 'UPDATE', 1459827975),
(324, 'survey_primary_market', 1, 'ems_survey_primary_customer_survey', '{"weight_sales":"3","weight_market":"35","user_updated":"2","date_updated":1459827975}', '2', 'UPDATE', 1459827975),
(325, 'survey_primary_market', 2, 'ems_survey_primary_customer_survey', '{"weight_sales":"2","weight_market":"4","user_updated":"2","date_updated":1459827975}', '2', 'UPDATE', 1459827975),
(326, 'survey_primary_market', 3, 'ems_survey_primary_customer_survey', '{"weight_sales":"4","weight_market":"5","user_updated":"2","date_updated":1459827975}', '2', 'UPDATE', 1459827975),
(327, 'survey_primary_market', 4, 'ems_survey_primary_customer_survey', '{"weight_sales":"3","weight_market":"7","user_updated":"2","date_updated":1459827975}', '2', 'UPDATE', 1459827975),
(328, 'survey_primary_market', 1, 'ems_survey_primary_quantity_survey', '{"weight_assumed":"40","user_updated":"2","date_updated":1459827975}', '2', 'UPDATE', 1459827975),
(329, 'survey_primary_market', 2, 'ems_survey_primary_quantity_survey', '{"weight_assumed":"6","user_updated":"2","date_updated":1459827975}', '2', 'UPDATE', 1459827975),
(330, 'survey_primary_market', 5, 'ems_survey_primary_quantity_survey', '{"weight_assumed":"6","survey_id":"1","variety_id":4,"user_created":"2","date_created":1459827975}', '2', 'INSERT', 1459827975),
(331, 'survey_primary_market', 3, 'ems_survey_primary_quantity_survey', '{"weight_assumed":"7","user_updated":"2","date_updated":1459827975}', '2', 'UPDATE', 1459827975),
(332, 'survey_primary_market', 4, 'ems_survey_primary_quantity_survey', '{"weight_assumed":"7","user_updated":"2","date_updated":1459827975}', '2', 'UPDATE', 1459827975),
(333, 'survey_primary_market_zi', 1, 'ems_survey_primary_quantity_survey', '{"weight_final":"45","user_updated":"2","date_updated":1459828028}', '2', 'UPDATE', 1459828028),
(334, 'survey_primary_market_zi', 2, 'ems_survey_primary_quantity_survey', '{"weight_final":"6","user_updated":"2","date_updated":1459828028}', '2', 'UPDATE', 1459828028),
(335, 'survey_primary_market_zi', 5, 'ems_survey_primary_quantity_survey', '{"weight_final":"10","user_updated":"2","date_updated":1459828028}', '2', 'UPDATE', 1459828028),
(336, 'survey_primary_market_zi', 3, 'ems_survey_primary_quantity_survey', '{"weight_final":"8","user_updated":"2","date_updated":1459828028}', '2', 'UPDATE', 1459828028),
(337, 'survey_primary_market_zi', 4, 'ems_survey_primary_quantity_survey', '{"weight_final":"8","user_updated":"2","date_updated":1459828028}', '2', 'UPDATE', 1459828028),
(338, 'payment_payment', 196, 'ems_payment_payment', '{"date_payment":1459706400,"customer_id":"18","payment_way":"Online Payment","amount":"100000","cheque_no":"Goalchamot Ladies Br","bank_id":"4","bank_branch":"Goalchamot Ladies","arm_bank_id":"2","arm_bank_account_id":"","payment_type":"Other","user_created":"23","date_created":1459831131}', '23', 'INSERT', 1459831131),
(339, 'payment_payment', 197, 'ems_payment_payment', '{"date_payment":1459706400,"customer_id":"131","payment_way":"Online Payment","amount":"25000","cheque_no":"4327758","bank_id":"1","bank_branch":"Chanchkoir","arm_bank_id":"1","arm_bank_account_id":"","payment_type":"Other","user_created":"19","date_created":1459831246}', '19', 'INSERT', 1459831246),
(340, 'payment_payment', 198, 'ems_payment_payment', '{"date_payment":1459706400,"customer_id":"8","payment_way":"Online Payment","amount":"99949","cheque_no":"4076177","bank_id":"1","bank_branch":"Highway , Sherpur","arm_bank_id":"1","arm_bank_account_id":"","payment_type":"Other","user_created":"19","date_created":1459831352}', '19', 'INSERT', 1459831352),
(341, 'sales_po', 10, 'ems_sales_po', '{"date_po":1459792800,"customer_id":"134","warehouse_id":"1","user_created":"22","date_created":1459831390}', '22', 'INSERT', 1459831390),
(342, 'sales_po', 23, 'ems_sales_po_details', '{"variety_id":"67","pack_size_id":"4","quantity":"200","pack_size":"100","variety_price":"330","variety_price_id":"56","quantity_bonus":"0","bonus_details_id":"155","bonus_pack_size":"100","bonus_pack_size_id":"4","sales_po_id":10,"remarks":"","revision":1,"user_created":"22","date_created":1459831390}', '22', 'INSERT', 1459831390),
(343, 'sales_po', 24, 'ems_sales_po_details', '{"variety_id":"353","pack_size_id":"4","quantity":"50","pack_size":"100","variety_price":"370","variety_price_id":"114","quantity_bonus":"0","bonus_details_id":"0","bonus_pack_size":"0","bonus_pack_size_id":"0","sales_po_id":10,"remarks":"","revision":1,"user_created":"22","date_created":1459831390}', '22', 'INSERT', 1459831390),
(344, 'sales_po', 25, 'ems_sales_po_details', '{"variety_id":"45","pack_size_id":"1","quantity":"400","pack_size":"5","variety_price":"150","variety_price_id":"35","quantity_bonus":"0","bonus_details_id":"0","bonus_pack_size":"0","bonus_pack_size_id":"0","sales_po_id":10,"remarks":"","revision":1,"user_created":"22","date_created":1459831390}', '22', 'INSERT', 1459831390),
(345, 'payment_payment', 199, 'ems_payment_payment', '{"date_payment":1459706400,"customer_id":"164","payment_way":"Online Payment","amount":"19977","cheque_no":"7767768","bank_id":"1","bank_branch":"Biswanath","arm_bank_id":"1","arm_bank_account_id":"","payment_type":"Other","user_created":"19","date_created":1459831439}', '19', 'INSERT', 1459831439),
(346, 'sales_po', 11, 'ems_sales_po', '{"date_po":1459792800,"customer_id":"168","warehouse_id":"1","user_created":"22","date_created":1459831574}', '22', 'INSERT', 1459831574),
(347, 'sales_po', 26, 'ems_sales_po_details', '{"variety_id":"54","pack_size_id":"2","quantity":"100","pack_size":"10","variety_price":"120","variety_price_id":"44","quantity_bonus":"0","bonus_details_id":"0","bonus_pack_size":"0","bonus_pack_size_id":"0","sales_po_id":11,"remarks":"","revision":1,"user_created":"22","date_created":1459831574}', '22', 'INSERT', 1459831574),
(348, 'sales_po', 27, 'ems_sales_po_details', '{"variety_id":"58","pack_size_id":"1","quantity":"200","pack_size":"5","variety_price":"42.5","variety_price_id":"47","quantity_bonus":"0","bonus_details_id":"0","bonus_pack_size":"0","bonus_pack_size_id":"0","sales_po_id":11,"remarks":"","revision":1,"user_created":"22","date_created":1459831574}', '22', 'INSERT', 1459831574),
(349, 'sales_po', 11, 'ems_sales_po', '{"status_requested":"Requested","user_requested":"22","date_requested":1459831786}', '22', 'UPDATE', 1459831786),
(350, 'sales_po_approve', 11, 'ems_sales_po', '{"status_approved":"Approved","remarks_approved":"","user_approved":"22","date_approved":1459831823}', '22', 'UPDATE', 1459831823),
(351, 'sales_po', 10, 'ems_sales_po', '{"status_requested":"Requested","user_requested":"22","date_requested":1459831844}', '22', 'UPDATE', 1459831844),
(352, 'sales_po_approve', 10, 'ems_sales_po', '{"status_approved":"Approved","remarks_approved":"","user_approved":"22","date_approved":1459831907}', '22', 'UPDATE', 1459831907),
(353, 'sales_po', 12, 'ems_sales_po', '{"date_po":1459792800,"customer_id":"18","warehouse_id":"1","user_created":"23","date_created":1459832584}', '23', 'INSERT', 1459832584),
(354, 'sales_po', 28, 'ems_sales_po_details', '{"variety_id":"67","pack_size_id":"4","quantity":"100","pack_size":"100","variety_price":"330","variety_price_id":"56","quantity_bonus":"0","bonus_details_id":"151","bonus_pack_size":"100","bonus_pack_size_id":"4","sales_po_id":12,"remarks":"","revision":1,"user_created":"23","date_created":1459832584}', '23', 'INSERT', 1459832584),
(355, 'sales_po', 29, 'ems_sales_po_details', '{"variety_id":"353","pack_size_id":"4","quantity":"20","pack_size":"100","variety_price":"370","variety_price_id":"114","quantity_bonus":"0","bonus_details_id":"0","bonus_pack_size":"0","bonus_pack_size_id":"0","sales_po_id":12,"remarks":"","revision":1,"user_created":"23","date_created":1459832584}', '23', 'INSERT', 1459832584),
(356, 'sales_po', 30, 'ems_sales_po_details', '{"variety_id":"59","pack_size_id":"2","quantity":"100","pack_size":"10","variety_price":"110","variety_price_id":"48","quantity_bonus":"10","bonus_details_id":"196","bonus_pack_size":"10","bonus_pack_size_id":"2","sales_po_id":12,"remarks":"","revision":1,"user_created":"23","date_created":1459832584}', '23', 'INSERT', 1459832584),
(357, 'sales_po', 31, 'ems_sales_po_details', '{"variety_id":"60","pack_size_id":"2","quantity":"50","pack_size":"10","variety_price":"140","variety_price_id":"49","quantity_bonus":"0","bonus_details_id":"0","bonus_pack_size":"0","bonus_pack_size_id":"0","sales_po_id":12,"remarks":"","revision":1,"user_created":"23","date_created":1459832584}', '23', 'INSERT', 1459832584),
(358, 'sales_po', 32, 'ems_sales_po_details', '{"variety_id":"44","pack_size_id":"1","quantity":"100","pack_size":"5","variety_price":"135","variety_price_id":"33","quantity_bonus":"0","bonus_details_id":"0","bonus_pack_size":"0","bonus_pack_size_id":"0","sales_po_id":12,"remarks":"","revision":1,"user_created":"23","date_created":1459832584}', '23', 'INSERT', 1459832584),
(359, 'sales_po', 33, 'ems_sales_po_details', '{"variety_id":"45","pack_size_id":"1","quantity":"200","pack_size":"5","variety_price":"150","variety_price_id":"35","quantity_bonus":"0","bonus_details_id":"0","bonus_pack_size":"0","bonus_pack_size_id":"0","sales_po_id":12,"remarks":"","revision":1,"user_created":"23","date_created":1459832584}', '23', 'INSERT', 1459832584),
(360, 'sales_po', 13, 'ems_sales_po', '{"date_po":1459792800,"customer_id":"18","warehouse_id":"3","user_created":"23","date_created":1459832970}', '23', 'INSERT', 1459832970),
(361, 'sales_po', 34, 'ems_sales_po_details', '{"variety_id":"62","pack_size_id":"4","quantity":"80","pack_size":"100","variety_price":"300","variety_price_id":"60","quantity_bonus":"0","bonus_details_id":"0","bonus_pack_size":"0","bonus_pack_size_id":"0","sales_po_id":13,"remarks":"","revision":1,"user_created":"23","date_created":1459832970}', '23', 'INSERT', 1459832970),
(362, 'sales_po', 13, 'ems_sales_po', '{"status_requested":"Requested","user_requested":"23","date_requested":1459833031}', '23', 'UPDATE', 1459833031),
(363, 'sales_po', 12, 'ems_sales_po', '{"status_requested":"Requested","user_requested":"23","date_requested":1459833053}', '23', 'UPDATE', 1459833053),
(364, 'sales_po_approve', 12, 'ems_sales_po', '{"status_approved":"Approved","remarks_approved":"","user_approved":"23","date_approved":1459833102}', '23', 'UPDATE', 1459833102),
(365, 'sales_po_approve', 13, 'ems_sales_po', '{"status_approved":"Approved","remarks_approved":"","user_approved":"23","date_approved":1459833162}', '23', 'UPDATE', 1459833162),
(366, 'sales_po', 14, 'ems_sales_po', '{"date_po":1459792800,"customer_id":"49","warehouse_id":"1","user_created":"22","date_created":1459834463}', '22', 'INSERT', 1459834463),
(367, 'sales_po', 35, 'ems_sales_po_details', '{"variety_id":"45","pack_size_id":"1","quantity":"200","pack_size":"5","variety_price":"150","variety_price_id":"35","quantity_bonus":"0","bonus_details_id":"0","bonus_pack_size":"0","bonus_pack_size_id":"0","sales_po_id":14,"remarks":"","revision":1,"user_created":"22","date_created":1459834463}', '22', 'INSERT', 1459834463),
(368, 'sales_po', 36, 'ems_sales_po_details', '{"variety_id":"44","pack_size_id":"1","quantity":"100","pack_size":"5","variety_price":"135","variety_price_id":"33","quantity_bonus":"0","bonus_details_id":"0","bonus_pack_size":"0","bonus_pack_size_id":"0","sales_po_id":14,"remarks":"","revision":1,"user_created":"22","date_created":1459834463}', '22', 'INSERT', 1459834463),
(369, 'sales_po', 14, 'ems_sales_po', '{"status_requested":"Requested","user_requested":"22","date_requested":1459834479}', '22', 'UPDATE', 1459834479),
(370, 'sales_po_approve', 14, 'ems_sales_po', '{"status_approved":"Approved","remarks_approved":"","user_approved":"22","date_approved":1459834557}', '22', 'UPDATE', 1459834557),
(371, 'sales_po', 15, 'ems_sales_po', '{"date_po":1459792800,"customer_id":"172","warehouse_id":"1","user_created":"22","date_created":1459835245}', '22', 'INSERT', 1459835245),
(372, 'sales_po', 37, 'ems_sales_po_details', '{"variety_id":"49","pack_size_id":"2","quantity":"100","pack_size":"10","variety_price":"110","variety_price_id":"40","quantity_bonus":"10","bonus_details_id":"171","bonus_pack_size":"10","bonus_pack_size_id":"2","sales_po_id":15,"remarks":"","revision":1,"user_created":"22","date_created":1459835245}', '22', 'INSERT', 1459835245),
(373, 'sales_po', 38, 'ems_sales_po_details', '{"variety_id":"44","pack_size_id":"1","quantity":"100","pack_size":"5","variety_price":"135","variety_price_id":"33","quantity_bonus":"0","bonus_details_id":"0","bonus_pack_size":"0","bonus_pack_size_id":"0","sales_po_id":15,"remarks":"","revision":1,"user_created":"22","date_created":1459835245}', '22', 'INSERT', 1459835245),
(374, 'sales_po', 39, 'ems_sales_po_details', '{"variety_id":"45","pack_size_id":"1","quantity":"100","pack_size":"5","variety_price":"150","variety_price_id":"35","quantity_bonus":"0","bonus_details_id":"0","bonus_pack_size":"0","bonus_pack_size_id":"0","sales_po_id":15,"remarks":"","revision":1,"user_created":"22","date_created":1459835245}', '22', 'INSERT', 1459835245),
(375, 'sales_po', 15, 'ems_sales_po', '{"status_requested":"Requested","user_requested":"22","date_requested":1459835279}', '22', 'UPDATE', 1459835279),
(376, 'sales_po_approve', 15, 'ems_sales_po', '{"status_approved":"Approved","remarks_approved":"","user_approved":"22","date_approved":1459835356}', '22', 'UPDATE', 1459835356),
(377, 'sales_po', 16, 'ems_sales_po', '{"date_po":1459792800,"customer_id":"73","warehouse_id":"1","user_created":"23","date_created":1459835875}', '23', 'INSERT', 1459835875),
(378, 'sales_po', 40, 'ems_sales_po_details', '{"variety_id":"45","pack_size_id":"1","quantity":"200","pack_size":"5","variety_price":"150","variety_price_id":"35","quantity_bonus":"0","bonus_details_id":"0","bonus_pack_size":"0","bonus_pack_size_id":"0","sales_po_id":16,"remarks":"","revision":1,"user_created":"23","date_created":1459835875}', '23', 'INSERT', 1459835875),
(379, 'sales_po', 16, 'ems_sales_po', '{"status_requested":"Requested","user_requested":"23","date_requested":1459835884}', '23', 'UPDATE', 1459835884),
(380, 'sales_po_approve', 16, 'ems_sales_po', '{"status_approved":"Approved","remarks_approved":"","user_approved":"23","date_approved":1459835918}', '23', 'UPDATE', 1459835918),
(381, 'sales_po', 17, 'ems_sales_po', '{"date_po":1459792800,"customer_id":"55","warehouse_id":"1","user_created":"19","date_created":1459836902}', '19', 'INSERT', 1459836902),
(382, 'sales_po', 41, 'ems_sales_po_details', '{"variety_id":"49","pack_size_id":"2","quantity":"200","pack_size":"10","variety_price":"110","variety_price_id":"40","quantity_bonus":"20","bonus_details_id":"172","bonus_pack_size":"10","bonus_pack_size_id":"2","sales_po_id":17,"remarks":"","revision":1,"user_created":"19","date_created":1459836902}', '19', 'INSERT', 1459836902),
(383, 'sales_po', 17, 'ems_sales_po', '{"status_requested":"Requested","user_requested":"19","date_requested":1459836908}', '19', 'UPDATE', 1459836908),
(384, 'sales_po_approve', 17, 'ems_sales_po', '{"status_approved":"Approved","remarks_approved":"","user_approved":"19","date_approved":1459837026}', '19', 'UPDATE', 1459837026),
(385, 'payment_payment', 200, 'ems_payment_payment', '{"date_payment":1459706400,"customer_id":"94","payment_way":"Online Payment","amount":"50000","cheque_no":"619;","bank_id":"1","bank_branch":"Anderkilla Br. ","arm_bank_id":"1","arm_bank_account_id":"","payment_type":"Other","user_created":"22","date_created":1459839990}', '22', 'INSERT', 1459839990);
INSERT INTO `ems_history` (`id`, `controller`, `table_id`, `table_name`, `data`, `user_id`, `action`, `date`) VALUES
(386, 'payment_payment', 201, 'ems_payment_payment', '{"date_payment":1459706400,"customer_id":"82","payment_way":"Online Payment","amount":"30000","cheque_no":"IBU 09636315","bank_id":"1","bank_branch":"Chandina Br. ","arm_bank_id":"1","arm_bank_account_id":"","payment_type":"Other","user_created":"22","date_created":1459840180}', '22', 'INSERT', 1459840180),
(387, 'payment_payment', 202, 'ems_payment_payment', '{"date_payment":1459706400,"customer_id":"126","payment_way":"Online Payment","amount":"100000","cheque_no":"Ranishankoil.Br Thakurgaon","bank_id":"4","bank_branch":"Ranishankoil","arm_bank_id":"2","arm_bank_account_id":"","payment_type":"Other","user_created":"19","date_created":1459845694}', '19', 'INSERT', 1459845694),
(388, 'survey_primary_market', 1, 'ems_survey_primary', '{"user_updated":"1","date_updated":1459880820,"remarks":"test"}', '1', 'UPDATE', 1459880820),
(389, 'survey_primary_market', 1, 'ems_survey_primary_customers', '{"name":"Shaiful","year":"2016","upazilla_id":"123","customer_no":1,"user_created":"1","date_created":1459880820}', '1', 'INSERT', 1459880820),
(390, 'survey_primary_market', 1, 'ems_survey_primary_customer_survey', '{"weight_sales":"3","weight_market":"35","user_updated":"1","date_updated":1459880820}', '1', 'UPDATE', 1459880820),
(391, 'survey_primary_market', 2, 'ems_survey_primary_customer_survey', '{"weight_sales":"2","weight_market":"4","user_updated":"1","date_updated":1459880820}', '1', 'UPDATE', 1459880820),
(392, 'survey_primary_market', 3, 'ems_survey_primary_customer_survey', '{"weight_sales":"4","weight_market":"5","user_updated":"1","date_updated":1459880820}', '1', 'UPDATE', 1459880820),
(393, 'survey_primary_market', 4, 'ems_survey_primary_customer_survey', '{"weight_sales":"3","weight_market":"7","user_updated":"1","date_updated":1459880820}', '1', 'UPDATE', 1459880820),
(394, 'survey_primary_market', 1, 'ems_survey_primary_quantity_survey', '{"weight_assumed":"40","user_updated":"1","date_updated":1459880820}', '1', 'UPDATE', 1459880820),
(395, 'survey_primary_market', 2, 'ems_survey_primary_quantity_survey', '{"weight_assumed":"6","user_updated":"1","date_updated":1459880820}', '1', 'UPDATE', 1459880820),
(396, 'survey_primary_market', 5, 'ems_survey_primary_quantity_survey', '{"weight_assumed":"6","user_updated":"1","date_updated":1459880820}', '1', 'UPDATE', 1459880820),
(397, 'survey_primary_market', 3, 'ems_survey_primary_quantity_survey', '{"weight_assumed":"7","user_updated":"1","date_updated":1459880820}', '1', 'UPDATE', 1459880820),
(398, 'survey_primary_market', 4, 'ems_survey_primary_quantity_survey', '{"weight_assumed":"7","user_updated":"1","date_updated":1459880820}', '1', 'UPDATE', 1459880820),
(399, 'survey_product_arm', 1, 'ems_survey_product', '{"characteristics":"Test","remarks":"test","date_start":7754400,"date_end":8272799,"picture":"images\\/survey_product\\/2\\/01.JPG","picture_file_name":"01.JPG","variety_id":"2","user_created":"1","date_created":1459891290}', '1', 'INSERT', 1459891290),
(400, 'sales_po', 18, 'ems_sales_po', '{"date_po":1459879200,"customer_id":"114","warehouse_id":"1","user_created":"19","date_created":1459909343}', '19', 'INSERT', 1459909343),
(401, 'sales_po', 42, 'ems_sales_po_details', '{"variety_id":"67","pack_size_id":"4","quantity":"500","pack_size":"100","variety_price":"330","variety_price_id":"56","quantity_bonus":"0","bonus_details_id":"152","bonus_pack_size":"100","bonus_pack_size_id":"4","sales_po_id":18,"remarks":"","revision":1,"user_created":"19","date_created":1459909343}', '19', 'INSERT', 1459909343),
(402, 'sales_po', 18, 'ems_sales_po', '{"status_requested":"Requested","user_requested":"19","date_requested":1459909350}', '19', 'UPDATE', 1459909350),
(403, 'sales_po_approve', 18, 'ems_sales_po', '{"status_approved":"Approved","remarks_approved":"","user_approved":"19","date_approved":1459909384}', '19', 'UPDATE', 1459909384),
(404, 'sales_po', 19, 'ems_sales_po', '{"date_po":1459879200,"customer_id":"80","warehouse_id":"1","user_created":"22","date_created":1459909476}', '22', 'INSERT', 1459909476),
(405, 'sales_po', 43, 'ems_sales_po_details', '{"variety_id":"44","pack_size_id":"1","quantity":"100","pack_size":"5","variety_price":"135","variety_price_id":"33","quantity_bonus":"0","bonus_details_id":"0","bonus_pack_size":"0","bonus_pack_size_id":"0","sales_po_id":19,"remarks":"","revision":1,"user_created":"22","date_created":1459909476}', '22', 'INSERT', 1459909476),
(406, 'sales_po', 44, 'ems_sales_po_details', '{"variety_id":"45","pack_size_id":"1","quantity":"100","pack_size":"5","variety_price":"150","variety_price_id":"35","quantity_bonus":"0","bonus_details_id":"0","bonus_pack_size":"0","bonus_pack_size_id":"0","sales_po_id":19,"remarks":"","revision":1,"user_created":"22","date_created":1459909476}', '22', 'INSERT', 1459909476),
(407, 'sales_po', 45, 'ems_sales_po_details', '{"variety_id":"49","pack_size_id":"2","quantity":"100","pack_size":"10","variety_price":"110","variety_price_id":"40","quantity_bonus":"10","bonus_details_id":"171","bonus_pack_size":"10","bonus_pack_size_id":"2","sales_po_id":19,"remarks":"","revision":1,"user_created":"22","date_created":1459909476}', '22', 'INSERT', 1459909476),
(408, 'sales_po', 46, 'ems_sales_po_details', '{"variety_id":"54","pack_size_id":"2","quantity":"50","pack_size":"10","variety_price":"120","variety_price_id":"44","quantity_bonus":"0","bonus_details_id":"0","bonus_pack_size":"0","bonus_pack_size_id":"0","sales_po_id":19,"remarks":"","revision":1,"user_created":"22","date_created":1459909476}', '22', 'INSERT', 1459909476),
(409, 'sales_po', 20, 'ems_sales_po', '{"date_po":1459879200,"customer_id":"126","warehouse_id":"1","user_created":"19","date_created":1459911734}', '19', 'INSERT', 1459911734),
(410, 'sales_po', 47, 'ems_sales_po_details', '{"variety_id":"44","pack_size_id":"2","quantity":"100","pack_size":"10","variety_price":"260","variety_price_id":"34","quantity_bonus":"0","bonus_details_id":"0","bonus_pack_size":"0","bonus_pack_size_id":"0","sales_po_id":20,"remarks":"","revision":1,"user_created":"19","date_created":1459911734}', '19', 'INSERT', 1459911734),
(411, 'sales_po', 20, 'ems_sales_po', '{"status_requested":"Requested","user_requested":"19","date_requested":1459911739}', '19', 'UPDATE', 1459911739),
(412, 'sales_po_approve', 20, 'ems_sales_po', '{"status_approved":"Approved","remarks_approved":"","user_approved":"19","date_approved":1459911762}', '19', 'UPDATE', 1459911762),
(413, 'sys_user_role', 292, 'ems_system_user_group_role', '{"view":1,"add":1,"edit":1,"delete":1,"print":1,"download":0,"column_headers":1,"task_id":49,"user_group_id":"7","user_created":"2","date_created":1459913487}', '2', 'INSERT', 1459913487),
(414, 'sys_user_role', 293, 'ems_system_user_group_role', '{"view":1,"add":1,"edit":1,"delete":1,"print":1,"download":0,"column_headers":1,"task_id":45,"user_group_id":"7","user_created":"2","date_created":1459913487}', '2', 'INSERT', 1459913487),
(415, 'sys_user_role', 294, 'ems_system_user_group_role', '{"view":1,"add":1,"edit":1,"delete":1,"print":1,"download":0,"column_headers":0,"task_id":48,"user_group_id":"7","user_created":"2","date_created":1459913487}', '2', 'INSERT', 1459913487),
(416, 'sys_user_role', 295, 'ems_system_user_group_role', '{"view":1,"add":1,"edit":1,"delete":1,"print":1,"download":0,"column_headers":0,"task_id":52,"user_group_id":"7","user_created":"2","date_created":1459913487}', '2', 'INSERT', 1459913487),
(417, 'sys_user_role', 296, 'ems_system_user_group_role', '{"view":1,"add":1,"edit":1,"delete":1,"print":1,"download":0,"column_headers":0,"task_id":58,"user_group_id":"7","user_created":"2","date_created":1459913487}', '2', 'INSERT', 1459913487),
(418, 'sys_user_role', 297, 'ems_system_user_group_role', '{"view":1,"add":1,"edit":1,"delete":1,"print":1,"download":0,"column_headers":0,"task_id":59,"user_group_id":"7","user_created":"2","date_created":1459913487}', '2', 'INSERT', 1459913487),
(419, 'sales_po', 19, 'ems_sales_po', '{"status_requested":"Requested","user_requested":"22","date_requested":1459914566}', '22', 'UPDATE', 1459914566),
(420, 'sales_po_approve', 19, 'ems_sales_po', '{"status_approved":"Approved","remarks_approved":"","user_approved":"22","date_approved":1459914608}', '22', 'UPDATE', 1459914608),
(421, 'stockin_variety', 116, 'ems_stockin_varieties', '{"warehouse_id":"1","variety_id":"58","pack_size_id":"1","quantity":"2000","date_stock_in":1459879200,"remarks":"1st Entry......","date_mfg":"","date_exp":"","user_created":"2","date_created":1459916668}', '2', 'INSERT', 1459916668),
(422, 'survey_product_arm', 2, 'ems_survey_product', '{"characteristics":"test","remarks":"","date_start":7754400,"date_end":10346399,"picture":"images\\/survey_product\\/86\\/SAM_3814.JPG","picture_file_name":"SAM_3814.JPG","variety_id":"86","user_created":"2","date_created":1459919142}', '2', 'INSERT', 1459919142),
(423, 'survey_product_competitor', 3, 'ems_survey_product', '{"characteristics":"test","remarks":"test","date_start":5076000,"date_end":8272799,"picture":"images\\/survey_product\\/105\\/SAM_3813.JPG","picture_file_name":"SAM_3813.JPG","variety_id":"105","user_created":"2","date_created":1459919185}', '2', 'INSERT', 1459919185),
(424, 'sys_user_role', 298, 'ems_system_user_group_role', '{"view":1,"add":1,"edit":1,"delete":1,"print":1,"download":1,"column_headers":1,"task_id":3,"user_group_id":"2","user_created":"2","date_created":1459920677}', '2', 'INSERT', 1459920677),
(425, 'sys_user_role', 299, 'ems_system_user_group_role', '{"view":1,"add":1,"edit":1,"delete":1,"print":1,"download":1,"column_headers":1,"task_id":4,"user_group_id":"2","user_created":"2","date_created":1459920677}', '2', 'INSERT', 1459920677),
(426, 'sys_user_role', 300, 'ems_system_user_group_role', '{"view":1,"add":1,"edit":1,"delete":1,"print":1,"download":1,"column_headers":1,"task_id":6,"user_group_id":"2","user_created":"2","date_created":1459920677}', '2', 'INSERT', 1459920677),
(427, 'sys_user_role', 301, 'ems_system_user_group_role', '{"view":1,"add":1,"edit":1,"delete":1,"print":1,"download":1,"column_headers":1,"task_id":34,"user_group_id":"2","user_created":"2","date_created":1459920677}', '2', 'INSERT', 1459920677),
(428, 'sys_user_role', 302, 'ems_system_user_group_role', '{"view":1,"add":1,"edit":1,"delete":1,"print":1,"download":1,"column_headers":1,"task_id":8,"user_group_id":"2","user_created":"2","date_created":1459920677}', '2', 'INSERT', 1459920677),
(429, 'sys_user_role', 303, 'ems_system_user_group_role', '{"view":1,"add":1,"edit":1,"delete":1,"print":1,"download":1,"column_headers":1,"task_id":9,"user_group_id":"2","user_created":"2","date_created":1459920677}', '2', 'INSERT', 1459920677),
(430, 'sys_user_role', 304, 'ems_system_user_group_role', '{"view":1,"add":1,"edit":1,"delete":1,"print":1,"download":1,"column_headers":1,"task_id":10,"user_group_id":"2","user_created":"2","date_created":1459920677}', '2', 'INSERT', 1459920677),
(431, 'sys_user_role', 305, 'ems_system_user_group_role', '{"view":1,"add":1,"edit":1,"delete":1,"print":1,"download":1,"column_headers":1,"task_id":11,"user_group_id":"2","user_created":"2","date_created":1459920677}', '2', 'INSERT', 1459920677),
(432, 'sys_user_role', 306, 'ems_system_user_group_role', '{"view":1,"add":1,"edit":1,"delete":1,"print":1,"download":1,"column_headers":1,"task_id":12,"user_group_id":"2","user_created":"2","date_created":1459920677}', '2', 'INSERT', 1459920677),
(433, 'sys_user_role', 307, 'ems_system_user_group_role', '{"view":1,"add":1,"edit":1,"delete":1,"print":1,"download":1,"column_headers":1,"task_id":13,"user_group_id":"2","user_created":"2","date_created":1459920677}', '2', 'INSERT', 1459920677),
(434, 'sys_user_role', 308, 'ems_system_user_group_role', '{"view":1,"add":1,"edit":1,"delete":1,"print":1,"download":1,"column_headers":1,"task_id":16,"user_group_id":"2","user_created":"2","date_created":1459920677}', '2', 'INSERT', 1459920677),
(435, 'sys_user_role', 309, 'ems_system_user_group_role', '{"view":1,"add":1,"edit":1,"delete":1,"print":1,"download":1,"column_headers":1,"task_id":17,"user_group_id":"2","user_created":"2","date_created":1459920677}', '2', 'INSERT', 1459920677),
(436, 'sys_user_role', 310, 'ems_system_user_group_role', '{"view":1,"add":1,"edit":1,"delete":1,"print":1,"download":1,"column_headers":1,"task_id":18,"user_group_id":"2","user_created":"2","date_created":1459920677}', '2', 'INSERT', 1459920677),
(437, 'sys_user_role', 311, 'ems_system_user_group_role', '{"view":1,"add":1,"edit":1,"delete":1,"print":1,"download":1,"column_headers":1,"task_id":26,"user_group_id":"2","user_created":"2","date_created":1459920677}', '2', 'INSERT', 1459920677),
(438, 'sys_user_role', 312, 'ems_system_user_group_role', '{"view":1,"add":1,"edit":1,"delete":1,"print":1,"download":1,"column_headers":1,"task_id":27,"user_group_id":"2","user_created":"2","date_created":1459920677}', '2', 'INSERT', 1459920677),
(439, 'sys_user_role', 313, 'ems_system_user_group_role', '{"view":1,"add":1,"edit":1,"delete":1,"print":1,"download":1,"column_headers":1,"task_id":41,"user_group_id":"2","user_created":"2","date_created":1459920677}', '2', 'INSERT', 1459920677),
(440, 'sys_user_role', 314, 'ems_system_user_group_role', '{"view":1,"add":1,"edit":1,"delete":1,"print":1,"download":1,"column_headers":1,"task_id":51,"user_group_id":"2","user_created":"2","date_created":1459920677}', '2', 'INSERT', 1459920677),
(441, 'sys_user_role', 315, 'ems_system_user_group_role', '{"view":1,"add":1,"edit":1,"delete":1,"print":1,"download":1,"column_headers":1,"task_id":19,"user_group_id":"2","user_created":"2","date_created":1459920677}', '2', 'INSERT', 1459920677),
(442, 'sys_user_role', 316, 'ems_system_user_group_role', '{"view":1,"add":1,"edit":1,"delete":1,"print":1,"download":1,"column_headers":1,"task_id":21,"user_group_id":"2","user_created":"2","date_created":1459920677}', '2', 'INSERT', 1459920677),
(443, 'sys_user_role', 317, 'ems_system_user_group_role', '{"view":1,"add":1,"edit":1,"delete":1,"print":1,"download":1,"column_headers":1,"task_id":22,"user_group_id":"2","user_created":"2","date_created":1459920677}', '2', 'INSERT', 1459920677),
(444, 'sys_user_role', 318, 'ems_system_user_group_role', '{"view":1,"add":1,"edit":1,"delete":1,"print":1,"download":1,"column_headers":1,"task_id":20,"user_group_id":"2","user_created":"2","date_created":1459920677}', '2', 'INSERT', 1459920677),
(445, 'sys_user_role', 319, 'ems_system_user_group_role', '{"view":1,"add":1,"edit":1,"delete":1,"print":1,"download":1,"column_headers":1,"task_id":28,"user_group_id":"2","user_created":"2","date_created":1459920677}', '2', 'INSERT', 1459920677),
(446, 'sys_user_role', 320, 'ems_system_user_group_role', '{"view":1,"add":1,"edit":1,"delete":1,"print":1,"download":1,"column_headers":1,"task_id":33,"user_group_id":"2","user_created":"2","date_created":1459920677}', '2', 'INSERT', 1459920677),
(447, 'sys_user_role', 321, 'ems_system_user_group_role', '{"view":1,"add":1,"edit":1,"delete":1,"print":1,"download":1,"column_headers":1,"task_id":47,"user_group_id":"2","user_created":"2","date_created":1459920677}', '2', 'INSERT', 1459920677),
(448, 'sys_user_role', 322, 'ems_system_user_group_role', '{"view":1,"add":1,"edit":1,"delete":1,"print":1,"download":1,"column_headers":1,"task_id":50,"user_group_id":"2","user_created":"2","date_created":1459920677}', '2', 'INSERT', 1459920677),
(449, 'sys_user_role', 323, 'ems_system_user_group_role', '{"view":1,"add":1,"edit":1,"delete":1,"print":1,"download":1,"column_headers":1,"task_id":24,"user_group_id":"2","user_created":"2","date_created":1459920677}', '2', 'INSERT', 1459920677),
(450, 'sys_user_role', 324, 'ems_system_user_group_role', '{"view":1,"add":1,"edit":1,"delete":1,"print":1,"download":1,"column_headers":1,"task_id":25,"user_group_id":"2","user_created":"2","date_created":1459920677}', '2', 'INSERT', 1459920677),
(451, 'sys_user_role', 325, 'ems_system_user_group_role', '{"view":1,"add":1,"edit":1,"delete":1,"print":1,"download":1,"column_headers":1,"task_id":30,"user_group_id":"2","user_created":"2","date_created":1459920677}', '2', 'INSERT', 1459920677),
(452, 'sys_user_role', 326, 'ems_system_user_group_role', '{"view":1,"add":1,"edit":1,"delete":1,"print":1,"download":1,"column_headers":1,"task_id":32,"user_group_id":"2","user_created":"2","date_created":1459920677}', '2', 'INSERT', 1459920677),
(453, 'sys_user_role', 327, 'ems_system_user_group_role', '{"view":1,"add":1,"edit":1,"delete":1,"print":1,"download":1,"column_headers":1,"task_id":43,"user_group_id":"2","user_created":"2","date_created":1459920677}', '2', 'INSERT', 1459920677),
(454, 'sys_user_role', 328, 'ems_system_user_group_role', '{"view":1,"add":1,"edit":1,"delete":1,"print":1,"download":1,"column_headers":1,"task_id":36,"user_group_id":"2","user_created":"2","date_created":1459920677}', '2', 'INSERT', 1459920677),
(455, 'sys_user_role', 329, 'ems_system_user_group_role', '{"view":1,"add":1,"edit":1,"delete":1,"print":1,"download":1,"column_headers":1,"task_id":38,"user_group_id":"2","user_created":"2","date_created":1459920677}', '2', 'INSERT', 1459920677),
(456, 'sys_user_role', 330, 'ems_system_user_group_role', '{"view":1,"add":1,"edit":1,"delete":1,"print":1,"download":1,"column_headers":1,"task_id":39,"user_group_id":"2","user_created":"2","date_created":1459920677}', '2', 'INSERT', 1459920677),
(457, 'sys_user_role', 331, 'ems_system_user_group_role', '{"view":1,"add":1,"edit":1,"delete":1,"print":1,"download":1,"column_headers":1,"task_id":40,"user_group_id":"2","user_created":"2","date_created":1459920677}', '2', 'INSERT', 1459920677),
(458, 'sys_user_role', 332, 'ems_system_user_group_role', '{"view":1,"add":1,"edit":1,"delete":1,"print":1,"download":1,"column_headers":1,"task_id":44,"user_group_id":"2","user_created":"2","date_created":1459920677}', '2', 'INSERT', 1459920677),
(459, 'sys_user_role', 333, 'ems_system_user_group_role', '{"view":1,"add":1,"edit":1,"delete":1,"print":1,"download":1,"column_headers":1,"task_id":31,"user_group_id":"2","user_created":"2","date_created":1459920677}', '2', 'INSERT', 1459920677),
(460, 'sys_user_role', 334, 'ems_system_user_group_role', '{"view":1,"add":1,"edit":1,"delete":1,"print":1,"download":1,"column_headers":1,"task_id":49,"user_group_id":"2","user_created":"2","date_created":1459920677}', '2', 'INSERT', 1459920677),
(461, 'sys_user_role', 335, 'ems_system_user_group_role', '{"view":1,"add":1,"edit":1,"delete":1,"print":1,"download":1,"column_headers":1,"task_id":45,"user_group_id":"2","user_created":"2","date_created":1459920677}', '2', 'INSERT', 1459920677),
(462, 'sys_user_role', 336, 'ems_system_user_group_role', '{"view":1,"add":1,"edit":1,"delete":1,"print":1,"download":1,"column_headers":1,"task_id":48,"user_group_id":"2","user_created":"2","date_created":1459920677}', '2', 'INSERT', 1459920677),
(463, 'sys_user_role', 337, 'ems_system_user_group_role', '{"view":1,"add":1,"edit":1,"delete":1,"print":1,"download":1,"column_headers":1,"task_id":52,"user_group_id":"2","user_created":"2","date_created":1459920677}', '2', 'INSERT', 1459920677),
(464, 'sys_user_role', 338, 'ems_system_user_group_role', '{"view":1,"add":1,"edit":1,"delete":1,"print":1,"download":1,"column_headers":1,"task_id":58,"user_group_id":"2","user_created":"2","date_created":1459920677}', '2', 'INSERT', 1459920677),
(465, 'sys_user_role', 339, 'ems_system_user_group_role', '{"view":1,"add":1,"edit":1,"delete":1,"print":1,"download":1,"column_headers":1,"task_id":59,"user_group_id":"2","user_created":"2","date_created":1459920677}', '2', 'INSERT', 1459920677),
(466, 'sys_user_role', 340, 'ems_system_user_group_role', '{"view":1,"add":1,"edit":1,"delete":1,"print":1,"download":1,"column_headers":1,"task_id":54,"user_group_id":"2","user_created":"2","date_created":1459920677}', '2', 'INSERT', 1459920677),
(467, 'sys_user_role', 341, 'ems_system_user_group_role', '{"view":1,"add":1,"edit":1,"delete":1,"print":1,"download":1,"column_headers":1,"task_id":55,"user_group_id":"2","user_created":"2","date_created":1459920677}', '2', 'INSERT', 1459920677),
(468, 'sys_user_role', 342, 'ems_system_user_group_role', '{"view":1,"add":1,"edit":1,"delete":1,"print":1,"download":1,"column_headers":1,"task_id":56,"user_group_id":"2","user_created":"2","date_created":1459920677}', '2', 'INSERT', 1459920677),
(469, 'sys_user_role', 343, 'ems_system_user_group_role', '{"view":1,"add":1,"edit":1,"delete":1,"print":1,"download":1,"column_headers":1,"task_id":57,"user_group_id":"2","user_created":"2","date_created":1459920677}', '2', 'INSERT', 1459920677),
(470, 'survey_primary_market', 2, 'ems_survey_primary', '{"user_created":"2","date_created":1459920785,"union_ids":"[\\"683\\",\\"685\\",\\"688\\"]","remarks":"","year":"2016","crop_type_id":"1","upazilla_id":"14"}', '2', 'INSERT', 1459920785),
(471, 'survey_primary_market', 2, 'ems_survey_primary_customers', '{"name":"sss","year":"2016","upazilla_id":"14","customer_no":1,"user_created":"2","date_created":1459920785}', '2', 'INSERT', 1459920785),
(472, 'survey_primary_market', 3, 'ems_survey_primary_customers', '{"name":"ddd","year":"2016","upazilla_id":"14","customer_no":2,"user_created":"2","date_created":1459920785}', '2', 'INSERT', 1459920785),
(473, 'survey_primary_market', 5, 'ems_survey_primary_customer_survey', '{"weight_sales":"32","weight_market":"43","survey_id":2,"variety_id":2,"customer_no":1,"user_created":"2","date_created":1459920785}', '2', 'INSERT', 1459920785),
(474, 'survey_primary_market', 6, 'ems_survey_primary_customer_survey', '{"weight_sales":"434","weight_market":"343","survey_id":2,"variety_id":2,"customer_no":2,"user_created":"2","date_created":1459920785}', '2', 'INSERT', 1459920785),
(475, 'survey_primary_market', 7, 'ems_survey_primary_customer_survey', '{"weight_sales":"34","weight_market":"34","survey_id":2,"variety_id":0,"customer_no":1,"user_created":"2","date_created":1459920785}', '2', 'INSERT', 1459920785),
(476, 'survey_primary_market', 8, 'ems_survey_primary_customer_survey', '{"weight_sales":"34","weight_market":"34","survey_id":2,"variety_id":0,"customer_no":2,"user_created":"2","date_created":1459920785}', '2', 'INSERT', 1459920785),
(477, 'survey_primary_market', 6, 'ems_survey_primary_quantity_survey', '{"weight_assumed":"60","survey_id":2,"variety_id":2,"user_created":"2","date_created":1459920785}', '2', 'INSERT', 1459920785),
(478, 'survey_primary_market', 7, 'ems_survey_primary_quantity_survey', '{"weight_assumed":"34","survey_id":2,"variety_id":0,"user_created":"2","date_created":1459920785}', '2', 'INSERT', 1459920785),
(479, 'sys_module_task', 56, 'ems_system_task', '{"name":"ARM Variety Info","type":"TASK","parent":"53","controller":"Survey_product_arm","ordering":"3","status":"Active","user_updated":"1","date_updated":1459921388}', '1', 'UPDATE', 1459921388),
(480, 'sys_module_task', 57, 'ems_system_task', '{"name":"Competitor Variety Info","type":"TASK","parent":"53","controller":"Survey_product_competitor","ordering":"4","status":"Active","user_updated":"1","date_updated":1459921402}', '1', 'UPDATE', 1459921402),
(481, 'sales_po_delivery', 12, 'ems_sales_po', '{"date_delivery":1459792800,"user_updated":"64","date_updated":1459923303,"status_delivered":"Delivered","date_delivered":1459923303,"user_delivered":"64"}', '64', 'UPDATE', 1459923303),
(482, 'sales_po_delivery', 10, 'ems_sales_po_delivery', '{"date_delivery":1459792800,"date_invoice":1459792800,"invoice_no":"216102750","courier_id":"1","track_no":"80006000050438","date_booking":1459792800,"remarks":"","sales_po_id":"12","revision":1,"user_created":"64","date_created":1459923303}', '64', 'INSERT', 1459923303),
(483, 'sales_po', 21, 'ems_sales_po', '{"date_po":1459879200,"customer_id":"66","warehouse_id":"1","user_created":"23","date_created":1459923316}', '23', 'INSERT', 1459923316),
(484, 'sales_po', 48, 'ems_sales_po_details', '{"variety_id":"44","pack_size_id":"2","quantity":"100","pack_size":"10","variety_price":"260","variety_price_id":"34","quantity_bonus":"0","bonus_details_id":"0","bonus_pack_size":"0","bonus_pack_size_id":"0","sales_po_id":21,"remarks":"","revision":1,"user_created":"23","date_created":1459923316}', '23', 'INSERT', 1459923316),
(485, 'sales_po', 49, 'ems_sales_po_details', '{"variety_id":"44","pack_size_id":"1","quantity":"200","pack_size":"5","variety_price":"135","variety_price_id":"33","quantity_bonus":"0","bonus_details_id":"0","bonus_pack_size":"0","bonus_pack_size_id":"0","sales_po_id":21,"remarks":"","revision":1,"user_created":"23","date_created":1459923316}', '23', 'INSERT', 1459923316),
(486, 'sales_po', 50, 'ems_sales_po_details', '{"variety_id":"45","pack_size_id":"2","quantity":"100","pack_size":"10","variety_price":"290","variety_price_id":"36","quantity_bonus":"0","bonus_details_id":"0","bonus_pack_size":"0","bonus_pack_size_id":"0","sales_po_id":21,"remarks":"","revision":1,"user_created":"23","date_created":1459923316}', '23', 'INSERT', 1459923316),
(487, 'sales_po', 21, 'ems_sales_po', '{"status_requested":"Requested","user_requested":"23","date_requested":1459923332}', '23', 'UPDATE', 1459923332),
(488, 'sales_po_approve', 21, 'ems_sales_po', '{"status_approved":"Approved","remarks_approved":"","user_approved":"23","date_approved":1459923487}', '23', 'UPDATE', 1459923487),
(489, 'sales_po_delivery', 13, 'ems_sales_po', '{"date_delivery":1459792800,"user_updated":"64","date_updated":1459925182,"status_delivered":"Delivered","date_delivered":1459925182,"user_delivered":"64"}', '64', 'UPDATE', 1459925182),
(490, 'sales_po_delivery', 11, 'ems_sales_po_delivery', '{"date_delivery":1459792800,"date_invoice":1459792800,"invoice_no":"216102751","courier_id":"1","track_no":"80006000050438","date_booking":1459792800,"remarks":"","sales_po_id":"13","revision":1,"user_created":"64","date_created":1459925182}', '64', 'INSERT', 1459925182),
(491, 'sales_po_delivery', 10, 'ems_sales_po', '{"date_delivery":1459792800,"user_updated":"64","date_updated":1459925368,"status_delivered":"Delivered","date_delivered":1459925368,"user_delivered":"64"}', '64', 'UPDATE', 1459925368),
(492, 'sales_po_delivery', 12, 'ems_sales_po_delivery', '{"date_delivery":1459792800,"date_invoice":1459792800,"invoice_no":"216102748","courier_id":"1","track_no":"80006000050439","date_booking":1459792800,"remarks":"","sales_po_id":"10","revision":1,"user_created":"64","date_created":1459925368}', '64', 'INSERT', 1459925368),
(493, 'stockin_variety', 117, 'ems_stockin_varieties', '{"warehouse_id":"1","variety_id":"54","pack_size_id":"2","quantity":"1950","date_stock_in":1459879200,"remarks":"","date_mfg":"","date_exp":"","user_created":"2","date_created":1459929407}', '2', 'INSERT', 1459929407),
(494, 'payment_payment', 203, 'ems_payment_payment', '{"date_payment":1459792800,"customer_id":"114","payment_way":"Online Payment","amount":"175000","cheque_no":"Ruppur.Br Pabna","bank_id":"4","bank_branch":"Ruppur","arm_bank_id":"2","arm_bank_account_id":"","payment_type":"Other","user_created":"19","date_created":1459930063}', '19', 'INSERT', 1459930063),
(495, 'payment_payment', 204, 'ems_payment_payment', '{"date_payment":1459792800,"customer_id":"55","payment_way":"Online Payment","amount":"22000","cheque_no":"Rajshahi.Corpt.Br","bank_id":"4","bank_branch":"Rajshahi.Corpt","arm_bank_id":"2","arm_bank_account_id":"","payment_type":"Other","user_created":"19","date_created":1459930187}', '19', 'INSERT', 1459930187),
(496, 'sys_user_role', 344, 'ems_system_user_group_role', '{"view":1,"add":1,"edit":0,"delete":0,"print":1,"download":0,"column_headers":0,"task_id":36,"user_group_id":"4","user_created":"2","date_created":1459930889}', '2', 'INSERT', 1459930889),
(497, 'sys_user_role', 345, 'ems_system_user_group_role', '{"view":1,"add":1,"edit":1,"delete":0,"print":1,"download":0,"column_headers":0,"task_id":38,"user_group_id":"4","user_created":"2","date_created":1459930889}', '2', 'INSERT', 1459930889),
(498, 'sys_user_role', 346, 'ems_system_user_group_role', '{"view":1,"add":1,"edit":1,"delete":0,"print":1,"download":0,"column_headers":0,"task_id":39,"user_group_id":"4","user_created":"2","date_created":1459930889}', '2', 'INSERT', 1459930889),
(499, 'sys_user_role', 347, 'ems_system_user_group_role', '{"view":1,"add":1,"edit":1,"delete":1,"print":1,"download":1,"column_headers":1,"task_id":49,"user_group_id":"4","user_created":"2","date_created":1459930889}', '2', 'INSERT', 1459930889),
(500, 'sys_user_role', 348, 'ems_system_user_group_role', '{"view":1,"add":1,"edit":1,"delete":1,"print":1,"download":1,"column_headers":1,"task_id":45,"user_group_id":"4","user_created":"2","date_created":1459930889}', '2', 'INSERT', 1459930889),
(501, 'sys_user_role', 349, 'ems_system_user_group_role', '{"view":1,"add":1,"edit":1,"delete":1,"print":1,"download":1,"column_headers":1,"task_id":48,"user_group_id":"4","user_created":"2","date_created":1459930889}', '2', 'INSERT', 1459930889),
(502, 'sys_user_role', 350, 'ems_system_user_group_role', '{"view":1,"add":1,"edit":1,"delete":1,"print":1,"download":1,"column_headers":1,"task_id":52,"user_group_id":"4","user_created":"2","date_created":1459930889}', '2', 'INSERT', 1459930889),
(503, 'sys_user_role', 351, 'ems_system_user_group_role', '{"view":1,"add":1,"edit":1,"delete":1,"print":1,"download":1,"column_headers":1,"task_id":57,"user_group_id":"4","user_created":"2","date_created":1459930889}', '2', 'INSERT', 1459930889),
(504, 'sys_user_role', 352, 'ems_system_user_group_role', '{"view":1,"add":1,"edit":1,"delete":1,"print":1,"download":1,"column_headers":1,"task_id":51,"user_group_id":"5","user_created":"2","date_created":1459930907}', '2', 'INSERT', 1459930907),
(505, 'sys_user_role', 353, 'ems_system_user_group_role', '{"view":1,"add":1,"edit":0,"delete":0,"print":1,"download":0,"column_headers":0,"task_id":36,"user_group_id":"5","user_created":"2","date_created":1459930907}', '2', 'INSERT', 1459930907),
(506, 'sys_user_role', 354, 'ems_system_user_group_role', '{"view":1,"add":1,"edit":1,"delete":0,"print":1,"download":0,"column_headers":0,"task_id":38,"user_group_id":"5","user_created":"2","date_created":1459930907}', '2', 'INSERT', 1459930907),
(507, 'sys_user_role', 355, 'ems_system_user_group_role', '{"view":1,"add":1,"edit":1,"delete":1,"print":1,"download":1,"column_headers":1,"task_id":44,"user_group_id":"5","user_created":"2","date_created":1459930907}', '2', 'INSERT', 1459930907),
(508, 'sys_user_role', 356, 'ems_system_user_group_role', '{"view":1,"add":1,"edit":1,"delete":1,"print":1,"download":1,"column_headers":1,"task_id":49,"user_group_id":"5","user_created":"2","date_created":1459930907}', '2', 'INSERT', 1459930907),
(509, 'sys_user_role', 357, 'ems_system_user_group_role', '{"view":1,"add":1,"edit":1,"delete":1,"print":1,"download":1,"column_headers":1,"task_id":48,"user_group_id":"5","user_created":"2","date_created":1459930907}', '2', 'INSERT', 1459930907),
(510, 'sys_user_role', 358, 'ems_system_user_group_role', '{"view":1,"add":1,"edit":1,"delete":1,"print":1,"download":1,"column_headers":1,"task_id":52,"user_group_id":"5","user_created":"2","date_created":1459930907}', '2', 'INSERT', 1459930907),
(511, 'sys_user_role', 359, 'ems_system_user_group_role', '{"view":1,"add":1,"edit":1,"delete":1,"print":1,"download":1,"column_headers":1,"task_id":55,"user_group_id":"5","user_created":"2","date_created":1459930907}', '2', 'INSERT', 1459930907),
(512, 'sys_user_role', 360, 'ems_system_user_group_role', '{"view":1,"add":1,"edit":1,"delete":1,"print":1,"download":1,"column_headers":1,"task_id":51,"user_group_id":"6","user_created":"2","date_created":1459930967}', '2', 'INSERT', 1459930967),
(513, 'sys_user_role', 361, 'ems_system_user_group_role', '{"view":1,"add":1,"edit":1,"delete":0,"print":1,"download":0,"column_headers":0,"task_id":38,"user_group_id":"6","user_created":"2","date_created":1459930967}', '2', 'INSERT', 1459930967),
(514, 'sys_user_role', 362, 'ems_system_user_group_role', '{"view":1,"add":1,"edit":1,"delete":0,"print":1,"download":0,"column_headers":0,"task_id":44,"user_group_id":"6","user_created":"2","date_created":1459930967}', '2', 'INSERT', 1459930967),
(515, 'sys_user_role', 363, 'ems_system_user_group_role', '{"view":1,"add":1,"edit":1,"delete":1,"print":1,"download":1,"column_headers":1,"task_id":49,"user_group_id":"6","user_created":"2","date_created":1459930967}', '2', 'INSERT', 1459930967),
(516, 'sys_user_role', 364, 'ems_system_user_group_role', '{"view":1,"add":1,"edit":1,"delete":1,"print":1,"download":1,"column_headers":1,"task_id":48,"user_group_id":"6","user_created":"2","date_created":1459930967}', '2', 'INSERT', 1459930967),
(517, 'sys_user_role', 365, 'ems_system_user_group_role', '{"view":1,"add":1,"edit":1,"delete":1,"print":1,"download":1,"column_headers":1,"task_id":52,"user_group_id":"6","user_created":"2","date_created":1459930967}', '2', 'INSERT', 1459930967),
(518, 'sys_user_role', 366, 'ems_system_user_group_role', '{"view":1,"add":1,"edit":1,"delete":1,"print":1,"download":1,"column_headers":1,"task_id":58,"user_group_id":"6","user_created":"2","date_created":1459930967}', '2', 'INSERT', 1459930967),
(519, 'sys_user_role', 367, 'ems_system_user_group_role', '{"view":1,"add":1,"edit":1,"delete":0,"print":0,"download":0,"column_headers":0,"task_id":54,"user_group_id":"6","user_created":"2","date_created":1459930967}', '2', 'INSERT', 1459930967),
(520, 'sys_user_role', 368, 'ems_system_user_group_role', '{"view":1,"add":1,"edit":1,"delete":1,"print":1,"download":1,"column_headers":1,"task_id":51,"user_group_id":"5","user_created":"2","date_created":1459931005}', '2', 'INSERT', 1459931005),
(521, 'sys_user_role', 369, 'ems_system_user_group_role', '{"view":1,"add":1,"edit":0,"delete":0,"print":1,"download":0,"column_headers":0,"task_id":36,"user_group_id":"5","user_created":"2","date_created":1459931005}', '2', 'INSERT', 1459931005),
(522, 'sys_user_role', 370, 'ems_system_user_group_role', '{"view":1,"add":1,"edit":1,"delete":0,"print":1,"download":0,"column_headers":0,"task_id":38,"user_group_id":"5","user_created":"2","date_created":1459931005}', '2', 'INSERT', 1459931005),
(523, 'sys_user_role', 371, 'ems_system_user_group_role', '{"view":1,"add":1,"edit":1,"delete":1,"print":1,"download":1,"column_headers":1,"task_id":44,"user_group_id":"5","user_created":"2","date_created":1459931005}', '2', 'INSERT', 1459931005),
(524, 'sys_user_role', 372, 'ems_system_user_group_role', '{"view":1,"add":1,"edit":1,"delete":1,"print":1,"download":1,"column_headers":1,"task_id":49,"user_group_id":"5","user_created":"2","date_created":1459931005}', '2', 'INSERT', 1459931005),
(525, 'sys_user_role', 373, 'ems_system_user_group_role', '{"view":1,"add":1,"edit":1,"delete":1,"print":1,"download":1,"column_headers":1,"task_id":48,"user_group_id":"5","user_created":"2","date_created":1459931005}', '2', 'INSERT', 1459931005),
(526, 'sys_user_role', 374, 'ems_system_user_group_role', '{"view":1,"add":1,"edit":1,"delete":1,"print":1,"download":1,"column_headers":1,"task_id":52,"user_group_id":"5","user_created":"2","date_created":1459931005}', '2', 'INSERT', 1459931005),
(527, 'sys_user_role', 375, 'ems_system_user_group_role', '{"view":1,"add":1,"edit":1,"delete":0,"print":0,"download":0,"column_headers":0,"task_id":58,"user_group_id":"5","user_created":"2","date_created":1459931005}', '2', 'INSERT', 1459931005),
(528, 'sys_user_role', 376, 'ems_system_user_group_role', '{"view":1,"add":1,"edit":1,"delete":0,"print":0,"download":0,"column_headers":0,"task_id":55,"user_group_id":"5","user_created":"2","date_created":1459931005}', '2', 'INSERT', 1459931005),
(529, 'sys_user_group', 12, 'ems_system_user_group', '{"name":"PRI","ordering":"99","user_created":"2","date_created":1459931161}', '2', 'INSERT', 1459931161),
(530, 'sys_user_group', 13, 'ems_system_user_group', '{"name":"RND","ordering":"99","user_created":"2","date_created":1459931174}', '2', 'INSERT', 1459931174),
(531, 'sys_assign_user_group', 40, 'ems_system_assigned_group', '{"user_id":"53","user_group":"12","user_created":"2","date_created":1459931202,"revision":1}', '2', 'INSERT', 1459931202),
(532, 'sys_assign_user_group', 41, 'ems_system_assigned_group', '{"user_id":"54","user_group":"12","user_created":"2","date_created":1459931213,"revision":1}', '2', 'INSERT', 1459931213),
(533, 'sys_assign_user_group', 42, 'ems_system_assigned_group', '{"user_id":"55","user_group":"12","user_created":"2","date_created":1459931225,"revision":1}', '2', 'INSERT', 1459931225),
(534, 'sys_assign_user_group', 43, 'ems_system_assigned_group', '{"user_id":"3","user_group":"13","user_created":"2","date_created":1459931254,"revision":1}', '2', 'INSERT', 1459931254),
(535, 'sys_user_role', 377, 'ems_system_user_group_role', '{"view":1,"add":1,"edit":1,"delete":1,"print":1,"download":1,"column_headers":1,"task_id":56,"user_group_id":"12","user_created":"2","date_created":1459931331}', '2', 'INSERT', 1459931331),
(536, 'survey_product_arm', 4, 'ems_survey_product', '{"characteristics":"Red in Color","remarks":"Test","date_start":26244000,"date_end":29440799,"picture":"images\\/survey_product\\/87\\/DSC02081.JPG","picture_file_name":"DSC02081.JPG","variety_id":"87","user_created":"54","date_created":1459933295}', '54', 'INSERT', 1459933295),
(537, 'survey_product_arm', 4, 'ems_survey_product', '{"characteristics":"Sunny leone","remarks":"","date_start":8186400,"date_end":8272799,"picture":"images\\/survey_product\\/87\\/SAM_29511.JPG","picture_file_name":"SAM_29511.JPG","user_updated":"54","date_updated":1459933304}', '54', 'UPDATE', 1459933304),
(538, 'survey_product_arm', 4, 'ems_survey_product', '{"characteristics":"test","remarks":"","date_start":8186400,"date_end":8272799,"user_updated":"54","date_updated":1459933350}', '54', 'UPDATE', 1459933350),
(539, 'sys_user_role', 378, 'ems_system_user_group_role', '{"view":1,"add":1,"edit":1,"delete":1,"print":1,"download":1,"column_headers":1,"task_id":56,"user_group_id":"13","user_created":"2","date_created":1459933568}', '2', 'INSERT', 1459933568),
(540, 'setup_cclassification_variety', 335, 'ems_varieties', '{"crop_type_id":"45","whose":"ARM","competitor_id":"","name":"Krishnokoli","stock_id":"13-02-03","hybrid":"F1 Hybrid","description":"","ordering":"5","status":"In-Active","user_updated":"2","date_updated":1459933970}', '2', 'UPDATE', 1459933970),
(541, 'setup_cclassification_variety', 335, 'ems_varieties', '{"crop_type_id":"44","whose":"ARM","competitor_id":"","name":"Krishnokoli","stock_id":"13-02-03","hybrid":"F1 Hybrid","description":"","ordering":"5","status":"In-Active","user_updated":"2","date_updated":1459934018}', '2', 'UPDATE', 1459934018),
(542, 'survey_product_arm', 5, 'ems_survey_product', '{"characteristics":"Size-Medium , Color-Deep Green, Pungency-Medium, Yield-high","remarks":"","date_start":1188000,"date_end":5075999,"picture":"images\\/survey_product\\/31\\/Summer_Hot.JPG","picture_file_name":"Summer_Hot.JPG","variety_id":"31","user_created":"53","date_created":1459934035}', '53', 'INSERT', 1459934035),
(543, 'sys_module_task', 60, 'ems_system_task', '{"name":"Task Management","type":"MODULE","parent":"0","controller":"","ordering":"8","status":"Active","user_created":"1","date_created":1459967331}', '1', 'INSERT', 1459967331),
(544, 'sys_module_task', 61, 'ems_system_task', '{"name":"Farmer and Field Visit Setup","type":"TASK","parent":"60","controller":"Tm_farmer_visit_setup","ordering":"1","status":"Active","user_created":"1","date_created":1459967524}', '1', 'INSERT', 1459967524),
(545, 'sys_module_task', 62, 'ems_system_task', '{"name":"Field Visit","type":"TASK","parent":"60","controller":"Tm_field_visit","ordering":"2","status":"Active","user_created":"1","date_created":1459967607}', '1', 'INSERT', 1459967607),
(546, 'sys_module_task', 63, 'ems_system_task', '{"name":"Field Visit Feedback","type":"TASK","parent":"60","controller":"Tm_field_visit_feedback","ordering":"3","status":"Active","user_created":"1","date_created":1459967641}', '1', 'INSERT', 1459967641),
(547, 'sys_user_role', 379, 'ems_system_user_group_role', '{"view":1,"add":1,"edit":1,"delete":1,"print":0,"download":0,"column_headers":0,"task_id":2,"user_group_id":"1","user_created":"1","date_created":1459967707}', '1', 'INSERT', 1459967707),
(548, 'sys_user_role', 380, 'ems_system_user_group_role', '{"view":1,"add":1,"edit":1,"delete":1,"print":0,"download":0,"column_headers":0,"task_id":3,"user_group_id":"1","user_created":"1","date_created":1459967707}', '1', 'INSERT', 1459967707),
(549, 'sys_user_role', 381, 'ems_system_user_group_role', '{"view":1,"add":1,"edit":1,"delete":1,"print":0,"download":0,"column_headers":0,"task_id":4,"user_group_id":"1","user_created":"1","date_created":1459967707}', '1', 'INSERT', 1459967707),
(550, 'sys_user_role', 382, 'ems_system_user_group_role', '{"view":1,"add":1,"edit":1,"delete":1,"print":0,"download":0,"column_headers":0,"task_id":6,"user_group_id":"1","user_created":"1","date_created":1459967707}', '1', 'INSERT', 1459967707),
(551, 'sys_user_role', 383, 'ems_system_user_group_role', '{"view":1,"add":1,"edit":1,"delete":1,"print":0,"download":0,"column_headers":0,"task_id":34,"user_group_id":"1","user_created":"1","date_created":1459967707}', '1', 'INSERT', 1459967707),
(552, 'sys_user_role', 384, 'ems_system_user_group_role', '{"view":1,"add":1,"edit":1,"delete":1,"print":0,"download":0,"column_headers":0,"task_id":8,"user_group_id":"1","user_created":"1","date_created":1459967707}', '1', 'INSERT', 1459967707),
(553, 'sys_user_role', 385, 'ems_system_user_group_role', '{"view":1,"add":1,"edit":1,"delete":1,"print":0,"download":0,"column_headers":0,"task_id":9,"user_group_id":"1","user_created":"1","date_created":1459967707}', '1', 'INSERT', 1459967707),
(554, 'sys_user_role', 386, 'ems_system_user_group_role', '{"view":1,"add":1,"edit":1,"delete":1,"print":0,"download":0,"column_headers":0,"task_id":10,"user_group_id":"1","user_created":"1","date_created":1459967707}', '1', 'INSERT', 1459967707),
(555, 'sys_user_role', 387, 'ems_system_user_group_role', '{"view":1,"add":1,"edit":1,"delete":1,"print":0,"download":0,"column_headers":0,"task_id":11,"user_group_id":"1","user_created":"1","date_created":1459967707}', '1', 'INSERT', 1459967707),
(556, 'sys_user_role', 388, 'ems_system_user_group_role', '{"view":1,"add":1,"edit":1,"delete":1,"print":0,"download":0,"column_headers":0,"task_id":12,"user_group_id":"1","user_created":"1","date_created":1459967707}', '1', 'INSERT', 1459967707),
(557, 'sys_user_role', 389, 'ems_system_user_group_role', '{"view":1,"add":1,"edit":1,"delete":1,"print":0,"download":0,"column_headers":0,"task_id":13,"user_group_id":"1","user_created":"1","date_created":1459967707}', '1', 'INSERT', 1459967707),
(558, 'sys_user_role', 390, 'ems_system_user_group_role', '{"view":1,"add":1,"edit":1,"delete":1,"print":0,"download":0,"column_headers":0,"task_id":16,"user_group_id":"1","user_created":"1","date_created":1459967707}', '1', 'INSERT', 1459967707),
(559, 'sys_user_role', 391, 'ems_system_user_group_role', '{"view":1,"add":1,"edit":1,"delete":1,"print":0,"download":0,"column_headers":0,"task_id":17,"user_group_id":"1","user_created":"1","date_created":1459967707}', '1', 'INSERT', 1459967707),
(560, 'sys_user_role', 392, 'ems_system_user_group_role', '{"view":1,"add":1,"edit":1,"delete":1,"print":0,"download":0,"column_headers":0,"task_id":18,"user_group_id":"1","user_created":"1","date_created":1459967707}', '1', 'INSERT', 1459967707),
(561, 'sys_user_role', 393, 'ems_system_user_group_role', '{"view":1,"add":1,"edit":1,"delete":1,"print":0,"download":0,"column_headers":0,"task_id":26,"user_group_id":"1","user_created":"1","date_created":1459967707}', '1', 'INSERT', 1459967707),
(562, 'sys_user_role', 394, 'ems_system_user_group_role', '{"view":1,"add":1,"edit":1,"delete":1,"print":0,"download":0,"column_headers":0,"task_id":27,"user_group_id":"1","user_created":"1","date_created":1459967707}', '1', 'INSERT', 1459967707),
(563, 'sys_user_role', 395, 'ems_system_user_group_role', '{"view":1,"add":1,"edit":1,"delete":1,"print":0,"download":0,"column_headers":0,"task_id":41,"user_group_id":"1","user_created":"1","date_created":1459967707}', '1', 'INSERT', 1459967707),
(564, 'sys_user_role', 396, 'ems_system_user_group_role', '{"view":1,"add":1,"edit":1,"delete":1,"print":1,"download":1,"column_headers":1,"task_id":51,"user_group_id":"1","user_created":"1","date_created":1459967707}', '1', 'INSERT', 1459967707),
(565, 'sys_user_role', 397, 'ems_system_user_group_role', '{"view":1,"add":1,"edit":1,"delete":1,"print":0,"download":0,"column_headers":0,"task_id":19,"user_group_id":"1","user_created":"1","date_created":1459967707}', '1', 'INSERT', 1459967707),
(566, 'sys_user_role', 398, 'ems_system_user_group_role', '{"view":1,"add":1,"edit":1,"delete":1,"print":0,"download":0,"column_headers":0,"task_id":21,"user_group_id":"1","user_created":"1","date_created":1459967707}', '1', 'INSERT', 1459967707),
(567, 'sys_user_role', 399, 'ems_system_user_group_role', '{"view":1,"add":1,"edit":1,"delete":1,"print":0,"download":0,"column_headers":0,"task_id":22,"user_group_id":"1","user_created":"1","date_created":1459967707}', '1', 'INSERT', 1459967707),
(568, 'sys_user_role', 400, 'ems_system_user_group_role', '{"view":1,"add":1,"edit":1,"delete":1,"print":0,"download":0,"column_headers":0,"task_id":20,"user_group_id":"1","user_created":"1","date_created":1459967707}', '1', 'INSERT', 1459967707),
(569, 'sys_user_role', 401, 'ems_system_user_group_role', '{"view":1,"add":1,"edit":1,"delete":1,"print":0,"download":0,"column_headers":0,"task_id":28,"user_group_id":"1","user_created":"1","date_created":1459967707}', '1', 'INSERT', 1459967707),
(570, 'sys_user_role', 402, 'ems_system_user_group_role', '{"view":1,"add":1,"edit":1,"delete":1,"print":0,"download":0,"column_headers":0,"task_id":33,"user_group_id":"1","user_created":"1","date_created":1459967707}', '1', 'INSERT', 1459967707),
(571, 'sys_user_role', 403, 'ems_system_user_group_role', '{"view":1,"add":1,"edit":1,"delete":1,"print":1,"download":1,"column_headers":1,"task_id":47,"user_group_id":"1","user_created":"1","date_created":1459967707}', '1', 'INSERT', 1459967707),
(572, 'sys_user_role', 404, 'ems_system_user_group_role', '{"view":1,"add":1,"edit":1,"delete":1,"print":1,"download":1,"column_headers":1,"task_id":50,"user_group_id":"1","user_created":"1","date_created":1459967707}', '1', 'INSERT', 1459967707),
(573, 'sys_user_role', 405, 'ems_system_user_group_role', '{"view":1,"add":1,"edit":1,"delete":1,"print":0,"download":0,"column_headers":0,"task_id":24,"user_group_id":"1","user_created":"1","date_created":1459967707}', '1', 'INSERT', 1459967707),
(574, 'sys_user_role', 406, 'ems_system_user_group_role', '{"view":1,"add":1,"edit":1,"delete":1,"print":0,"download":0,"column_headers":0,"task_id":25,"user_group_id":"1","user_created":"1","date_created":1459967707}', '1', 'INSERT', 1459967707),
(575, 'sys_user_role', 407, 'ems_system_user_group_role', '{"view":1,"add":1,"edit":1,"delete":1,"print":0,"download":0,"column_headers":0,"task_id":30,"user_group_id":"1","user_created":"1","date_created":1459967707}', '1', 'INSERT', 1459967707),
(576, 'sys_user_role', 408, 'ems_system_user_group_role', '{"view":1,"add":1,"edit":1,"delete":1,"print":0,"download":0,"column_headers":0,"task_id":32,"user_group_id":"1","user_created":"1","date_created":1459967707}', '1', 'INSERT', 1459967707),
(577, 'sys_user_role', 409, 'ems_system_user_group_role', '{"view":1,"add":1,"edit":1,"delete":1,"print":1,"download":1,"column_headers":1,"task_id":43,"user_group_id":"1","user_created":"1","date_created":1459967707}', '1', 'INSERT', 1459967707),
(578, 'sys_user_role', 410, 'ems_system_user_group_role', '{"view":1,"add":1,"edit":1,"delete":1,"print":0,"download":0,"column_headers":0,"task_id":36,"user_group_id":"1","user_created":"1","date_created":1459967707}', '1', 'INSERT', 1459967707),
(579, 'sys_user_role', 411, 'ems_system_user_group_role', '{"view":1,"add":1,"edit":1,"delete":1,"print":1,"download":1,"column_headers":1,"task_id":38,"user_group_id":"1","user_created":"1","date_created":1459967707}', '1', 'INSERT', 1459967707),
(580, 'sys_user_role', 412, 'ems_system_user_group_role', '{"view":1,"add":1,"edit":1,"delete":1,"print":1,"download":1,"column_headers":1,"task_id":39,"user_group_id":"1","user_created":"1","date_created":1459967707}', '1', 'INSERT', 1459967707),
(581, 'sys_user_role', 413, 'ems_system_user_group_role', '{"view":1,"add":1,"edit":1,"delete":1,"print":1,"download":1,"column_headers":1,"task_id":40,"user_group_id":"1","user_created":"1","date_created":1459967707}', '1', 'INSERT', 1459967707),
(582, 'sys_user_role', 414, 'ems_system_user_group_role', '{"view":1,"add":1,"edit":1,"delete":1,"print":1,"download":1,"column_headers":1,"task_id":44,"user_group_id":"1","user_created":"1","date_created":1459967707}', '1', 'INSERT', 1459967707),
(583, 'sys_user_role', 415, 'ems_system_user_group_role', '{"view":1,"add":1,"edit":1,"delete":1,"print":0,"download":0,"column_headers":0,"task_id":31,"user_group_id":"1","user_created":"1","date_created":1459967707}', '1', 'INSERT', 1459967707),
(584, 'sys_user_role', 416, 'ems_system_user_group_role', '{"view":1,"add":1,"edit":1,"delete":1,"print":1,"download":1,"column_headers":1,"task_id":49,"user_group_id":"1","user_created":"1","date_created":1459967707}', '1', 'INSERT', 1459967707),
(585, 'sys_user_role', 417, 'ems_system_user_group_role', '{"view":1,"add":1,"edit":1,"delete":1,"print":1,"download":1,"column_headers":1,"task_id":45,"user_group_id":"1","user_created":"1","date_created":1459967707}', '1', 'INSERT', 1459967707),
(586, 'sys_user_role', 418, 'ems_system_user_group_role', '{"view":1,"add":1,"edit":1,"delete":1,"print":1,"download":1,"column_headers":1,"task_id":48,"user_group_id":"1","user_created":"1","date_created":1459967707}', '1', 'INSERT', 1459967707),
(587, 'sys_user_role', 419, 'ems_system_user_group_role', '{"view":1,"add":1,"edit":1,"delete":1,"print":1,"download":1,"column_headers":1,"task_id":52,"user_group_id":"1","user_created":"1","date_created":1459967707}', '1', 'INSERT', 1459967707);
INSERT INTO `ems_history` (`id`, `controller`, `table_id`, `table_name`, `data`, `user_id`, `action`, `date`) VALUES
(588, 'sys_user_role', 420, 'ems_system_user_group_role', '{"view":1,"add":1,"edit":1,"delete":1,"print":1,"download":1,"column_headers":1,"task_id":58,"user_group_id":"1","user_created":"1","date_created":1459967707}', '1', 'INSERT', 1459967707),
(589, 'sys_user_role', 421, 'ems_system_user_group_role', '{"view":1,"add":1,"edit":1,"delete":1,"print":1,"download":1,"column_headers":1,"task_id":59,"user_group_id":"1","user_created":"1","date_created":1459967707}', '1', 'INSERT', 1459967707),
(590, 'sys_user_role', 422, 'ems_system_user_group_role', '{"view":1,"add":1,"edit":1,"delete":1,"print":1,"download":1,"column_headers":1,"task_id":54,"user_group_id":"1","user_created":"1","date_created":1459967707}', '1', 'INSERT', 1459967707),
(591, 'sys_user_role', 423, 'ems_system_user_group_role', '{"view":1,"add":1,"edit":1,"delete":1,"print":1,"download":1,"column_headers":1,"task_id":55,"user_group_id":"1","user_created":"1","date_created":1459967707}', '1', 'INSERT', 1459967707),
(592, 'sys_user_role', 424, 'ems_system_user_group_role', '{"view":1,"add":1,"edit":1,"delete":1,"print":1,"download":1,"column_headers":1,"task_id":56,"user_group_id":"1","user_created":"1","date_created":1459967707}', '1', 'INSERT', 1459967707),
(593, 'sys_user_role', 425, 'ems_system_user_group_role', '{"view":1,"add":1,"edit":1,"delete":1,"print":1,"download":1,"column_headers":1,"task_id":57,"user_group_id":"1","user_created":"1","date_created":1459967707}', '1', 'INSERT', 1459967707),
(594, 'sys_user_role', 426, 'ems_system_user_group_role', '{"view":1,"add":1,"edit":1,"delete":1,"print":1,"download":1,"column_headers":1,"task_id":61,"user_group_id":"1","user_created":"1","date_created":1459967707}', '1', 'INSERT', 1459967707),
(595, 'sys_user_role', 427, 'ems_system_user_group_role', '{"view":1,"add":1,"edit":1,"delete":1,"print":1,"download":1,"column_headers":1,"task_id":62,"user_group_id":"1","user_created":"1","date_created":1459967707}', '1', 'INSERT', 1459967707),
(596, 'sys_user_role', 428, 'ems_system_user_group_role', '{"view":1,"add":1,"edit":1,"delete":1,"print":1,"download":1,"column_headers":1,"task_id":63,"user_group_id":"1","user_created":"1","date_created":1459967707}', '1', 'INSERT', 1459967707),
(597, 'sys_user_role', 429, 'ems_system_user_group_role', '{"view":1,"add":1,"edit":1,"delete":1,"print":1,"download":1,"column_headers":1,"task_id":3,"user_group_id":"2","user_created":"1","date_created":1459967727}', '1', 'INSERT', 1459967727),
(598, 'sys_user_role', 430, 'ems_system_user_group_role', '{"view":1,"add":1,"edit":1,"delete":1,"print":1,"download":1,"column_headers":1,"task_id":4,"user_group_id":"2","user_created":"1","date_created":1459967727}', '1', 'INSERT', 1459967727),
(599, 'sys_user_role', 431, 'ems_system_user_group_role', '{"view":1,"add":1,"edit":1,"delete":1,"print":1,"download":1,"column_headers":1,"task_id":6,"user_group_id":"2","user_created":"1","date_created":1459967727}', '1', 'INSERT', 1459967727),
(600, 'sys_user_role', 432, 'ems_system_user_group_role', '{"view":1,"add":1,"edit":1,"delete":1,"print":1,"download":1,"column_headers":1,"task_id":34,"user_group_id":"2","user_created":"1","date_created":1459967727}', '1', 'INSERT', 1459967727),
(601, 'sys_user_role', 433, 'ems_system_user_group_role', '{"view":1,"add":1,"edit":1,"delete":1,"print":1,"download":1,"column_headers":1,"task_id":8,"user_group_id":"2","user_created":"1","date_created":1459967727}', '1', 'INSERT', 1459967727),
(602, 'sys_user_role', 434, 'ems_system_user_group_role', '{"view":1,"add":1,"edit":1,"delete":1,"print":1,"download":1,"column_headers":1,"task_id":9,"user_group_id":"2","user_created":"1","date_created":1459967727}', '1', 'INSERT', 1459967727),
(603, 'sys_user_role', 435, 'ems_system_user_group_role', '{"view":1,"add":1,"edit":1,"delete":1,"print":1,"download":1,"column_headers":1,"task_id":10,"user_group_id":"2","user_created":"1","date_created":1459967727}', '1', 'INSERT', 1459967727),
(604, 'sys_user_role', 436, 'ems_system_user_group_role', '{"view":1,"add":1,"edit":1,"delete":1,"print":1,"download":1,"column_headers":1,"task_id":11,"user_group_id":"2","user_created":"1","date_created":1459967727}', '1', 'INSERT', 1459967727),
(605, 'sys_user_role', 437, 'ems_system_user_group_role', '{"view":1,"add":1,"edit":1,"delete":1,"print":1,"download":1,"column_headers":1,"task_id":12,"user_group_id":"2","user_created":"1","date_created":1459967727}', '1', 'INSERT', 1459967727),
(606, 'sys_user_role', 438, 'ems_system_user_group_role', '{"view":1,"add":1,"edit":1,"delete":1,"print":1,"download":1,"column_headers":1,"task_id":13,"user_group_id":"2","user_created":"1","date_created":1459967727}', '1', 'INSERT', 1459967727),
(607, 'sys_user_role', 439, 'ems_system_user_group_role', '{"view":1,"add":1,"edit":1,"delete":1,"print":1,"download":1,"column_headers":1,"task_id":16,"user_group_id":"2","user_created":"1","date_created":1459967727}', '1', 'INSERT', 1459967727),
(608, 'sys_user_role', 440, 'ems_system_user_group_role', '{"view":1,"add":1,"edit":1,"delete":1,"print":1,"download":1,"column_headers":1,"task_id":17,"user_group_id":"2","user_created":"1","date_created":1459967727}', '1', 'INSERT', 1459967727),
(609, 'sys_user_role', 441, 'ems_system_user_group_role', '{"view":1,"add":1,"edit":1,"delete":1,"print":1,"download":1,"column_headers":1,"task_id":18,"user_group_id":"2","user_created":"1","date_created":1459967727}', '1', 'INSERT', 1459967727),
(610, 'sys_user_role', 442, 'ems_system_user_group_role', '{"view":1,"add":1,"edit":1,"delete":1,"print":1,"download":1,"column_headers":1,"task_id":26,"user_group_id":"2","user_created":"1","date_created":1459967727}', '1', 'INSERT', 1459967727),
(611, 'sys_user_role', 443, 'ems_system_user_group_role', '{"view":1,"add":1,"edit":1,"delete":1,"print":1,"download":1,"column_headers":1,"task_id":27,"user_group_id":"2","user_created":"1","date_created":1459967727}', '1', 'INSERT', 1459967727),
(612, 'sys_user_role', 444, 'ems_system_user_group_role', '{"view":1,"add":1,"edit":1,"delete":1,"print":1,"download":1,"column_headers":1,"task_id":41,"user_group_id":"2","user_created":"1","date_created":1459967727}', '1', 'INSERT', 1459967727),
(613, 'sys_user_role', 445, 'ems_system_user_group_role', '{"view":1,"add":1,"edit":1,"delete":1,"print":1,"download":1,"column_headers":1,"task_id":51,"user_group_id":"2","user_created":"1","date_created":1459967727}', '1', 'INSERT', 1459967727),
(614, 'sys_user_role', 446, 'ems_system_user_group_role', '{"view":1,"add":1,"edit":1,"delete":1,"print":1,"download":1,"column_headers":1,"task_id":19,"user_group_id":"2","user_created":"1","date_created":1459967727}', '1', 'INSERT', 1459967727),
(615, 'sys_user_role', 447, 'ems_system_user_group_role', '{"view":1,"add":1,"edit":1,"delete":1,"print":1,"download":1,"column_headers":1,"task_id":21,"user_group_id":"2","user_created":"1","date_created":1459967727}', '1', 'INSERT', 1459967727),
(616, 'sys_user_role', 448, 'ems_system_user_group_role', '{"view":1,"add":1,"edit":1,"delete":1,"print":1,"download":1,"column_headers":1,"task_id":22,"user_group_id":"2","user_created":"1","date_created":1459967727}', '1', 'INSERT', 1459967727),
(617, 'sys_user_role', 449, 'ems_system_user_group_role', '{"view":1,"add":1,"edit":1,"delete":1,"print":1,"download":1,"column_headers":1,"task_id":20,"user_group_id":"2","user_created":"1","date_created":1459967727}', '1', 'INSERT', 1459967727),
(618, 'sys_user_role', 450, 'ems_system_user_group_role', '{"view":1,"add":1,"edit":1,"delete":1,"print":1,"download":1,"column_headers":1,"task_id":28,"user_group_id":"2","user_created":"1","date_created":1459967727}', '1', 'INSERT', 1459967727),
(619, 'sys_user_role', 451, 'ems_system_user_group_role', '{"view":1,"add":1,"edit":1,"delete":1,"print":1,"download":1,"column_headers":1,"task_id":33,"user_group_id":"2","user_created":"1","date_created":1459967727}', '1', 'INSERT', 1459967727),
(620, 'sys_user_role', 452, 'ems_system_user_group_role', '{"view":1,"add":1,"edit":1,"delete":1,"print":1,"download":1,"column_headers":1,"task_id":47,"user_group_id":"2","user_created":"1","date_created":1459967727}', '1', 'INSERT', 1459967727),
(621, 'sys_user_role', 453, 'ems_system_user_group_role', '{"view":1,"add":1,"edit":1,"delete":1,"print":1,"download":1,"column_headers":1,"task_id":50,"user_group_id":"2","user_created":"1","date_created":1459967727}', '1', 'INSERT', 1459967727),
(622, 'sys_user_role', 454, 'ems_system_user_group_role', '{"view":1,"add":1,"edit":1,"delete":1,"print":1,"download":1,"column_headers":1,"task_id":24,"user_group_id":"2","user_created":"1","date_created":1459967727}', '1', 'INSERT', 1459967727),
(623, 'sys_user_role', 455, 'ems_system_user_group_role', '{"view":1,"add":1,"edit":1,"delete":1,"print":1,"download":1,"column_headers":1,"task_id":25,"user_group_id":"2","user_created":"1","date_created":1459967727}', '1', 'INSERT', 1459967727),
(624, 'sys_user_role', 456, 'ems_system_user_group_role', '{"view":1,"add":1,"edit":1,"delete":1,"print":1,"download":1,"column_headers":1,"task_id":30,"user_group_id":"2","user_created":"1","date_created":1459967727}', '1', 'INSERT', 1459967727),
(625, 'sys_user_role', 457, 'ems_system_user_group_role', '{"view":1,"add":1,"edit":1,"delete":1,"print":1,"download":1,"column_headers":1,"task_id":32,"user_group_id":"2","user_created":"1","date_created":1459967727}', '1', 'INSERT', 1459967727),
(626, 'sys_user_role', 458, 'ems_system_user_group_role', '{"view":1,"add":1,"edit":1,"delete":1,"print":1,"download":1,"column_headers":1,"task_id":43,"user_group_id":"2","user_created":"1","date_created":1459967727}', '1', 'INSERT', 1459967727),
(627, 'sys_user_role', 459, 'ems_system_user_group_role', '{"view":1,"add":1,"edit":1,"delete":1,"print":1,"download":1,"column_headers":1,"task_id":36,"user_group_id":"2","user_created":"1","date_created":1459967727}', '1', 'INSERT', 1459967727),
(628, 'sys_user_role', 460, 'ems_system_user_group_role', '{"view":1,"add":1,"edit":1,"delete":1,"print":1,"download":1,"column_headers":1,"task_id":38,"user_group_id":"2","user_created":"1","date_created":1459967727}', '1', 'INSERT', 1459967727),
(629, 'sys_user_role', 461, 'ems_system_user_group_role', '{"view":1,"add":1,"edit":1,"delete":1,"print":1,"download":1,"column_headers":1,"task_id":39,"user_group_id":"2","user_created":"1","date_created":1459967727}', '1', 'INSERT', 1459967727),
(630, 'sys_user_role', 462, 'ems_system_user_group_role', '{"view":1,"add":1,"edit":1,"delete":1,"print":1,"download":1,"column_headers":1,"task_id":40,"user_group_id":"2","user_created":"1","date_created":1459967727}', '1', 'INSERT', 1459967727),
(631, 'sys_user_role', 463, 'ems_system_user_group_role', '{"view":1,"add":1,"edit":1,"delete":1,"print":1,"download":1,"column_headers":1,"task_id":44,"user_group_id":"2","user_created":"1","date_created":1459967727}', '1', 'INSERT', 1459967727),
(632, 'sys_user_role', 464, 'ems_system_user_group_role', '{"view":1,"add":1,"edit":1,"delete":1,"print":1,"download":1,"column_headers":1,"task_id":31,"user_group_id":"2","user_created":"1","date_created":1459967727}', '1', 'INSERT', 1459967727),
(633, 'sys_user_role', 465, 'ems_system_user_group_role', '{"view":1,"add":1,"edit":1,"delete":1,"print":1,"download":1,"column_headers":1,"task_id":49,"user_group_id":"2","user_created":"1","date_created":1459967727}', '1', 'INSERT', 1459967727),
(634, 'sys_user_role', 466, 'ems_system_user_group_role', '{"view":1,"add":1,"edit":1,"delete":1,"print":1,"download":1,"column_headers":1,"task_id":45,"user_group_id":"2","user_created":"1","date_created":1459967727}', '1', 'INSERT', 1459967727),
(635, 'sys_user_role', 467, 'ems_system_user_group_role', '{"view":1,"add":1,"edit":1,"delete":1,"print":1,"download":1,"column_headers":1,"task_id":48,"user_group_id":"2","user_created":"1","date_created":1459967727}', '1', 'INSERT', 1459967727),
(636, 'sys_user_role', 468, 'ems_system_user_group_role', '{"view":1,"add":1,"edit":1,"delete":1,"print":1,"download":1,"column_headers":1,"task_id":52,"user_group_id":"2","user_created":"1","date_created":1459967727}', '1', 'INSERT', 1459967727),
(637, 'sys_user_role', 469, 'ems_system_user_group_role', '{"view":1,"add":1,"edit":1,"delete":1,"print":1,"download":1,"column_headers":1,"task_id":58,"user_group_id":"2","user_created":"1","date_created":1459967727}', '1', 'INSERT', 1459967727),
(638, 'sys_user_role', 470, 'ems_system_user_group_role', '{"view":1,"add":1,"edit":1,"delete":1,"print":1,"download":1,"column_headers":1,"task_id":59,"user_group_id":"2","user_created":"1","date_created":1459967727}', '1', 'INSERT', 1459967727),
(639, 'sys_user_role', 471, 'ems_system_user_group_role', '{"view":1,"add":1,"edit":1,"delete":1,"print":1,"download":1,"column_headers":1,"task_id":54,"user_group_id":"2","user_created":"1","date_created":1459967727}', '1', 'INSERT', 1459967727),
(640, 'sys_user_role', 472, 'ems_system_user_group_role', '{"view":1,"add":1,"edit":1,"delete":1,"print":1,"download":1,"column_headers":1,"task_id":55,"user_group_id":"2","user_created":"1","date_created":1459967727}', '1', 'INSERT', 1459967727),
(641, 'sys_user_role', 473, 'ems_system_user_group_role', '{"view":1,"add":1,"edit":1,"delete":1,"print":1,"download":1,"column_headers":1,"task_id":56,"user_group_id":"2","user_created":"1","date_created":1459967727}', '1', 'INSERT', 1459967727),
(642, 'sys_user_role', 474, 'ems_system_user_group_role', '{"view":1,"add":1,"edit":1,"delete":1,"print":1,"download":1,"column_headers":1,"task_id":57,"user_group_id":"2","user_created":"1","date_created":1459967727}', '1', 'INSERT', 1459967727),
(643, 'sys_user_role', 475, 'ems_system_user_group_role', '{"view":1,"add":1,"edit":1,"delete":1,"print":1,"download":1,"column_headers":1,"task_id":61,"user_group_id":"2","user_created":"1","date_created":1459967727}', '1', 'INSERT', 1459967727),
(644, 'sys_user_role', 476, 'ems_system_user_group_role', '{"view":1,"add":1,"edit":1,"delete":1,"print":1,"download":1,"column_headers":1,"task_id":62,"user_group_id":"2","user_created":"1","date_created":1459967727}', '1', 'INSERT', 1459967727),
(645, 'sys_user_role', 477, 'ems_system_user_group_role', '{"view":1,"add":1,"edit":1,"delete":1,"print":1,"download":1,"column_headers":1,"task_id":63,"user_group_id":"2","user_created":"1","date_created":1459967727}', '1', 'INSERT', 1459967727),
(646, 'sales_po_delivery', 16, 'ems_sales_po', '{"date_delivery":1459792800,"user_updated":"64","date_updated":1459996254,"status_delivered":"Delivered","date_delivered":1459996254,"user_delivered":"64"}', '64', 'UPDATE', 1459996254),
(647, 'sales_po_delivery', 13, 'ems_sales_po_delivery', '{"date_delivery":1459792800,"date_invoice":1459792800,"invoice_no":"216102754","courier_id":"1","track_no":"80011000137482","date_booking":1459792800,"remarks":"","sales_po_id":"16","revision":1,"user_created":"64","date_created":1459996254}', '64', 'INSERT', 1459996254),
(648, 'sales_po_delivery', 17, 'ems_sales_po', '{"date_delivery":1459792800,"user_updated":"64","date_updated":1459996342,"status_delivered":"Delivered","date_delivered":1459996342,"user_delivered":"64"}', '64', 'UPDATE', 1459996342),
(649, 'sales_po_delivery', 14, 'ems_sales_po_delivery', '{"date_delivery":1459792800,"date_invoice":1459792800,"invoice_no":"21216102755","courier_id":"1","track_no":"80011000137481","date_booking":1459792800,"remarks":"","sales_po_id":"17","revision":1,"user_created":"64","date_created":1459996342}', '64', 'INSERT', 1459996342),
(650, 'sales_po_delivery', 15, 'ems_sales_po', '{"date_delivery":1459792800,"user_updated":"64","date_updated":1459996425,"status_delivered":"Delivered","date_delivered":1459996425,"user_delivered":"64"}', '64', 'UPDATE', 1459996425),
(651, 'sales_po_delivery', 15, 'ems_sales_po_delivery', '{"date_delivery":1459792800,"date_invoice":1459792800,"invoice_no":"216102753","courier_id":"3","track_no":"98671","date_booking":1459792800,"remarks":"","sales_po_id":"15","revision":1,"user_created":"64","date_created":1459996425}', '64', 'INSERT', 1459996425),
(652, 'sales_po_delivery', 18, 'ems_sales_po', '{"date_delivery":1459879200,"user_updated":"64","date_updated":1459996512,"status_delivered":"Delivered","date_delivered":1459996512,"user_delivered":"64"}', '64', 'UPDATE', 1459996512),
(653, 'sales_po_delivery', 16, 'ems_sales_po_delivery', '{"date_delivery":1459879200,"date_invoice":1459879200,"invoice_no":"216102757","courier_id":"34","track_no":"4549","date_booking":1459879200,"remarks":"","sales_po_id":"18","revision":1,"user_created":"64","date_created":1459996512}', '64', 'INSERT', 1459996512),
(654, 'sales_po_delivery', 20, 'ems_sales_po', '{"date_delivery":1459879200,"user_updated":"64","date_updated":1459996574,"status_delivered":"Delivered","date_delivered":1459996574,"user_delivered":"64"}', '64', 'UPDATE', 1459996574),
(655, 'sales_po_delivery', 17, 'ems_sales_po_delivery', '{"date_delivery":1459879200,"date_invoice":1459879200,"invoice_no":"216102758","courier_id":"2","track_no":"4472","date_booking":1459879200,"remarks":"","sales_po_id":"20","revision":1,"user_created":"64","date_created":1459996574}', '64', 'INSERT', 1459996574),
(656, 'sales_po_delivery', 14, 'ems_sales_po', '{"date_delivery":1459792800,"user_updated":"64","date_updated":1459996687,"status_delivered":"Delivered","date_delivered":1459996687,"user_delivered":"64"}', '64', 'UPDATE', 1459996687),
(657, 'sales_po_delivery', 18, 'ems_sales_po_delivery', '{"date_delivery":1459792800,"date_invoice":1459792800,"invoice_no":"216102752","courier_id":"32","track_no":"00","date_booking":1459965600,"remarks":"","sales_po_id":"14","revision":1,"user_created":"64","date_created":1459996687}', '64', 'INSERT', 1459996687),
(658, 'sales_po_delivery', 16, 'ems_sales_po', '{"date_delivery":1459879200,"user_updated":"64","date_updated":1459996929}', '64', 'UPDATE', 1459996929),
(659, 'sales_po_delivery', 19, 'ems_sales_po_delivery', '{"date_delivery":1459879200,"date_invoice":1459792800,"invoice_no":"216102754","courier_id":"1","track_no":"80011000137482","date_booking":1459879200,"remarks":"","sales_po_id":"16","revision":1,"user_created":"64","date_created":1459996929}', '64', 'INSERT', 1459996929),
(660, 'sales_po_delivery', 17, 'ems_sales_po', '{"date_delivery":1459879200,"user_updated":"64","date_updated":1459997050}', '64', 'UPDATE', 1459997050),
(661, 'sales_po_delivery', 20, 'ems_sales_po_delivery', '{"date_delivery":1459879200,"date_invoice":1459792800,"invoice_no":"21216102755","courier_id":"1","track_no":"80011000137481","date_booking":1459879200,"remarks":"","sales_po_id":"17","revision":1,"user_created":"64","date_created":1459997050}', '64', 'INSERT', 1459997050),
(662, 'sales_po', 22, 'ems_sales_po', '{"date_po":1459965600,"customer_id":"29","warehouse_id":"1","user_created":"23","date_created":1459997718}', '23', 'INSERT', 1459997718),
(663, 'sales_po', 51, 'ems_sales_po_details', '{"variety_id":"57","pack_size_id":"2","quantity":"100","pack_size":"10","variety_price":"85","variety_price_id":"104","quantity_bonus":"0","bonus_details_id":"0","bonus_pack_size":"0","bonus_pack_size_id":"0","sales_po_id":22,"remarks":"","revision":1,"user_created":"23","date_created":1459997718}', '23', 'INSERT', 1459997718),
(664, 'sales_po', 52, 'ems_sales_po_details', '{"variety_id":"35","pack_size_id":"1","quantity":"50","pack_size":"5","variety_price":"200","variety_price_id":"88","quantity_bonus":"0","bonus_details_id":"0","bonus_pack_size":"0","bonus_pack_size_id":"0","sales_po_id":22,"remarks":"","revision":1,"user_created":"23","date_created":1459997718}', '23', 'INSERT', 1459997718),
(665, 'sales_po', 53, 'ems_sales_po_details', '{"variety_id":"45","pack_size_id":"1","quantity":"200","pack_size":"5","variety_price":"150","variety_price_id":"35","quantity_bonus":"0","bonus_details_id":"0","bonus_pack_size":"0","bonus_pack_size_id":"0","sales_po_id":22,"remarks":"","revision":1,"user_created":"23","date_created":1459997718}', '23', 'INSERT', 1459997718),
(666, 'sales_po', 54, 'ems_sales_po_details', '{"variety_id":"45","pack_size_id":"2","quantity":"400","pack_size":"10","variety_price":"290","variety_price_id":"36","quantity_bonus":"0","bonus_details_id":"0","bonus_pack_size":"0","bonus_pack_size_id":"0","sales_po_id":22,"remarks":"","revision":1,"user_created":"23","date_created":1459997718}', '23', 'INSERT', 1459997718),
(667, 'sales_po', 55, 'ems_sales_po_details', '{"variety_id":"44","pack_size_id":"2","quantity":"100","pack_size":"10","variety_price":"260","variety_price_id":"34","quantity_bonus":"0","bonus_details_id":"0","bonus_pack_size":"0","bonus_pack_size_id":"0","sales_po_id":22,"remarks":"","revision":1,"user_created":"23","date_created":1459997718}', '23', 'INSERT', 1459997718),
(668, 'sales_po', 56, 'ems_sales_po_details', '{"variety_id":"49","pack_size_id":"2","quantity":"100","pack_size":"10","variety_price":"110","variety_price_id":"40","quantity_bonus":"10","bonus_details_id":"171","bonus_pack_size":"10","bonus_pack_size_id":"2","sales_po_id":22,"remarks":"","revision":1,"user_created":"23","date_created":1459997718}', '23', 'INSERT', 1459997718),
(669, 'sales_po', 22, 'ems_sales_po', '{"status_requested":"Requested","user_requested":"23","date_requested":1459997733}', '23', 'UPDATE', 1459997733),
(670, 'sales_po_approve', 22, 'ems_sales_po', '{"status_approved":"Approved","remarks_approved":"","user_approved":"23","date_approved":1459997816}', '23', 'UPDATE', 1459997816),
(671, 'sales_po_delivery', 15, 'ems_sales_po', '{"date_delivery":1459879200,"user_updated":"64","date_updated":1459998975}', '64', 'UPDATE', 1459998975),
(672, 'sales_po_delivery', 21, 'ems_sales_po_delivery', '{"date_delivery":1459879200,"date_invoice":1459792800,"invoice_no":"216102753","courier_id":"3","track_no":"98671","date_booking":1459879200,"remarks":"","sales_po_id":"15","revision":1,"user_created":"64","date_created":1459998975}', '64', 'INSERT', 1459998975),
(673, 'sales_po_delivery', 11, 'ems_sales_po', '{"date_delivery":1459792800,"user_updated":"64","date_updated":1459999140,"status_delivered":"Delivered","date_delivered":1459999140,"user_delivered":"64"}', '64', 'UPDATE', 1459999140),
(674, 'sales_po_delivery', 22, 'ems_sales_po_delivery', '{"date_delivery":1459792800,"date_invoice":1459792800,"invoice_no":"216102749","courier_id":"25","track_no":"00","date_booking":1459792800,"remarks":"","sales_po_id":"11","revision":1,"user_created":"64","date_created":1459999140}', '64', 'INSERT', 1459999140),
(675, 'sales_po', 23, 'ems_sales_po', '{"date_po":1459965600,"customer_id":"46","warehouse_id":"1","user_created":"22","date_created":1460000778}', '22', 'INSERT', 1460000778),
(676, 'sales_po', 57, 'ems_sales_po_details', '{"variety_id":"67","pack_size_id":"4","quantity":"250","pack_size":"100","variety_price":"330","variety_price_id":"56","quantity_bonus":"0","bonus_details_id":"155","bonus_pack_size":"100","bonus_pack_size_id":"4","sales_po_id":23,"remarks":"","revision":1,"user_created":"22","date_created":1460000778}', '22', 'INSERT', 1460000778),
(677, 'payment_payment', 205, 'ems_payment_payment', '{"date_payment":1459879200,"customer_id":"131","payment_way":"Online Payment","amount":"25000","cheque_no":"4327760","bank_id":"1","bank_branch":"Chanchkoir.Br","arm_bank_id":"1","arm_bank_account_id":"","payment_type":"Other","user_created":"19","date_created":1460000960}', '19', 'INSERT', 1460000960),
(678, 'sales_po', 23, 'ems_sales_po', '{"date_po":1459965600,"customer_id":"46","warehouse_id":"1","user_updated":"22","date_updated":1460001515}', '22', 'UPDATE', 1460001515),
(679, 'sales_po', 58, 'ems_sales_po_details', '{"variety_id":"67","pack_size_id":"4","quantity":"200","pack_size":"100","variety_price":"330","variety_price_id":"56","quantity_bonus":"0","bonus_details_id":"155","bonus_pack_size":"100","bonus_pack_size_id":"4","sales_po_id":"23","remarks":"","revision":1,"user_created":"22","date_created":1460001515}', '22', 'INSERT', 1460001515),
(680, 'sales_po', 59, 'ems_sales_po_details', '{"variety_id":"52","pack_size_id":"2","quantity":"100","pack_size":"10","variety_price":"85","variety_price_id":"113","quantity_bonus":"0","bonus_details_id":"0","bonus_pack_size":"0","bonus_pack_size_id":"0","sales_po_id":"23","remarks":"","revision":1,"user_created":"22","date_created":1460001515}', '22', 'INSERT', 1460001515),
(681, 'sales_po', 60, 'ems_sales_po_details', '{"variety_id":"58","pack_size_id":"1","quantity":"200","pack_size":"5","variety_price":"42.5","variety_price_id":"47","quantity_bonus":"0","bonus_details_id":"0","bonus_pack_size":"0","bonus_pack_size_id":"0","sales_po_id":"23","remarks":"","revision":1,"user_created":"22","date_created":1460001515}', '22', 'INSERT', 1460001515),
(682, 'sales_po', 23, 'ems_sales_po', '{"status_requested":"Requested","user_requested":"22","date_requested":1460001541}', '22', 'UPDATE', 1460001541),
(683, 'sales_po_approve', 23, 'ems_sales_po', '{"status_approved":"Approved","remarks_approved":"","user_approved":"22","date_approved":1460001710}', '22', 'UPDATE', 1460001710),
(684, 'sales_po', 24, 'ems_sales_po', '{"date_po":1459965600,"customer_id":"159","warehouse_id":"1","user_created":"22","date_created":1460003776}', '22', 'INSERT', 1460003776),
(685, 'sales_po', 61, 'ems_sales_po_details', '{"variety_id":"353","pack_size_id":"4","quantity":"10","pack_size":"100","variety_price":"370","variety_price_id":"114","quantity_bonus":"0","bonus_details_id":"0","bonus_pack_size":"0","bonus_pack_size_id":"0","sales_po_id":24,"remarks":"","revision":1,"user_created":"22","date_created":1460003776}', '22', 'INSERT', 1460003776),
(686, 'sales_po', 62, 'ems_sales_po_details', '{"variety_id":"58","pack_size_id":"1","quantity":"100","pack_size":"5","variety_price":"42.5","variety_price_id":"47","quantity_bonus":"0","bonus_details_id":"0","bonus_pack_size":"0","bonus_pack_size_id":"0","sales_po_id":24,"remarks":"","revision":1,"user_created":"22","date_created":1460003776}', '22', 'INSERT', 1460003776),
(687, 'sales_po', 63, 'ems_sales_po_details', '{"variety_id":"57","pack_size_id":"2","quantity":"50","pack_size":"10","variety_price":"85","variety_price_id":"104","quantity_bonus":"0","bonus_details_id":"0","bonus_pack_size":"0","bonus_pack_size_id":"0","sales_po_id":24,"remarks":"","revision":1,"user_created":"22","date_created":1460003776}', '22', 'INSERT', 1460003776),
(688, 'sales_po', 64, 'ems_sales_po_details', '{"variety_id":"52","pack_size_id":"2","quantity":"100","pack_size":"10","variety_price":"85","variety_price_id":"113","quantity_bonus":"0","bonus_details_id":"0","bonus_pack_size":"0","bonus_pack_size_id":"0","sales_po_id":24,"remarks":"","revision":1,"user_created":"22","date_created":1460003776}', '22', 'INSERT', 1460003776),
(689, 'sales_po', 24, 'ems_sales_po', '{"status_requested":"Requested","user_requested":"22","date_requested":1460003790}', '22', 'UPDATE', 1460003790),
(690, 'sales_po_approve', 24, 'ems_sales_po', '{"status_approved":"Approved","remarks_approved":"","user_approved":"22","date_approved":1460003947}', '22', 'UPDATE', 1460003947),
(691, 'sales_po', 25, 'ems_sales_po', '{"date_po":1459965600,"customer_id":"73","warehouse_id":"1","user_created":"23","date_created":1460004489}', '23', 'INSERT', 1460004489),
(692, 'sales_po', 65, 'ems_sales_po_details', '{"variety_id":"45","pack_size_id":"2","quantity":"100","pack_size":"10","variety_price":"290","variety_price_id":"36","quantity_bonus":"0","bonus_details_id":"0","bonus_pack_size":"0","bonus_pack_size_id":"0","sales_po_id":25,"remarks":"","revision":1,"user_created":"23","date_created":1460004489}', '23', 'INSERT', 1460004489),
(693, 'sales_po', 66, 'ems_sales_po_details', '{"variety_id":"45","pack_size_id":"1","quantity":"200","pack_size":"5","variety_price":"150","variety_price_id":"35","quantity_bonus":"0","bonus_details_id":"0","bonus_pack_size":"0","bonus_pack_size_id":"0","sales_po_id":25,"remarks":"","revision":1,"user_created":"23","date_created":1460004489}', '23', 'INSERT', 1460004489),
(694, 'sales_po', 25, 'ems_sales_po', '{"status_requested":"Requested","user_requested":"23","date_requested":1460004498}', '23', 'UPDATE', 1460004498),
(695, 'sales_po_approve', 25, 'ems_sales_po', '{"status_approved":"Approved","remarks_approved":"","user_approved":"23","date_approved":1460004593}', '23', 'UPDATE', 1460004593),
(696, 'payment_payment', 206, 'ems_payment_payment', '{"date_payment":1459879200,"customer_id":"46","payment_way":"Online Payment","amount":"100000","cheque_no":"SMS**223","bank_id":"4","bank_branch":"Manikganj Br. ","arm_bank_id":"2","arm_bank_account_id":"","payment_type":"Other","user_created":"22","date_created":1460005842}', '22', 'INSERT', 1460005842),
(697, 'payment_payment', 207, 'ems_payment_payment', '{"date_payment":1459879200,"customer_id":"102","payment_way":"Online Payment","amount":"50000","cheque_no":"SMS**228","bank_id":"4","bank_branch":"Chakoria ","arm_bank_id":"2","arm_bank_account_id":"","payment_type":"Other","user_created":"22","date_created":1460005944}', '22', 'INSERT', 1460005944),
(698, 'payment_payment', 208, 'ems_payment_payment', '{"date_payment":1459879200,"customer_id":"52","payment_way":"Online Payment","amount":"49967","cheque_no":"4466482","bank_id":"1","bank_branch":"Chandpur Br","arm_bank_id":"1","arm_bank_account_id":"","payment_type":"Other","user_created":"22","date_created":1460006050}', '22', 'INSERT', 1460006050),
(699, 'payment_payment', 209, 'ems_payment_payment', '{"date_payment":1459879200,"customer_id":"159","payment_way":"Online Payment","amount":"19977","cheque_no":"4827","bank_id":"1","bank_branch":"Fotickchori Br. ","arm_bank_id":"1","arm_bank_account_id":"","payment_type":"Other","user_created":"22","date_created":1460006139}', '22', 'INSERT', 1460006139),
(700, 'payment_payment', 210, 'ems_payment_payment', '{"date_payment":1459879200,"customer_id":"172","payment_way":"Online Payment","amount":"35500","cheque_no":"8651429","bank_id":"1","bank_branch":"Tangail Br. ","arm_bank_id":"1","arm_bank_account_id":"","payment_type":"Other","user_created":"22","date_created":1460006209}', '22', 'INSERT', 1460006209),
(701, 'payment_payment', 211, 'ems_payment_payment', '{"date_payment":1459792800,"customer_id":"166","payment_way":"Online Payment","amount":"9977","cheque_no":"8749052","bank_id":"1","bank_branch":"","arm_bank_id":"1","arm_bank_account_id":"","payment_type":"Other","user_created":"22","date_created":1460006327}', '22', 'INSERT', 1460006327),
(702, 'payment_payment', 212, 'ems_payment_payment', '{"date_payment":1459792800,"customer_id":"45","payment_way":"Online Payment","amount":"140000","cheque_no":"3363081","bank_id":"1","bank_branch":"Kalampur ","arm_bank_id":"1","arm_bank_account_id":"","payment_type":"Other","user_created":"22","date_created":1460006412}', '22', 'INSERT', 1460006412),
(703, 'payment_payment', 213, 'ems_payment_payment', '{"date_payment":1459792800,"customer_id":"80","payment_way":"Online Payment","amount":"50000","cheque_no":"IBU 00433974","bank_id":"1","bank_branch":"Suborna Char Br. ","arm_bank_id":"1","arm_bank_account_id":"","payment_type":"Other","user_created":"22","date_created":1460006538}', '22', 'INSERT', 1460006538),
(704, 'payment_payment', 214, 'ems_payment_payment', '{"date_payment":1459792800,"customer_id":"157","payment_way":"Online Payment","amount":"19977","cheque_no":"80399609","bank_id":"1","bank_branch":"Sitakundo Br. ","arm_bank_id":"1","arm_bank_account_id":"","payment_type":"Other","user_created":"22","date_created":1460006615}', '22', 'INSERT', 1460006615),
(705, 'sales_po', 26, 'ems_sales_po', '{"date_po":1459965600,"customer_id":"8","warehouse_id":"1","user_created":"19","date_created":1460007206}', '19', 'INSERT', 1460007206),
(706, 'sales_po', 67, 'ems_sales_po_details', '{"variety_id":"44","pack_size_id":"1","quantity":"400","pack_size":"5","variety_price":"135","variety_price_id":"33","quantity_bonus":"0","bonus_details_id":"0","bonus_pack_size":"0","bonus_pack_size_id":"0","sales_po_id":26,"remarks":"","revision":1,"user_created":"19","date_created":1460007206}', '19', 'INSERT', 1460007206),
(707, 'sales_po', 68, 'ems_sales_po_details', '{"variety_id":"39","pack_size_id":"1","quantity":"100","pack_size":"5","variety_price":"80","variety_price_id":"69","quantity_bonus":"10","bonus_details_id":"62","bonus_pack_size":"5","bonus_pack_size_id":"1","sales_po_id":26,"remarks":"","revision":1,"user_created":"19","date_created":1460007206}', '19', 'INSERT', 1460007206),
(708, 'sales_po', 27, 'ems_sales_po', '{"date_po":1459965600,"customer_id":"121","warehouse_id":"1","user_created":"19","date_created":1460007330}', '19', 'INSERT', 1460007330),
(709, 'sales_po', 69, 'ems_sales_po_details', '{"variety_id":"18","pack_size_id":"2","quantity":"100","pack_size":"10","variety_price":"170","variety_price_id":"18","quantity_bonus":"0","bonus_details_id":"0","bonus_pack_size":"0","bonus_pack_size_id":"0","sales_po_id":27,"remarks":"","revision":1,"user_created":"19","date_created":1460007330}', '19', 'INSERT', 1460007330),
(710, 'sales_po', 26, 'ems_sales_po', '{"date_po":1459965600,"customer_id":"8","warehouse_id":"1","user_updated":"19","date_updated":1460007489}', '19', 'UPDATE', 1460007489),
(711, 'sales_po', 70, 'ems_sales_po_details', '{"variety_id":"44","pack_size_id":"1","quantity":"400","pack_size":"5","variety_price":"135","variety_price_id":"33","quantity_bonus":"0","bonus_details_id":"0","bonus_pack_size":"0","bonus_pack_size_id":"0","sales_po_id":"26","remarks":"","revision":1,"user_created":"19","date_created":1460007489}', '19', 'INSERT', 1460007489),
(712, 'sales_po', 71, 'ems_sales_po_details', '{"variety_id":"39","pack_size_id":"1","quantity":"200","pack_size":"5","variety_price":"80","variety_price_id":"69","quantity_bonus":"20","bonus_details_id":"63","bonus_pack_size":"5","bonus_pack_size_id":"1","sales_po_id":"26","remarks":"","revision":1,"user_created":"19","date_created":1460007489}', '19', 'INSERT', 1460007489),
(713, 'sales_po', 27, 'ems_sales_po', '{"status_requested":"Requested","user_requested":"19","date_requested":1460007498}', '19', 'UPDATE', 1460007498),
(714, 'sales_po', 26, 'ems_sales_po', '{"status_requested":"Requested","user_requested":"19","date_requested":1460007505}', '19', 'UPDATE', 1460007505),
(715, 'sales_po_approve', 26, 'ems_sales_po', '{"status_approved":"Approved","remarks_approved":"","user_approved":"19","date_approved":1460007546}', '19', 'UPDATE', 1460007546),
(716, 'sales_po_approve', 27, 'ems_sales_po', '{"status_approved":"Approved","remarks_approved":"","user_approved":"19","date_approved":1460007563}', '19', 'UPDATE', 1460007563),
(717, 'sales_po', 28, 'ems_sales_po', '{"date_po":1459965600,"customer_id":"135","warehouse_id":"1","user_created":"19","date_created":1460008594}', '19', 'INSERT', 1460008594),
(718, 'sales_po', 72, 'ems_sales_po_details', '{"variety_id":"94","pack_size_id":"2","quantity":"100","pack_size":"10","variety_price":"120","variety_price_id":"37","quantity_bonus":"10","bonus_details_id":"141","bonus_pack_size":"10","bonus_pack_size_id":"2","sales_po_id":28,"remarks":"","revision":1,"user_created":"19","date_created":1460008594}', '19', 'INSERT', 1460008594),
(719, 'sales_po', 28, 'ems_sales_po', '{"status_requested":"Requested","user_requested":"19","date_requested":1460008610}', '19', 'UPDATE', 1460008610),
(720, 'sales_po_approve', 28, 'ems_sales_po', '{"status_approved":"Approved","remarks_approved":"","user_approved":"19","date_approved":1460008854}', '19', 'UPDATE', 1460008854),
(721, 'payment_payment', 215, 'ems_payment_payment', '{"date_payment":1459879200,"customer_id":"99","payment_way":"Online Payment","amount":"30000","cheque_no":"Boalmari.Br","bank_id":"4","bank_branch":"Boalmari.Br","arm_bank_id":"2","arm_bank_account_id":"","payment_type":"Other","user_created":"23","date_created":1460009794}', '23', 'INSERT', 1460009794),
(722, 'payment_payment', 216, 'ems_payment_payment', '{"date_payment":1459879200,"customer_id":"26","payment_way":"Online Payment","amount":"50000","cheque_no":"2436330","bank_id":"1","bank_branch":"Hatkhola Chawkbazar.Br","arm_bank_id":"1","arm_bank_account_id":"","payment_type":"Other","user_created":"23","date_created":1460009965}', '23', 'INSERT', 1460009965),
(723, 'payment_payment', 217, 'ems_payment_payment', '{"date_payment":1459879200,"customer_id":"29","payment_way":"Online Payment","amount":"202000","cheque_no":"9771443","bank_id":"1","bank_branch":"Charfasion.Br","arm_bank_id":"1","arm_bank_account_id":"","payment_type":"Other","user_created":"23","date_created":1460010168}', '23', 'INSERT', 1460010168),
(724, 'sales_po', 29, 'ems_sales_po', '{"date_po":1459965600,"customer_id":"85","warehouse_id":"1","user_created":"22","date_created":1460010782}', '22', 'INSERT', 1460010782),
(725, 'sales_po', 73, 'ems_sales_po_details', '{"variety_id":"44","pack_size_id":"1","quantity":"200","pack_size":"5","variety_price":"135","variety_price_id":"33","quantity_bonus":"0","bonus_details_id":"0","bonus_pack_size":"0","bonus_pack_size_id":"0","sales_po_id":29,"remarks":"","revision":1,"user_created":"22","date_created":1460010782}', '22', 'INSERT', 1460010782),
(726, 'sales_po', 74, 'ems_sales_po_details', '{"variety_id":"45","pack_size_id":"1","quantity":"100","pack_size":"5","variety_price":"150","variety_price_id":"35","quantity_bonus":"0","bonus_details_id":"0","bonus_pack_size":"0","bonus_pack_size_id":"0","sales_po_id":29,"remarks":"","revision":1,"user_created":"22","date_created":1460010782}', '22', 'INSERT', 1460010782),
(727, 'sales_po', 29, 'ems_sales_po', '{"status_requested":"Requested","user_requested":"22","date_requested":1460010807}', '22', 'UPDATE', 1460010807),
(728, 'sales_po_approve', 29, 'ems_sales_po', '{"status_approved":"Approved","remarks_approved":"","user_approved":"22","date_approved":1460010844}', '22', 'UPDATE', 1460010844),
(729, 'sales_po', 30, 'ems_sales_po', '{"date_po":1459879200,"customer_id":"13","warehouse_id":"1","user_created":"19","date_created":1460017358}', '19', 'INSERT', 1460017358),
(730, 'sales_po', 75, 'ems_sales_po_details', '{"variety_id":"67","pack_size_id":"4","quantity":"60","pack_size":"100","variety_price":"330","variety_price_id":"56","quantity_bonus":"0","bonus_details_id":"0","bonus_pack_size":"0","bonus_pack_size_id":"0","sales_po_id":30,"remarks":"","revision":1,"user_created":"19","date_created":1460017358}', '19', 'INSERT', 1460017358),
(731, 'sales_po', 76, 'ems_sales_po_details', '{"variety_id":"353","pack_size_id":"4","quantity":"20","pack_size":"100","variety_price":"370","variety_price_id":"114","quantity_bonus":"0","bonus_details_id":"0","bonus_pack_size":"0","bonus_pack_size_id":"0","sales_po_id":30,"remarks":"","revision":1,"user_created":"19","date_created":1460017358}', '19', 'INSERT', 1460017358),
(732, 'sales_po', 30, 'ems_sales_po', '{"status_requested":"Requested","user_requested":"19","date_requested":1460017411}', '19', 'UPDATE', 1460017411),
(733, 'sales_po_approve', 30, 'ems_sales_po', '{"status_approved":"Approved","remarks_approved":"","user_approved":"19","date_approved":1460017452}', '19', 'UPDATE', 1460017452),
(734, 'sys_module_task', 64, 'ems_system_task', '{"name":"Popular Variety","type":"TASK","parent":"60","controller":"Tm_popular_varieties","ordering":"4","status":"Active","user_created":"1","date_created":1460064777}', '1', 'INSERT', 1460064777),
(735, 'sys_module_task', 64, 'ems_system_task', '{"name":"Popular Variety","type":"TASK","parent":"60","controller":"Tm_popular_variety","ordering":"4","status":"Active","user_updated":"1","date_updated":1460064798}', '1', 'UPDATE', 1460064798),
(736, 'sys_user_role', 478, 'ems_system_user_group_role', '{"view":1,"add":1,"edit":1,"delete":1,"print":0,"download":0,"column_headers":0,"task_id":2,"user_group_id":"1","user_created":"1","date_created":1460064818}', '1', 'INSERT', 1460064818),
(737, 'sys_user_role', 479, 'ems_system_user_group_role', '{"view":1,"add":1,"edit":1,"delete":1,"print":0,"download":0,"column_headers":0,"task_id":3,"user_group_id":"1","user_created":"1","date_created":1460064818}', '1', 'INSERT', 1460064818),
(738, 'sys_user_role', 480, 'ems_system_user_group_role', '{"view":1,"add":1,"edit":1,"delete":1,"print":0,"download":0,"column_headers":0,"task_id":4,"user_group_id":"1","user_created":"1","date_created":1460064818}', '1', 'INSERT', 1460064818),
(739, 'sys_user_role', 481, 'ems_system_user_group_role', '{"view":1,"add":1,"edit":1,"delete":1,"print":0,"download":0,"column_headers":0,"task_id":6,"user_group_id":"1","user_created":"1","date_created":1460064818}', '1', 'INSERT', 1460064818),
(740, 'sys_user_role', 482, 'ems_system_user_group_role', '{"view":1,"add":1,"edit":1,"delete":1,"print":0,"download":0,"column_headers":0,"task_id":34,"user_group_id":"1","user_created":"1","date_created":1460064818}', '1', 'INSERT', 1460064818),
(741, 'sys_user_role', 483, 'ems_system_user_group_role', '{"view":1,"add":1,"edit":1,"delete":1,"print":0,"download":0,"column_headers":0,"task_id":8,"user_group_id":"1","user_created":"1","date_created":1460064818}', '1', 'INSERT', 1460064818),
(742, 'sys_user_role', 484, 'ems_system_user_group_role', '{"view":1,"add":1,"edit":1,"delete":1,"print":0,"download":0,"column_headers":0,"task_id":9,"user_group_id":"1","user_created":"1","date_created":1460064818}', '1', 'INSERT', 1460064818),
(743, 'sys_user_role', 485, 'ems_system_user_group_role', '{"view":1,"add":1,"edit":1,"delete":1,"print":0,"download":0,"column_headers":0,"task_id":10,"user_group_id":"1","user_created":"1","date_created":1460064818}', '1', 'INSERT', 1460064818),
(744, 'sys_user_role', 486, 'ems_system_user_group_role', '{"view":1,"add":1,"edit":1,"delete":1,"print":0,"download":0,"column_headers":0,"task_id":11,"user_group_id":"1","user_created":"1","date_created":1460064818}', '1', 'INSERT', 1460064818),
(745, 'sys_user_role', 487, 'ems_system_user_group_role', '{"view":1,"add":1,"edit":1,"delete":1,"print":0,"download":0,"column_headers":0,"task_id":12,"user_group_id":"1","user_created":"1","date_created":1460064818}', '1', 'INSERT', 1460064818),
(746, 'sys_user_role', 488, 'ems_system_user_group_role', '{"view":1,"add":1,"edit":1,"delete":1,"print":0,"download":0,"column_headers":0,"task_id":13,"user_group_id":"1","user_created":"1","date_created":1460064818}', '1', 'INSERT', 1460064818),
(747, 'sys_user_role', 489, 'ems_system_user_group_role', '{"view":1,"add":1,"edit":1,"delete":1,"print":0,"download":0,"column_headers":0,"task_id":16,"user_group_id":"1","user_created":"1","date_created":1460064818}', '1', 'INSERT', 1460064818),
(748, 'sys_user_role', 490, 'ems_system_user_group_role', '{"view":1,"add":1,"edit":1,"delete":1,"print":0,"download":0,"column_headers":0,"task_id":17,"user_group_id":"1","user_created":"1","date_created":1460064818}', '1', 'INSERT', 1460064818),
(749, 'sys_user_role', 491, 'ems_system_user_group_role', '{"view":1,"add":1,"edit":1,"delete":1,"print":0,"download":0,"column_headers":0,"task_id":18,"user_group_id":"1","user_created":"1","date_created":1460064818}', '1', 'INSERT', 1460064818),
(750, 'sys_user_role', 492, 'ems_system_user_group_role', '{"view":1,"add":1,"edit":1,"delete":1,"print":0,"download":0,"column_headers":0,"task_id":26,"user_group_id":"1","user_created":"1","date_created":1460064818}', '1', 'INSERT', 1460064818),
(751, 'sys_user_role', 493, 'ems_system_user_group_role', '{"view":1,"add":1,"edit":1,"delete":1,"print":0,"download":0,"column_headers":0,"task_id":27,"user_group_id":"1","user_created":"1","date_created":1460064818}', '1', 'INSERT', 1460064818),
(752, 'sys_user_role', 494, 'ems_system_user_group_role', '{"view":1,"add":1,"edit":1,"delete":1,"print":0,"download":0,"column_headers":0,"task_id":41,"user_group_id":"1","user_created":"1","date_created":1460064818}', '1', 'INSERT', 1460064818),
(753, 'sys_user_role', 495, 'ems_system_user_group_role', '{"view":1,"add":1,"edit":1,"delete":1,"print":1,"download":1,"column_headers":1,"task_id":51,"user_group_id":"1","user_created":"1","date_created":1460064818}', '1', 'INSERT', 1460064818),
(754, 'sys_user_role', 496, 'ems_system_user_group_role', '{"view":1,"add":1,"edit":1,"delete":1,"print":0,"download":0,"column_headers":0,"task_id":19,"user_group_id":"1","user_created":"1","date_created":1460064818}', '1', 'INSERT', 1460064818),
(755, 'sys_user_role', 497, 'ems_system_user_group_role', '{"view":1,"add":1,"edit":1,"delete":1,"print":0,"download":0,"column_headers":0,"task_id":21,"user_group_id":"1","user_created":"1","date_created":1460064818}', '1', 'INSERT', 1460064818),
(756, 'sys_user_role', 498, 'ems_system_user_group_role', '{"view":1,"add":1,"edit":1,"delete":1,"print":0,"download":0,"column_headers":0,"task_id":22,"user_group_id":"1","user_created":"1","date_created":1460064818}', '1', 'INSERT', 1460064818),
(757, 'sys_user_role', 499, 'ems_system_user_group_role', '{"view":1,"add":1,"edit":1,"delete":1,"print":0,"download":0,"column_headers":0,"task_id":20,"user_group_id":"1","user_created":"1","date_created":1460064818}', '1', 'INSERT', 1460064818),
(758, 'sys_user_role', 500, 'ems_system_user_group_role', '{"view":1,"add":1,"edit":1,"delete":1,"print":0,"download":0,"column_headers":0,"task_id":28,"user_group_id":"1","user_created":"1","date_created":1460064818}', '1', 'INSERT', 1460064818),
(759, 'sys_user_role', 501, 'ems_system_user_group_role', '{"view":1,"add":1,"edit":1,"delete":1,"print":0,"download":0,"column_headers":0,"task_id":33,"user_group_id":"1","user_created":"1","date_created":1460064818}', '1', 'INSERT', 1460064818),
(760, 'sys_user_role', 502, 'ems_system_user_group_role', '{"view":1,"add":1,"edit":1,"delete":1,"print":1,"download":1,"column_headers":1,"task_id":47,"user_group_id":"1","user_created":"1","date_created":1460064818}', '1', 'INSERT', 1460064818),
(761, 'sys_user_role', 503, 'ems_system_user_group_role', '{"view":1,"add":1,"edit":1,"delete":1,"print":1,"download":1,"column_headers":1,"task_id":50,"user_group_id":"1","user_created":"1","date_created":1460064818}', '1', 'INSERT', 1460064818),
(762, 'sys_user_role', 504, 'ems_system_user_group_role', '{"view":1,"add":1,"edit":1,"delete":1,"print":0,"download":0,"column_headers":0,"task_id":24,"user_group_id":"1","user_created":"1","date_created":1460064818}', '1', 'INSERT', 1460064818),
(763, 'sys_user_role', 505, 'ems_system_user_group_role', '{"view":1,"add":1,"edit":1,"delete":1,"print":0,"download":0,"column_headers":0,"task_id":25,"user_group_id":"1","user_created":"1","date_created":1460064818}', '1', 'INSERT', 1460064818),
(764, 'sys_user_role', 506, 'ems_system_user_group_role', '{"view":1,"add":1,"edit":1,"delete":1,"print":0,"download":0,"column_headers":0,"task_id":30,"user_group_id":"1","user_created":"1","date_created":1460064818}', '1', 'INSERT', 1460064818),
(765, 'sys_user_role', 507, 'ems_system_user_group_role', '{"view":1,"add":1,"edit":1,"delete":1,"print":0,"download":0,"column_headers":0,"task_id":32,"user_group_id":"1","user_created":"1","date_created":1460064818}', '1', 'INSERT', 1460064818),
(766, 'sys_user_role', 508, 'ems_system_user_group_role', '{"view":1,"add":1,"edit":1,"delete":1,"print":1,"download":1,"column_headers":1,"task_id":43,"user_group_id":"1","user_created":"1","date_created":1460064818}', '1', 'INSERT', 1460064818),
(767, 'sys_user_role', 509, 'ems_system_user_group_role', '{"view":1,"add":1,"edit":1,"delete":1,"print":0,"download":0,"column_headers":0,"task_id":36,"user_group_id":"1","user_created":"1","date_created":1460064818}', '1', 'INSERT', 1460064818),
(768, 'sys_user_role', 510, 'ems_system_user_group_role', '{"view":1,"add":1,"edit":1,"delete":1,"print":1,"download":1,"column_headers":1,"task_id":38,"user_group_id":"1","user_created":"1","date_created":1460064818}', '1', 'INSERT', 1460064818),
(769, 'sys_user_role', 511, 'ems_system_user_group_role', '{"view":1,"add":1,"edit":1,"delete":1,"print":1,"download":1,"column_headers":1,"task_id":39,"user_group_id":"1","user_created":"1","date_created":1460064818}', '1', 'INSERT', 1460064818),
(770, 'sys_user_role', 512, 'ems_system_user_group_role', '{"view":1,"add":1,"edit":1,"delete":1,"print":1,"download":1,"column_headers":1,"task_id":40,"user_group_id":"1","user_created":"1","date_created":1460064818}', '1', 'INSERT', 1460064818),
(771, 'sys_user_role', 513, 'ems_system_user_group_role', '{"view":1,"add":1,"edit":1,"delete":1,"print":1,"download":1,"column_headers":1,"task_id":44,"user_group_id":"1","user_created":"1","date_created":1460064818}', '1', 'INSERT', 1460064818),
(772, 'sys_user_role', 514, 'ems_system_user_group_role', '{"view":1,"add":1,"edit":1,"delete":1,"print":0,"download":0,"column_headers":0,"task_id":31,"user_group_id":"1","user_created":"1","date_created":1460064818}', '1', 'INSERT', 1460064818),
(773, 'sys_user_role', 515, 'ems_system_user_group_role', '{"view":1,"add":1,"edit":1,"delete":1,"print":1,"download":1,"column_headers":1,"task_id":49,"user_group_id":"1","user_created":"1","date_created":1460064818}', '1', 'INSERT', 1460064818),
(774, 'sys_user_role', 516, 'ems_system_user_group_role', '{"view":1,"add":1,"edit":1,"delete":1,"print":1,"download":1,"column_headers":1,"task_id":45,"user_group_id":"1","user_created":"1","date_created":1460064818}', '1', 'INSERT', 1460064818),
(775, 'sys_user_role', 517, 'ems_system_user_group_role', '{"view":1,"add":1,"edit":1,"delete":1,"print":1,"download":1,"column_headers":1,"task_id":48,"user_group_id":"1","user_created":"1","date_created":1460064818}', '1', 'INSERT', 1460064818),
(776, 'sys_user_role', 518, 'ems_system_user_group_role', '{"view":1,"add":1,"edit":1,"delete":1,"print":1,"download":1,"column_headers":1,"task_id":52,"user_group_id":"1","user_created":"1","date_created":1460064818}', '1', 'INSERT', 1460064818),
(777, 'sys_user_role', 519, 'ems_system_user_group_role', '{"view":1,"add":1,"edit":1,"delete":1,"print":1,"download":1,"column_headers":1,"task_id":58,"user_group_id":"1","user_created":"1","date_created":1460064818}', '1', 'INSERT', 1460064818);
INSERT INTO `ems_history` (`id`, `controller`, `table_id`, `table_name`, `data`, `user_id`, `action`, `date`) VALUES
(778, 'sys_user_role', 520, 'ems_system_user_group_role', '{"view":1,"add":1,"edit":1,"delete":1,"print":1,"download":1,"column_headers":1,"task_id":59,"user_group_id":"1","user_created":"1","date_created":1460064818}', '1', 'INSERT', 1460064818),
(779, 'sys_user_role', 521, 'ems_system_user_group_role', '{"view":1,"add":1,"edit":1,"delete":1,"print":1,"download":1,"column_headers":1,"task_id":54,"user_group_id":"1","user_created":"1","date_created":1460064818}', '1', 'INSERT', 1460064818),
(780, 'sys_user_role', 522, 'ems_system_user_group_role', '{"view":1,"add":1,"edit":1,"delete":1,"print":1,"download":1,"column_headers":1,"task_id":55,"user_group_id":"1","user_created":"1","date_created":1460064818}', '1', 'INSERT', 1460064818),
(781, 'sys_user_role', 523, 'ems_system_user_group_role', '{"view":1,"add":1,"edit":1,"delete":1,"print":1,"download":1,"column_headers":1,"task_id":56,"user_group_id":"1","user_created":"1","date_created":1460064818}', '1', 'INSERT', 1460064818),
(782, 'sys_user_role', 524, 'ems_system_user_group_role', '{"view":1,"add":1,"edit":1,"delete":1,"print":1,"download":1,"column_headers":1,"task_id":57,"user_group_id":"1","user_created":"1","date_created":1460064818}', '1', 'INSERT', 1460064818),
(783, 'sys_user_role', 525, 'ems_system_user_group_role', '{"view":1,"add":1,"edit":1,"delete":1,"print":1,"download":1,"column_headers":1,"task_id":61,"user_group_id":"1","user_created":"1","date_created":1460064818}', '1', 'INSERT', 1460064818),
(784, 'sys_user_role', 526, 'ems_system_user_group_role', '{"view":1,"add":1,"edit":1,"delete":1,"print":1,"download":1,"column_headers":1,"task_id":62,"user_group_id":"1","user_created":"1","date_created":1460064818}', '1', 'INSERT', 1460064818),
(785, 'sys_user_role', 527, 'ems_system_user_group_role', '{"view":1,"add":1,"edit":1,"delete":1,"print":1,"download":1,"column_headers":1,"task_id":63,"user_group_id":"1","user_created":"1","date_created":1460064818}', '1', 'INSERT', 1460064818),
(786, 'sys_user_role', 528, 'ems_system_user_group_role', '{"view":1,"add":1,"edit":1,"delete":1,"print":1,"download":1,"column_headers":1,"task_id":64,"user_group_id":"1","user_created":"1","date_created":1460064818}', '1', 'INSERT', 1460064818),
(787, 'sys_user_role', 529, 'ems_system_user_group_role', '{"view":1,"add":1,"edit":1,"delete":1,"print":1,"download":1,"column_headers":1,"task_id":3,"user_group_id":"2","user_created":"1","date_created":1460064834}', '1', 'INSERT', 1460064834),
(788, 'sys_user_role', 530, 'ems_system_user_group_role', '{"view":1,"add":1,"edit":1,"delete":1,"print":1,"download":1,"column_headers":1,"task_id":4,"user_group_id":"2","user_created":"1","date_created":1460064834}', '1', 'INSERT', 1460064834),
(789, 'sys_user_role', 531, 'ems_system_user_group_role', '{"view":1,"add":1,"edit":1,"delete":1,"print":1,"download":1,"column_headers":1,"task_id":6,"user_group_id":"2","user_created":"1","date_created":1460064834}', '1', 'INSERT', 1460064834),
(790, 'sys_user_role', 532, 'ems_system_user_group_role', '{"view":1,"add":1,"edit":1,"delete":1,"print":1,"download":1,"column_headers":1,"task_id":34,"user_group_id":"2","user_created":"1","date_created":1460064834}', '1', 'INSERT', 1460064834),
(791, 'sys_user_role', 533, 'ems_system_user_group_role', '{"view":1,"add":1,"edit":1,"delete":1,"print":1,"download":1,"column_headers":1,"task_id":8,"user_group_id":"2","user_created":"1","date_created":1460064834}', '1', 'INSERT', 1460064834),
(792, 'sys_user_role', 534, 'ems_system_user_group_role', '{"view":1,"add":1,"edit":1,"delete":1,"print":1,"download":1,"column_headers":1,"task_id":9,"user_group_id":"2","user_created":"1","date_created":1460064834}', '1', 'INSERT', 1460064834),
(793, 'sys_user_role', 535, 'ems_system_user_group_role', '{"view":1,"add":1,"edit":1,"delete":1,"print":1,"download":1,"column_headers":1,"task_id":10,"user_group_id":"2","user_created":"1","date_created":1460064834}', '1', 'INSERT', 1460064834),
(794, 'sys_user_role', 536, 'ems_system_user_group_role', '{"view":1,"add":1,"edit":1,"delete":1,"print":1,"download":1,"column_headers":1,"task_id":11,"user_group_id":"2","user_created":"1","date_created":1460064834}', '1', 'INSERT', 1460064834),
(795, 'sys_user_role', 537, 'ems_system_user_group_role', '{"view":1,"add":1,"edit":1,"delete":1,"print":1,"download":1,"column_headers":1,"task_id":12,"user_group_id":"2","user_created":"1","date_created":1460064834}', '1', 'INSERT', 1460064834),
(796, 'sys_user_role', 538, 'ems_system_user_group_role', '{"view":1,"add":1,"edit":1,"delete":1,"print":1,"download":1,"column_headers":1,"task_id":13,"user_group_id":"2","user_created":"1","date_created":1460064834}', '1', 'INSERT', 1460064834),
(797, 'sys_user_role', 539, 'ems_system_user_group_role', '{"view":1,"add":1,"edit":1,"delete":1,"print":1,"download":1,"column_headers":1,"task_id":16,"user_group_id":"2","user_created":"1","date_created":1460064834}', '1', 'INSERT', 1460064834),
(798, 'sys_user_role', 540, 'ems_system_user_group_role', '{"view":1,"add":1,"edit":1,"delete":1,"print":1,"download":1,"column_headers":1,"task_id":17,"user_group_id":"2","user_created":"1","date_created":1460064834}', '1', 'INSERT', 1460064834),
(799, 'sys_user_role', 541, 'ems_system_user_group_role', '{"view":1,"add":1,"edit":1,"delete":1,"print":1,"download":1,"column_headers":1,"task_id":18,"user_group_id":"2","user_created":"1","date_created":1460064834}', '1', 'INSERT', 1460064834),
(800, 'sys_user_role', 542, 'ems_system_user_group_role', '{"view":1,"add":1,"edit":1,"delete":1,"print":1,"download":1,"column_headers":1,"task_id":26,"user_group_id":"2","user_created":"1","date_created":1460064834}', '1', 'INSERT', 1460064834),
(801, 'sys_user_role', 543, 'ems_system_user_group_role', '{"view":1,"add":1,"edit":1,"delete":1,"print":1,"download":1,"column_headers":1,"task_id":27,"user_group_id":"2","user_created":"1","date_created":1460064834}', '1', 'INSERT', 1460064834),
(802, 'sys_user_role', 544, 'ems_system_user_group_role', '{"view":1,"add":1,"edit":1,"delete":1,"print":1,"download":1,"column_headers":1,"task_id":41,"user_group_id":"2","user_created":"1","date_created":1460064834}', '1', 'INSERT', 1460064834),
(803, 'sys_user_role', 545, 'ems_system_user_group_role', '{"view":1,"add":1,"edit":1,"delete":1,"print":1,"download":1,"column_headers":1,"task_id":51,"user_group_id":"2","user_created":"1","date_created":1460064834}', '1', 'INSERT', 1460064834),
(804, 'sys_user_role', 546, 'ems_system_user_group_role', '{"view":1,"add":1,"edit":1,"delete":1,"print":1,"download":1,"column_headers":1,"task_id":19,"user_group_id":"2","user_created":"1","date_created":1460064834}', '1', 'INSERT', 1460064834),
(805, 'sys_user_role', 547, 'ems_system_user_group_role', '{"view":1,"add":1,"edit":1,"delete":1,"print":1,"download":1,"column_headers":1,"task_id":21,"user_group_id":"2","user_created":"1","date_created":1460064834}', '1', 'INSERT', 1460064834),
(806, 'sys_user_role', 548, 'ems_system_user_group_role', '{"view":1,"add":1,"edit":1,"delete":1,"print":1,"download":1,"column_headers":1,"task_id":22,"user_group_id":"2","user_created":"1","date_created":1460064834}', '1', 'INSERT', 1460064834),
(807, 'sys_user_role', 549, 'ems_system_user_group_role', '{"view":1,"add":1,"edit":1,"delete":1,"print":1,"download":1,"column_headers":1,"task_id":20,"user_group_id":"2","user_created":"1","date_created":1460064834}', '1', 'INSERT', 1460064834),
(808, 'sys_user_role', 550, 'ems_system_user_group_role', '{"view":1,"add":1,"edit":1,"delete":1,"print":1,"download":1,"column_headers":1,"task_id":28,"user_group_id":"2","user_created":"1","date_created":1460064834}', '1', 'INSERT', 1460064834),
(809, 'sys_user_role', 551, 'ems_system_user_group_role', '{"view":1,"add":1,"edit":1,"delete":1,"print":1,"download":1,"column_headers":1,"task_id":33,"user_group_id":"2","user_created":"1","date_created":1460064834}', '1', 'INSERT', 1460064834),
(810, 'sys_user_role', 552, 'ems_system_user_group_role', '{"view":1,"add":1,"edit":1,"delete":1,"print":1,"download":1,"column_headers":1,"task_id":47,"user_group_id":"2","user_created":"1","date_created":1460064834}', '1', 'INSERT', 1460064834),
(811, 'sys_user_role', 553, 'ems_system_user_group_role', '{"view":1,"add":1,"edit":1,"delete":1,"print":1,"download":1,"column_headers":1,"task_id":50,"user_group_id":"2","user_created":"1","date_created":1460064834}', '1', 'INSERT', 1460064834),
(812, 'sys_user_role', 554, 'ems_system_user_group_role', '{"view":1,"add":1,"edit":1,"delete":1,"print":1,"download":1,"column_headers":1,"task_id":24,"user_group_id":"2","user_created":"1","date_created":1460064834}', '1', 'INSERT', 1460064834),
(813, 'sys_user_role', 555, 'ems_system_user_group_role', '{"view":1,"add":1,"edit":1,"delete":1,"print":1,"download":1,"column_headers":1,"task_id":25,"user_group_id":"2","user_created":"1","date_created":1460064834}', '1', 'INSERT', 1460064834),
(814, 'sys_user_role', 556, 'ems_system_user_group_role', '{"view":1,"add":1,"edit":1,"delete":1,"print":1,"download":1,"column_headers":1,"task_id":30,"user_group_id":"2","user_created":"1","date_created":1460064834}', '1', 'INSERT', 1460064834),
(815, 'sys_user_role', 557, 'ems_system_user_group_role', '{"view":1,"add":1,"edit":1,"delete":1,"print":1,"download":1,"column_headers":1,"task_id":32,"user_group_id":"2","user_created":"1","date_created":1460064834}', '1', 'INSERT', 1460064834),
(816, 'sys_user_role', 558, 'ems_system_user_group_role', '{"view":1,"add":1,"edit":1,"delete":1,"print":1,"download":1,"column_headers":1,"task_id":43,"user_group_id":"2","user_created":"1","date_created":1460064834}', '1', 'INSERT', 1460064834),
(817, 'sys_user_role', 559, 'ems_system_user_group_role', '{"view":1,"add":1,"edit":1,"delete":1,"print":1,"download":1,"column_headers":1,"task_id":36,"user_group_id":"2","user_created":"1","date_created":1460064834}', '1', 'INSERT', 1460064834),
(818, 'sys_user_role', 560, 'ems_system_user_group_role', '{"view":1,"add":1,"edit":1,"delete":1,"print":1,"download":1,"column_headers":1,"task_id":38,"user_group_id":"2","user_created":"1","date_created":1460064834}', '1', 'INSERT', 1460064834),
(819, 'sys_user_role', 561, 'ems_system_user_group_role', '{"view":1,"add":1,"edit":1,"delete":1,"print":1,"download":1,"column_headers":1,"task_id":39,"user_group_id":"2","user_created":"1","date_created":1460064834}', '1', 'INSERT', 1460064834),
(820, 'sys_user_role', 562, 'ems_system_user_group_role', '{"view":1,"add":1,"edit":1,"delete":1,"print":1,"download":1,"column_headers":1,"task_id":40,"user_group_id":"2","user_created":"1","date_created":1460064834}', '1', 'INSERT', 1460064834),
(821, 'sys_user_role', 563, 'ems_system_user_group_role', '{"view":1,"add":1,"edit":1,"delete":1,"print":1,"download":1,"column_headers":1,"task_id":44,"user_group_id":"2","user_created":"1","date_created":1460064834}', '1', 'INSERT', 1460064834),
(822, 'sys_user_role', 564, 'ems_system_user_group_role', '{"view":1,"add":1,"edit":1,"delete":1,"print":1,"download":1,"column_headers":1,"task_id":31,"user_group_id":"2","user_created":"1","date_created":1460064834}', '1', 'INSERT', 1460064834),
(823, 'sys_user_role', 565, 'ems_system_user_group_role', '{"view":1,"add":1,"edit":1,"delete":1,"print":1,"download":1,"column_headers":1,"task_id":49,"user_group_id":"2","user_created":"1","date_created":1460064834}', '1', 'INSERT', 1460064834),
(824, 'sys_user_role', 566, 'ems_system_user_group_role', '{"view":1,"add":1,"edit":1,"delete":1,"print":1,"download":1,"column_headers":1,"task_id":45,"user_group_id":"2","user_created":"1","date_created":1460064834}', '1', 'INSERT', 1460064834),
(825, 'sys_user_role', 567, 'ems_system_user_group_role', '{"view":1,"add":1,"edit":1,"delete":1,"print":1,"download":1,"column_headers":1,"task_id":48,"user_group_id":"2","user_created":"1","date_created":1460064834}', '1', 'INSERT', 1460064834),
(826, 'sys_user_role', 568, 'ems_system_user_group_role', '{"view":1,"add":1,"edit":1,"delete":1,"print":1,"download":1,"column_headers":1,"task_id":52,"user_group_id":"2","user_created":"1","date_created":1460064834}', '1', 'INSERT', 1460064834),
(827, 'sys_user_role', 569, 'ems_system_user_group_role', '{"view":1,"add":1,"edit":1,"delete":1,"print":1,"download":1,"column_headers":1,"task_id":58,"user_group_id":"2","user_created":"1","date_created":1460064834}', '1', 'INSERT', 1460064834),
(828, 'sys_user_role', 570, 'ems_system_user_group_role', '{"view":1,"add":1,"edit":1,"delete":1,"print":1,"download":1,"column_headers":1,"task_id":59,"user_group_id":"2","user_created":"1","date_created":1460064834}', '1', 'INSERT', 1460064834),
(829, 'sys_user_role', 571, 'ems_system_user_group_role', '{"view":1,"add":1,"edit":1,"delete":1,"print":1,"download":1,"column_headers":1,"task_id":54,"user_group_id":"2","user_created":"1","date_created":1460064834}', '1', 'INSERT', 1460064834),
(830, 'sys_user_role', 572, 'ems_system_user_group_role', '{"view":1,"add":1,"edit":1,"delete":1,"print":1,"download":1,"column_headers":1,"task_id":55,"user_group_id":"2","user_created":"1","date_created":1460064834}', '1', 'INSERT', 1460064834),
(831, 'sys_user_role', 573, 'ems_system_user_group_role', '{"view":1,"add":1,"edit":1,"delete":1,"print":1,"download":1,"column_headers":1,"task_id":56,"user_group_id":"2","user_created":"1","date_created":1460064834}', '1', 'INSERT', 1460064834),
(832, 'sys_user_role', 574, 'ems_system_user_group_role', '{"view":1,"add":1,"edit":1,"delete":1,"print":1,"download":1,"column_headers":1,"task_id":57,"user_group_id":"2","user_created":"1","date_created":1460064834}', '1', 'INSERT', 1460064834),
(833, 'sys_user_role', 575, 'ems_system_user_group_role', '{"view":1,"add":1,"edit":1,"delete":1,"print":1,"download":1,"column_headers":1,"task_id":61,"user_group_id":"2","user_created":"1","date_created":1460064834}', '1', 'INSERT', 1460064834),
(834, 'sys_user_role', 576, 'ems_system_user_group_role', '{"view":1,"add":1,"edit":1,"delete":1,"print":1,"download":1,"column_headers":1,"task_id":62,"user_group_id":"2","user_created":"1","date_created":1460064834}', '1', 'INSERT', 1460064834),
(835, 'sys_user_role', 577, 'ems_system_user_group_role', '{"view":1,"add":1,"edit":1,"delete":1,"print":1,"download":1,"column_headers":1,"task_id":63,"user_group_id":"2","user_created":"1","date_created":1460064834}', '1', 'INSERT', 1460064834),
(836, 'sys_user_role', 578, 'ems_system_user_group_role', '{"view":1,"add":1,"edit":1,"delete":1,"print":1,"download":1,"column_headers":1,"task_id":64,"user_group_id":"2","user_created":"1","date_created":1460064834}', '1', 'INSERT', 1460064834);

-- --------------------------------------------------------

--
-- Table structure for table `ems_history_hack`
--

CREATE TABLE IF NOT EXISTS `ems_history_hack` (
  `id` int(11) NOT NULL,
  `user_id` int(11) NOT NULL,
  `controller` varchar(255) DEFAULT NULL,
  `action` varchar(255) DEFAULT 'Active',
  `action_id` int(11) DEFAULT '99',
  `other_info` text,
  `date_created` int(11) DEFAULT '0',
  `date_created_string` varchar(255) DEFAULT '0'
) ENGINE=InnoDB DEFAULT CHARSET=utf8;

-- --------------------------------------------------------

--
-- Table structure for table `ems_payment_payment`
--

CREATE TABLE IF NOT EXISTS `ems_payment_payment` (
  `id` int(11) NOT NULL,
  `customer_id` int(11) NOT NULL,
  `payment_type` varchar(255) NOT NULL,
  `payment_way` varchar(255) DEFAULT NULL,
  `amount` double NOT NULL,
  `cheque_no` varchar(255) DEFAULT NULL,
  `bank_id` int(11) DEFAULT NULL,
  `bank_branch` varchar(255) DEFAULT NULL,
  `arm_bank_id` int(11) DEFAULT NULL,
  `arm_bank_account_id` int(11) DEFAULT NULL,
  `date_payment` int(11) NOT NULL,
  `status` varchar(11) DEFAULT 'Active',
  `date_created` int(11) NOT NULL DEFAULT '0',
  `user_created` int(11) NOT NULL DEFAULT '0',
  `date_updated` int(11) DEFAULT NULL,
  `user_updated` int(11) DEFAULT NULL
) ENGINE=InnoDB AUTO_INCREMENT=218 DEFAULT CHARSET=utf8;

--
-- Dumping data for table `ems_payment_payment`
--

INSERT INTO `ems_payment_payment` (`id`, `customer_id`, `payment_type`, `payment_way`, `amount`, `cheque_no`, `bank_id`, `bank_branch`, `arm_bank_id`, `arm_bank_account_id`, `date_payment`, `status`, `date_created`, `user_created`, `date_updated`, `user_updated`) VALUES
(1, 1, 'Initial', NULL, -2889497, NULL, NULL, NULL, NULL, NULL, 1459526986, 'Active', 1459526986, 1, NULL, NULL),
(2, 2, 'Initial', NULL, -574587, NULL, NULL, NULL, NULL, NULL, 1459526986, 'Active', 1459526986, 1, NULL, NULL),
(3, 3, 'Initial', NULL, -266851, NULL, NULL, NULL, NULL, NULL, 1459526986, 'Active', 1459526986, 1, NULL, NULL),
(4, 4, 'Initial', NULL, -1873008, NULL, NULL, NULL, NULL, NULL, 1459526986, 'Active', 1459526986, 1, NULL, NULL),
(5, 5, 'Initial', NULL, -146050, NULL, NULL, NULL, NULL, NULL, 1459526986, 'Active', 1459526986, 1, NULL, NULL),
(6, 6, 'Initial', NULL, -553200, NULL, NULL, NULL, NULL, NULL, 1459526986, 'Active', 1459526986, 1, NULL, NULL),
(7, 7, 'Initial', NULL, -799702, NULL, NULL, NULL, NULL, NULL, 1459526986, 'Active', 1459526986, 1, NULL, NULL),
(8, 8, 'Initial', NULL, -1538134, NULL, NULL, NULL, NULL, NULL, 1459526986, 'Active', 1459526986, 1, NULL, NULL),
(9, 9, 'Initial', NULL, -5072388.6, NULL, NULL, NULL, NULL, NULL, 1459526986, 'Active', 1459526986, 1, NULL, NULL),
(10, 10, 'Initial', NULL, -579117, NULL, NULL, NULL, NULL, NULL, 1459526986, 'Active', 1459526986, 1, 1459738418, 2),
(11, 11, 'Initial', NULL, -828387, NULL, NULL, NULL, NULL, NULL, 1459526986, 'Active', 1459526986, 1, 1459737998, 2),
(12, 12, 'Initial', NULL, -73425, NULL, NULL, NULL, NULL, NULL, 1459526986, 'Active', 1459526986, 1, NULL, NULL),
(13, 13, 'Initial', NULL, -536938, NULL, NULL, NULL, NULL, NULL, 1459526986, 'Active', 1459526986, 1, NULL, NULL),
(14, 14, 'Initial', NULL, -1423876, NULL, NULL, NULL, NULL, NULL, 1459526986, 'Active', 1459526986, 1, NULL, NULL),
(15, 15, 'Initial', NULL, -624664, NULL, NULL, NULL, NULL, NULL, 1459526986, 'Active', 1459526986, 1, NULL, NULL),
(16, 16, 'Initial', NULL, -224490, NULL, NULL, NULL, NULL, NULL, 1459526986, 'Active', 1459526986, 1, NULL, NULL),
(17, 17, 'Initial', NULL, -530019, NULL, NULL, NULL, NULL, NULL, 1459526986, 'Active', 1459526986, 1, NULL, NULL),
(18, 18, 'Initial', NULL, -246885, NULL, NULL, NULL, NULL, NULL, 1459526986, 'Active', 1459526986, 1, NULL, NULL),
(19, 19, 'Initial', NULL, -120182, NULL, NULL, NULL, NULL, NULL, 1459526986, 'Active', 1459526986, 1, NULL, NULL),
(20, 20, 'Initial', NULL, -1198441, NULL, NULL, NULL, NULL, NULL, 1459526986, 'Active', 1459526986, 1, NULL, NULL),
(21, 21, 'Initial', NULL, -1277752, NULL, NULL, NULL, NULL, NULL, 1459526986, 'Active', 1459526986, 1, NULL, NULL),
(22, 22, 'Initial', NULL, -4991720, NULL, NULL, NULL, NULL, NULL, 1459526986, 'Active', 1459526986, 1, NULL, NULL),
(23, 23, 'Initial', NULL, -7710286, NULL, NULL, NULL, NULL, NULL, 1459526986, 'Active', 1459526986, 1, NULL, NULL),
(24, 24, 'Initial', NULL, -466023, NULL, NULL, NULL, NULL, NULL, 1459526986, 'Active', 1459526986, 1, NULL, NULL),
(25, 25, 'Initial', NULL, -4074560, NULL, NULL, NULL, NULL, NULL, 1459526986, 'Active', 1459526986, 1, NULL, NULL),
(26, 26, 'Initial', NULL, -298113, NULL, NULL, NULL, NULL, NULL, 1459526986, 'Active', 1459526986, 1, NULL, NULL),
(27, 27, 'Initial', NULL, -436655, NULL, NULL, NULL, NULL, NULL, 1459526986, 'Active', 1459526986, 1, NULL, NULL),
(28, 28, 'Initial', NULL, -241960, NULL, NULL, NULL, NULL, NULL, 1459526986, 'Active', 1459526986, 1, NULL, NULL),
(29, 29, 'Initial', NULL, -794782, NULL, NULL, NULL, NULL, NULL, 1459526986, 'Active', 1459526986, 1, NULL, NULL),
(30, 30, 'Initial', NULL, -92216, NULL, NULL, NULL, NULL, NULL, 1459526986, 'Active', 1459526986, 1, NULL, NULL),
(31, 31, 'Initial', NULL, -2633917.8, NULL, NULL, NULL, NULL, NULL, 1459526986, 'Active', 1459526986, 1, NULL, NULL),
(32, 32, 'Initial', NULL, -121573, NULL, NULL, NULL, NULL, NULL, 1459526986, 'Active', 1459526986, 1, NULL, NULL),
(33, 33, 'Initial', NULL, -484349, NULL, NULL, NULL, NULL, NULL, 1459526986, 'Active', 1459526986, 1, NULL, NULL),
(34, 34, 'Initial', NULL, -1463600, NULL, NULL, NULL, NULL, NULL, 1459526986, 'Active', 1459526986, 1, NULL, NULL),
(35, 35, 'Initial', NULL, -3263134, NULL, NULL, NULL, NULL, NULL, 1459526986, 'Active', 1459526986, 1, NULL, NULL),
(36, 36, 'Initial', NULL, -2236169, NULL, NULL, NULL, NULL, NULL, 1459526986, 'Active', 1459526986, 1, NULL, NULL),
(37, 37, 'Initial', NULL, -587789, NULL, NULL, NULL, NULL, NULL, 1459526986, 'Active', 1459526986, 1, NULL, NULL),
(38, 38, 'Initial', NULL, -1293561, NULL, NULL, NULL, NULL, NULL, 1459526986, 'Active', 1459526986, 1, NULL, NULL),
(39, 39, 'Initial', NULL, -393363, NULL, NULL, NULL, NULL, NULL, 1459526986, 'Active', 1459526986, 1, NULL, NULL),
(40, 40, 'Initial', NULL, -1014627, NULL, NULL, NULL, NULL, NULL, 1459526986, 'Active', 1459526986, 1, 1459735909, 2),
(41, 41, 'Initial', NULL, -488641, NULL, NULL, NULL, NULL, NULL, 1459526986, 'Active', 1459526986, 1, NULL, NULL),
(42, 42, 'Initial', NULL, -755145, NULL, NULL, NULL, NULL, NULL, 1459526986, 'Active', 1459526986, 1, NULL, NULL),
(43, 43, 'Initial', NULL, -1739169, NULL, NULL, NULL, NULL, NULL, 1459526986, 'Active', 1459526986, 1, NULL, NULL),
(44, 44, 'Initial', NULL, -553681, NULL, NULL, NULL, NULL, NULL, 1459526986, 'Active', 1459526986, 1, NULL, NULL),
(45, 45, 'Initial', NULL, -7306668.4, NULL, NULL, NULL, NULL, NULL, 1459526986, 'Active', 1459526986, 1, NULL, NULL),
(46, 46, 'Initial', NULL, -2146935, NULL, NULL, NULL, NULL, NULL, 1459526986, 'Active', 1459526986, 1, NULL, NULL),
(47, 47, 'Initial', NULL, -794136, NULL, NULL, NULL, NULL, NULL, 1459526986, 'Active', 1459526986, 1, NULL, NULL),
(48, 48, 'Initial', NULL, -1935195, NULL, NULL, NULL, NULL, NULL, 1459526986, 'Active', 1459526986, 1, NULL, NULL),
(49, 49, 'Initial', NULL, -1194469, NULL, NULL, NULL, NULL, NULL, 1459526986, 'Active', 1459526986, 1, NULL, NULL),
(50, 50, 'Initial', NULL, -1060482, NULL, NULL, NULL, NULL, NULL, 1459526986, 'Active', 1459526986, 1, NULL, NULL),
(51, 51, 'Initial', NULL, -276854, NULL, NULL, NULL, NULL, NULL, 1459526986, 'Active', 1459526986, 1, NULL, NULL),
(52, 52, 'Initial', NULL, -930194, NULL, NULL, NULL, NULL, NULL, 1459526986, 'Active', 1459526986, 1, NULL, NULL),
(53, 53, 'Initial', NULL, -241283, NULL, NULL, NULL, NULL, NULL, 1459526986, 'Active', 1459526986, 1, NULL, NULL),
(54, 54, 'Initial', NULL, -998717, NULL, NULL, NULL, NULL, NULL, 1459526986, 'Active', 1459526986, 1, NULL, NULL),
(55, 55, 'Initial', NULL, -747601, NULL, NULL, NULL, NULL, NULL, 1459526986, 'Active', 1459526986, 1, NULL, NULL),
(56, 56, 'Initial', NULL, -780740, NULL, NULL, NULL, NULL, NULL, 1459526986, 'Active', 1459526986, 1, NULL, NULL),
(57, 57, 'Initial', NULL, -1787368, NULL, NULL, NULL, NULL, NULL, 1459526986, 'Active', 1459526986, 1, NULL, NULL),
(58, 58, 'Initial', NULL, -1562061, NULL, NULL, NULL, NULL, NULL, 1459526986, 'Active', 1459526986, 1, NULL, NULL),
(59, 59, 'Initial', NULL, -2810998, NULL, NULL, NULL, NULL, NULL, 1459526986, 'Active', 1459526986, 1, 1459739352, 2),
(60, 60, 'Initial', NULL, -120176, NULL, NULL, NULL, NULL, NULL, 1459526986, 'Active', 1459526986, 1, NULL, NULL),
(61, 61, 'Initial', NULL, -833604, NULL, NULL, NULL, NULL, NULL, 1459526986, 'Active', 1459526986, 1, NULL, NULL),
(62, 62, 'Initial', NULL, -390896, NULL, NULL, NULL, NULL, NULL, 1459526986, 'Active', 1459526986, 1, NULL, NULL),
(63, 63, 'Initial', NULL, -1759296, NULL, NULL, NULL, NULL, NULL, 1459526986, 'Active', 1459526986, 1, NULL, NULL),
(64, 64, 'Initial', NULL, -408223, NULL, NULL, NULL, NULL, NULL, 1459526986, 'Active', 1459526986, 1, NULL, NULL),
(65, 65, 'Initial', NULL, -107000, NULL, NULL, NULL, NULL, NULL, 1459526986, 'Active', 1459526986, 1, NULL, NULL),
(66, 66, 'Initial', NULL, -767637, NULL, NULL, NULL, NULL, NULL, 1459526986, 'Active', 1459526986, 1, NULL, NULL),
(67, 67, 'Initial', NULL, -1249877, NULL, NULL, NULL, NULL, NULL, 1459526986, 'Active', 1459526986, 1, NULL, NULL),
(68, 68, 'Initial', NULL, -169669, NULL, NULL, NULL, NULL, NULL, 1459526986, 'Active', 1459526986, 1, NULL, NULL),
(69, 69, 'Initial', NULL, -1083691, NULL, NULL, NULL, NULL, NULL, 1459526986, 'Active', 1459526986, 1, 1459741117, 2),
(70, 70, 'Initial', NULL, -139678, NULL, NULL, NULL, NULL, NULL, 1459526986, 'Active', 1459526986, 1, NULL, NULL),
(71, 71, 'Initial', NULL, -1056325, NULL, NULL, NULL, NULL, NULL, 1459526986, 'Active', 1459526986, 1, NULL, NULL),
(72, 72, 'Initial', NULL, -739135, NULL, NULL, NULL, NULL, NULL, 1459526986, 'Active', 1459526986, 1, NULL, NULL),
(73, 73, 'Initial', NULL, -1480685, NULL, NULL, NULL, NULL, NULL, 1459526986, 'Active', 1459526986, 1, NULL, NULL),
(74, 74, 'Initial', NULL, -456490, NULL, NULL, NULL, NULL, NULL, 1459526986, 'Active', 1459526986, 1, NULL, NULL),
(75, 75, 'Initial', NULL, -3030, NULL, NULL, NULL, NULL, NULL, 1459526986, 'Active', 1459526986, 1, NULL, NULL),
(76, 76, 'Initial', NULL, -315753, NULL, NULL, NULL, NULL, NULL, 1459526986, 'Active', 1459526986, 1, NULL, NULL),
(77, 77, 'Initial', NULL, -810307, NULL, NULL, NULL, NULL, NULL, 1459526986, 'Active', 1459526986, 1, NULL, NULL),
(78, 78, 'Initial', NULL, -742937, NULL, NULL, NULL, NULL, NULL, 1459526986, 'Active', 1459526986, 1, NULL, NULL),
(79, 79, 'Initial', NULL, -220562, NULL, NULL, NULL, NULL, NULL, 1459526986, 'Active', 1459526986, 1, NULL, NULL),
(80, 80, 'Initial', NULL, -1318999, NULL, NULL, NULL, NULL, NULL, 1459526986, 'Active', 1459526986, 1, NULL, NULL),
(81, 81, 'Initial', NULL, -783301, NULL, NULL, NULL, NULL, NULL, 1459526986, 'Active', 1459526986, 1, 1459739866, 2),
(82, 82, 'Initial', NULL, -585758, NULL, NULL, NULL, NULL, NULL, 1459526986, 'Active', 1459526986, 1, NULL, NULL),
(83, 83, 'Initial', NULL, -1548573, NULL, NULL, NULL, NULL, NULL, 1459526986, 'Active', 1459526986, 1, NULL, NULL),
(84, 84, 'Initial', NULL, -108896, NULL, NULL, NULL, NULL, NULL, 1459526986, 'Active', 1459526986, 1, NULL, NULL),
(85, 85, 'Initial', NULL, -370914, NULL, NULL, NULL, NULL, NULL, 1459526986, 'Active', 1459526986, 1, NULL, NULL),
(86, 86, 'Initial', NULL, -288740, NULL, NULL, NULL, NULL, NULL, 1459526986, 'Active', 1459526986, 1, NULL, NULL),
(87, 87, 'Initial', NULL, -1517442, NULL, NULL, NULL, NULL, NULL, 1459526986, 'Active', 1459526986, 1, NULL, NULL),
(88, 88, 'Initial', NULL, -773957, NULL, NULL, NULL, NULL, NULL, 1459526986, 'Active', 1459526986, 1, NULL, NULL),
(89, 89, 'Initial', NULL, -171363, NULL, NULL, NULL, NULL, NULL, 1459526986, 'Active', 1459526986, 1, NULL, NULL),
(90, 90, 'Initial', NULL, -531226, NULL, NULL, NULL, NULL, NULL, 1459526986, 'Active', 1459526986, 1, NULL, NULL),
(91, 91, 'Initial', NULL, -4750, NULL, NULL, NULL, NULL, NULL, 1459526986, 'Active', 1459526986, 1, NULL, NULL),
(92, 92, 'Initial', NULL, -48552, NULL, NULL, NULL, NULL, NULL, 1459526986, 'Active', 1459526986, 1, NULL, NULL),
(93, 93, 'Initial', NULL, -424425, NULL, NULL, NULL, NULL, NULL, 1459526986, 'Active', 1459526986, 1, NULL, NULL),
(94, 94, 'Initial', NULL, -3997620, NULL, NULL, NULL, NULL, NULL, 1459526986, 'Active', 1459526986, 1, NULL, NULL),
(95, 95, 'Initial', NULL, -286506, NULL, NULL, NULL, NULL, NULL, 1459526986, 'Active', 1459526986, 1, NULL, NULL),
(96, 96, 'Initial', NULL, -368681, NULL, NULL, NULL, NULL, NULL, 1459526986, 'Active', 1459526986, 1, NULL, NULL),
(97, 97, 'Initial', NULL, -617794, NULL, NULL, NULL, NULL, NULL, 1459526986, 'Active', 1459526986, 1, 1459740218, 2),
(98, 98, 'Initial', NULL, -3007408, NULL, NULL, NULL, NULL, NULL, 1459526986, 'Active', 1459526986, 1, NULL, NULL),
(99, 99, 'Initial', NULL, -351585, NULL, NULL, NULL, NULL, NULL, 1459526986, 'Active', 1459526986, 1, NULL, NULL),
(100, 100, 'Initial', NULL, -24805, NULL, NULL, NULL, NULL, NULL, 1459526986, 'Active', 1459526986, 1, 1459738302, 2),
(101, 101, 'Initial', NULL, -334094, NULL, NULL, NULL, NULL, NULL, 1459526986, 'Active', 1459526986, 1, NULL, NULL),
(102, 102, 'Initial', NULL, -2046835, NULL, NULL, NULL, NULL, NULL, 1459526986, 'Active', 1459526986, 1, NULL, NULL),
(103, 103, 'Initial', NULL, -254361, NULL, NULL, NULL, NULL, NULL, 1459526986, 'Active', 1459526986, 1, NULL, NULL),
(104, 104, 'Initial', NULL, -390429, NULL, NULL, NULL, NULL, NULL, 1459526986, 'Active', 1459526986, 1, NULL, NULL),
(105, 105, 'Initial', NULL, -28858, NULL, NULL, NULL, NULL, NULL, 1459526986, 'Active', 1459526986, 1, NULL, NULL),
(106, 106, 'Initial', NULL, 21384, NULL, NULL, NULL, NULL, NULL, 1459526986, 'Active', 1459526986, 1, NULL, NULL),
(107, 107, 'Initial', NULL, -866531, NULL, NULL, NULL, NULL, NULL, 1459526986, 'Active', 1459526986, 1, NULL, NULL),
(108, 108, 'Initial', NULL, -530067, NULL, NULL, NULL, NULL, NULL, 1459526986, 'Active', 1459526986, 1, NULL, NULL),
(109, 109, 'Initial', NULL, -1452342, NULL, NULL, NULL, NULL, NULL, 1459526986, 'Active', 1459526986, 1, NULL, NULL),
(110, 110, 'Initial', NULL, -59579, NULL, NULL, NULL, NULL, NULL, 1459526986, 'Active', 1459526986, 1, NULL, NULL),
(111, 111, 'Initial', NULL, -45998, NULL, NULL, NULL, NULL, NULL, 1459526986, 'Active', 1459526986, 1, NULL, NULL),
(112, 112, 'Initial', NULL, -430388, NULL, NULL, NULL, NULL, NULL, 1459526986, 'Active', 1459526986, 1, NULL, NULL),
(113, 113, 'Initial', NULL, -110394, NULL, NULL, NULL, NULL, NULL, 1459526986, 'Active', 1459526986, 1, NULL, NULL),
(114, 114, 'Initial', NULL, -3970910, NULL, NULL, NULL, NULL, NULL, 1459526986, 'Active', 1459526986, 1, NULL, NULL),
(115, 115, 'Initial', NULL, -212523, NULL, NULL, NULL, NULL, NULL, 1459526986, 'Active', 1459526986, 1, NULL, NULL),
(116, 116, 'Initial', NULL, -25605, NULL, NULL, NULL, NULL, NULL, 1459526986, 'Active', 1459526986, 1, NULL, NULL),
(117, 117, 'Initial', NULL, -170641, NULL, NULL, NULL, NULL, NULL, 1459526986, 'Active', 1459526986, 1, NULL, NULL),
(118, 118, 'Initial', NULL, -30750, NULL, NULL, NULL, NULL, NULL, 1459526986, 'Active', 1459526986, 1, NULL, NULL),
(119, 119, 'Initial', NULL, -4493757, NULL, NULL, NULL, NULL, NULL, 1459526986, 'Active', 1459526986, 1, NULL, NULL),
(120, 120, 'Initial', NULL, -883405, NULL, NULL, NULL, NULL, NULL, 1459526986, 'Active', 1459526986, 1, NULL, NULL),
(121, 121, 'Initial', NULL, -2329084, NULL, NULL, NULL, NULL, NULL, 1459526986, 'Active', 1459526986, 1, NULL, NULL),
(122, 122, 'Initial', NULL, -72439, NULL, NULL, NULL, NULL, NULL, 1459526986, 'Active', 1459526986, 1, NULL, NULL),
(123, 123, 'Initial', NULL, -3029198, NULL, NULL, NULL, NULL, NULL, 1459526986, 'Active', 1459526986, 1, NULL, NULL),
(124, 124, 'Initial', NULL, -412100, NULL, NULL, NULL, NULL, NULL, 1459526986, 'Active', 1459526986, 1, NULL, NULL),
(125, 125, 'Initial', NULL, -97788, NULL, NULL, NULL, NULL, NULL, 1459526986, 'Active', 1459526986, 1, NULL, NULL),
(126, 126, 'Initial', NULL, -1880001, NULL, NULL, NULL, NULL, NULL, 1459526986, 'Active', 1459526986, 1, NULL, NULL),
(127, 127, 'Initial', NULL, -341414, NULL, NULL, NULL, NULL, NULL, 1459526986, 'Active', 1459526986, 1, NULL, NULL),
(128, 128, 'Initial', NULL, -281563, NULL, NULL, NULL, NULL, NULL, 1459526986, 'Active', 1459526986, 1, NULL, NULL),
(129, 129, 'Initial', NULL, -315273, NULL, NULL, NULL, NULL, NULL, 1459526986, 'Active', 1459526986, 1, NULL, NULL),
(130, 130, 'Initial', NULL, -138237, NULL, NULL, NULL, NULL, NULL, 1459526986, 'Active', 1459526986, 1, NULL, NULL),
(131, 131, 'Initial', NULL, -161489, NULL, NULL, NULL, NULL, NULL, 1459526986, 'Active', 1459526986, 1, NULL, NULL),
(132, 132, 'Initial', NULL, -55582, NULL, NULL, NULL, NULL, NULL, 1459526986, 'Active', 1459526986, 1, NULL, NULL),
(133, 133, 'Initial', NULL, -51615, NULL, NULL, NULL, NULL, NULL, 1459526986, 'Active', 1459526986, 1, NULL, NULL),
(134, 134, 'Initial', NULL, -1595714, NULL, NULL, NULL, NULL, NULL, 1459526986, 'Active', 1459526986, 1, NULL, NULL),
(135, 135, 'Initial', NULL, -994289, NULL, NULL, NULL, NULL, NULL, 1459526986, 'Active', 1459526986, 1, NULL, NULL),
(136, 136, 'Initial', NULL, -295536, NULL, NULL, NULL, NULL, NULL, 1459526986, 'Active', 1459526986, 1, NULL, NULL),
(137, 137, 'Initial', NULL, -74275, NULL, NULL, NULL, NULL, NULL, 1459526986, 'Active', 1459526986, 1, NULL, NULL),
(138, 138, 'Initial', NULL, -25345, NULL, NULL, NULL, NULL, NULL, 1459526986, 'Active', 1459526986, 1, NULL, NULL),
(139, 139, 'Initial', NULL, -1176440, NULL, NULL, NULL, NULL, NULL, 1459526986, 'Active', 1459526986, 1, NULL, NULL),
(140, 140, 'Initial', NULL, -186096, NULL, NULL, NULL, NULL, NULL, 1459526986, 'Active', 1459526986, 1, NULL, NULL),
(141, 141, 'Initial', NULL, -596663, NULL, NULL, NULL, NULL, NULL, 1459526986, 'Active', 1459526986, 1, NULL, NULL),
(142, 142, 'Initial', NULL, -176814, NULL, NULL, NULL, NULL, NULL, 1459526986, 'Active', 1459526986, 1, NULL, NULL),
(143, 143, 'Initial', NULL, -289076, NULL, NULL, NULL, NULL, NULL, 1459526986, 'Active', 1459526986, 1, 1459739312, 2),
(144, 144, 'Initial', NULL, -174250, NULL, NULL, NULL, NULL, NULL, 1459526986, 'Active', 1459526986, 1, NULL, NULL),
(145, 145, 'Initial', NULL, -378720, NULL, NULL, NULL, NULL, NULL, 1459526986, 'Active', 1459526986, 1, NULL, NULL),
(146, 146, 'Initial', NULL, -498250, NULL, NULL, NULL, NULL, NULL, 1459526986, 'Active', 1459526986, 1, NULL, NULL),
(147, 147, 'Initial', NULL, -42033, NULL, NULL, NULL, NULL, NULL, 1459526986, 'Active', 1459526986, 1, 1459738097, 2),
(148, 148, 'Initial', NULL, -40050, NULL, NULL, NULL, NULL, NULL, 1459526986, 'Active', 1459526986, 1, 1459739099, 2),
(149, 149, 'Initial', NULL, -224000, NULL, NULL, NULL, NULL, NULL, 1459526986, 'Active', 1459526986, 1, 1459739267, 2),
(150, 150, 'Initial', NULL, -1055460, NULL, NULL, NULL, NULL, NULL, 1459526986, 'Active', 1459526986, 1, NULL, NULL),
(151, 151, 'Initial', NULL, -345563, NULL, NULL, NULL, NULL, NULL, 1459526986, 'Active', 1459526986, 1, NULL, NULL),
(152, 152, 'Initial', NULL, -515600, NULL, NULL, NULL, NULL, NULL, 1459526986, 'Active', 1459526986, 1, NULL, NULL),
(153, 153, 'Initial', NULL, -684882, NULL, NULL, NULL, NULL, NULL, 1459526986, 'Active', 1459526986, 1, NULL, NULL),
(154, 154, 'Initial', NULL, -118375, NULL, NULL, NULL, NULL, NULL, 1459526986, 'Active', 1459526986, 1, NULL, NULL),
(155, 155, 'Initial', NULL, -1473300, NULL, NULL, NULL, NULL, NULL, 1459526986, 'Active', 1459526986, 1, NULL, NULL),
(156, 156, 'Initial', NULL, -41558, NULL, NULL, NULL, NULL, NULL, 1459526986, 'Active', 1459526986, 1, NULL, NULL),
(157, 157, 'Initial', NULL, -505550, NULL, NULL, NULL, NULL, NULL, 1459526986, 'Active', 1459526986, 1, NULL, NULL),
(158, 158, 'Initial', NULL, -536673, NULL, NULL, NULL, NULL, NULL, 1459526986, 'Active', 1459526986, 1, 1459746017, 2),
(159, 159, 'Initial', NULL, -289323, NULL, NULL, NULL, NULL, NULL, 1459526986, 'Active', 1459526986, 1, NULL, NULL),
(160, 160, 'Initial', NULL, -188569, NULL, NULL, NULL, NULL, NULL, 1459526986, 'Active', 1459526986, 1, NULL, NULL),
(161, 161, 'Initial', NULL, -397081, NULL, NULL, NULL, NULL, NULL, 1459526986, 'Active', 1459526986, 1, NULL, NULL),
(162, 162, 'Initial', NULL, -46935, NULL, NULL, NULL, NULL, NULL, 1459526986, 'Active', 1459526986, 1, NULL, NULL),
(163, 163, 'Initial', NULL, -146124, NULL, NULL, NULL, NULL, NULL, 1459526986, 'Active', 1459526986, 1, 1459740479, 2),
(164, 164, 'Initial', NULL, -99432, NULL, NULL, NULL, NULL, NULL, 1459526986, 'Active', 1459526986, 1, 1459740307, 2),
(165, 165, 'Initial', NULL, -12023, NULL, NULL, NULL, NULL, NULL, 1459526986, 'Active', 1459526986, 1, NULL, NULL),
(166, 166, 'Initial', NULL, -61046, NULL, NULL, NULL, NULL, NULL, 1459526986, 'Active', 1459526986, 1, NULL, NULL),
(167, 167, 'Initial', NULL, -2900, NULL, NULL, NULL, NULL, NULL, 1459526986, 'Active', 1459526986, 1, NULL, NULL),
(168, 168, 'Initial', NULL, -95830, NULL, NULL, NULL, NULL, NULL, 1459526986, 'Active', 1459526986, 1, NULL, NULL),
(169, 169, 'Initial', NULL, -42450, NULL, NULL, NULL, NULL, NULL, 1459526986, 'Active', 1459526986, 1, NULL, NULL),
(170, 170, 'Initial', NULL, -125500, NULL, NULL, NULL, NULL, NULL, 1459526986, 'Active', 1459526986, 1, NULL, NULL),
(171, 171, 'Initial', NULL, -13499, NULL, NULL, NULL, NULL, NULL, 1459526986, 'Active', 1459526986, 1, NULL, NULL),
(172, 172, 'Initial', NULL, -5553, NULL, NULL, NULL, NULL, NULL, 1459526986, 'Active', 1459526986, 1, NULL, NULL),
(173, 173, 'Initial', NULL, -41523, NULL, NULL, NULL, NULL, NULL, 1459526986, 'Active', 1459526986, 1, NULL, NULL),
(174, 80, 'Other', 'Online Payment', 50000, 'IBU 00433973; ', 4, 'Maijdee Court Br', 2, 0, 1459360800, 'Active', 1459671707, 22, NULL, NULL),
(175, 87, 'Other', 'Online Payment', 70000, 'IBU 03669124', 4, 'Maijdee Court ', 1, 0, 1459360800, 'Active', 1459671985, 22, NULL, NULL),
(176, 85, 'Other', 'Online Payment', 19977, '1132640;', 1, ' Laxmipur Br.', 1, 0, 1459274400, 'Active', 1459673288, 22, 1459673360, 1),
(177, 77, 'Other', 'Online Payment', 29974, '6733411', 1, 'Kanaighat', 1, 0, 1459274400, 'Active', 1459738430, 19, NULL, NULL),
(178, 131, 'Other', 'Online Payment', 19977, '4327704', 1, 'Chanchkoir. Natore', 1, 0, 1459274400, 'Active', 1459739329, 19, NULL, NULL),
(179, 63, 'Other', 'Online Payment', 50000, 'IBU09971024', 1, 'Joypurhat', 1, 0, 1459274400, 'Active', 1459740152, 19, NULL, NULL),
(180, 78, 'Other', 'Online Payment', 50000, 'MCC09854379', 1, 'Anderkilla', 1, 0, 1459274400, 'Active', 1459740395, 22, NULL, NULL),
(181, 146, 'Other', 'Online Payment', 50000, 'Dohazari.Br', 4, 'Dohazari', 2, 0, 1459360800, 'Active', 1459740599, 22, NULL, NULL),
(182, 102, 'Other', 'Online Payment', 100000, 'ChakariaCorp.Br', 4, 'ChakariaCorp', 2, 0, 1459360800, 'Active', 1459740717, 22, NULL, NULL),
(183, 46, 'Other', 'Online Payment', 100000, 'Manikganj.Br', 4, 'Manikganj', 2, 0, 1459360800, 'Active', 1459740817, 22, NULL, NULL),
(184, 134, 'Other', 'Online Payment', 40000, 'Manikganj.Br', 4, 'Manikganj', 2, 0, 1459360800, 'Active', 1459740877, 22, NULL, NULL),
(185, 33, 'Other', 'Online Payment', 99949, '8477772', 1, 'Feni', 1, 0, 1459360800, 'Active', 1459740961, 22, NULL, NULL),
(186, 121, 'Other', 'Online Payment', 49967, '8215381', 1, 'Baragola', 1, 0, 1459360800, 'Active', 1459741082, 19, NULL, NULL),
(187, 56, 'Other', 'Online Payment', 50000, 'IBU08147531', 1, 'Rangpur', 1, 0, 1459360800, 'Active', 1459741175, 19, NULL, NULL),
(188, 114, 'Other', 'Online Payment', 140000, 'Ruppur.Br', 4, 'Ruppur', 2, 0, 1459620000, 'Active', 1459742243, 19, NULL, NULL),
(189, 97, 'Other', 'Online Payment', 200000, 'ZindaBazar.Br', 4, 'ZindaBazar', 2, 0, 1459620000, 'Active', 1459742346, 19, NULL, NULL),
(190, 2, 'Other', 'Online Payment', 49967, '9916057', 1, 'Rangpur', 1, 0, 1459620000, 'Active', 1459742580, 19, NULL, NULL),
(191, 46, 'Other', 'Online Payment', 50000, 'Mankganj.Br', 4, 'Mankgan', 2, 0, 1459620000, 'Active', 1459742775, 22, NULL, NULL),
(192, 134, 'Other', 'Online Payment', 50000, 'Mankganj.Br', 4, 'Mankganj', 2, 0, 1459620000, 'Active', 1459742838, 22, NULL, NULL),
(193, 49, 'Other', 'Cheque', 60000, '4258824', 15, 'Fulbaria', 1, 0, 1459620000, 'Active', 1459742965, 22, NULL, NULL),
(194, 152, 'Other', 'Cheque', 25000, '7836462', 11, 'Comilla', 1, 0, 1459620000, 'Active', 1459743051, 22, NULL, NULL),
(195, 23, 'Other', 'Online Payment', 99949, '8792965', 1, 'KDL Avenue', 1, 0, 1459620000, 'Active', 1459743255, 23, NULL, NULL),
(196, 18, 'Other', 'Online Payment', 100000, 'Goalchamot Ladies Br', 4, 'Goalchamot Ladies', 2, 0, 1459706400, 'Active', 1459831131, 23, NULL, NULL),
(197, 131, 'Other', 'Online Payment', 25000, '4327758', 1, 'Chanchkoir', 1, 0, 1459706400, 'Active', 1459831246, 19, NULL, NULL),
(198, 8, 'Other', 'Online Payment', 99949, '4076177', 1, 'Highway , Sherpur', 1, 0, 1459706400, 'Active', 1459831352, 19, NULL, NULL),
(199, 164, 'Other', 'Online Payment', 19977, '7767768', 1, 'Biswanath', 1, 0, 1459706400, 'Active', 1459831439, 19, NULL, NULL),
(200, 94, 'Other', 'Online Payment', 50000, '619;', 1, 'Anderkilla Br. ', 1, 0, 1459706400, 'Active', 1459839990, 22, NULL, NULL),
(201, 82, 'Other', 'Online Payment', 30000, 'IBU 09636315', 1, 'Chandina Br. ', 1, 0, 1459706400, 'Active', 1459840180, 22, NULL, NULL),
(202, 126, 'Other', 'Online Payment', 100000, 'Ranishankoil.Br Thakurgaon', 4, 'Ranishankoil', 2, 0, 1459706400, 'Active', 1459845694, 19, NULL, NULL),
(203, 114, 'Other', 'Online Payment', 175000, 'Ruppur.Br Pabna', 4, 'Ruppur', 2, 0, 1459792800, 'Active', 1459930063, 19, NULL, NULL),
(204, 55, 'Other', 'Online Payment', 22000, 'Rajshahi.Corpt.Br', 4, 'Rajshahi.Corpt', 2, 0, 1459792800, 'Active', 1459930187, 19, NULL, NULL),
(205, 131, 'Other', 'Online Payment', 25000, '4327760', 1, 'Chanchkoir.Br', 1, 0, 1459879200, 'Active', 1460000960, 19, NULL, NULL),
(206, 46, 'Other', 'Online Payment', 100000, 'SMS**223', 4, 'Manikganj Br. ', 2, 0, 1459879200, 'Active', 1460005842, 22, NULL, NULL),
(207, 102, 'Other', 'Online Payment', 50000, 'SMS**228', 4, 'Chakoria ', 2, 0, 1459879200, 'Active', 1460005944, 22, NULL, NULL),
(208, 52, 'Other', 'Online Payment', 49967, '4466482', 1, 'Chandpur Br', 1, 0, 1459879200, 'Active', 1460006050, 22, NULL, NULL),
(209, 159, 'Other', 'Online Payment', 19977, '4827', 1, 'Fotickchori Br. ', 1, 0, 1459879200, 'Active', 1460006139, 22, NULL, NULL),
(210, 172, 'Other', 'Online Payment', 35500, '8651429', 1, 'Tangail Br. ', 1, 0, 1459879200, 'Active', 1460006209, 22, NULL, NULL),
(211, 166, 'Other', 'Online Payment', 9977, '8749052', 1, '', 1, 0, 1459792800, 'Active', 1460006327, 22, NULL, NULL),
(212, 45, 'Other', 'Online Payment', 140000, '3363081', 1, 'Kalampur ', 1, 0, 1459792800, 'Active', 1460006412, 22, NULL, NULL),
(213, 80, 'Other', 'Online Payment', 50000, 'IBU 00433974', 1, 'Suborna Char Br. ', 1, 0, 1459792800, 'Active', 1460006538, 22, NULL, NULL),
(214, 157, 'Other', 'Online Payment', 19977, '80399609', 1, 'Sitakundo Br. ', 1, 0, 1459792800, 'Active', 1460006615, 22, NULL, NULL),
(215, 99, 'Other', 'Online Payment', 30000, 'Boalmari.Br', 4, 'Boalmari.Br', 2, 0, 1459879200, 'Active', 1460009794, 23, NULL, NULL),
(216, 26, 'Other', 'Online Payment', 50000, '2436330', 1, 'Hatkhola Chawkbazar.Br', 1, 0, 1459879200, 'Active', 1460009965, 23, NULL, NULL),
(217, 29, 'Other', 'Online Payment', 202000, '9771443', 1, 'Charfasion.Br', 1, 0, 1459879200, 'Active', 1460010168, 23, NULL, NULL);

-- --------------------------------------------------------

--
-- Table structure for table `ems_sales_po`
--

CREATE TABLE IF NOT EXISTS `ems_sales_po` (
  `id` int(11) NOT NULL,
  `customer_id` int(11) NOT NULL,
  `warehouse_id` int(11) NOT NULL,
  `date_po` int(11) NOT NULL DEFAULT '99',
  `status_requested` varchar(20) NOT NULL DEFAULT 'Pending',
  `user_requested` int(11) DEFAULT NULL,
  `date_requested` int(11) DEFAULT NULL,
  `status_approved` varchar(20) NOT NULL DEFAULT 'Pending',
  `remarks_approved` text,
  `user_approved` int(11) DEFAULT NULL,
  `date_approved` int(11) DEFAULT NULL,
  `status_delivered` varchar(20) NOT NULL DEFAULT 'Pending',
  `user_delivered` int(11) DEFAULT NULL,
  `date_delivered` int(11) DEFAULT NULL,
  `date_delivery` int(11) DEFAULT NULL,
  `status_received` varchar(20) NOT NULL DEFAULT 'Pending',
  `user_received` int(11) DEFAULT NULL,
  `date_received` int(11) DEFAULT NULL,
  `date_receive` int(11) DEFAULT NULL,
  `date_created` int(11) NOT NULL DEFAULT '0',
  `user_created` int(11) NOT NULL DEFAULT '0',
  `date_updated` int(11) DEFAULT NULL,
  `user_updated` int(11) DEFAULT NULL
) ENGINE=InnoDB AUTO_INCREMENT=31 DEFAULT CHARSET=utf8;

--
-- Dumping data for table `ems_sales_po`
--

INSERT INTO `ems_sales_po` (`id`, `customer_id`, `warehouse_id`, `date_po`, `status_requested`, `user_requested`, `date_requested`, `status_approved`, `remarks_approved`, `user_approved`, `date_approved`, `status_delivered`, `user_delivered`, `date_delivered`, `date_delivery`, `status_received`, `user_received`, `date_received`, `date_receive`, `date_created`, `user_created`, `date_updated`, `user_updated`) VALUES
(1, 8, 1, 1459620000, 'Requested', 19, 1459653366, 'Approved', 'First PO', 19, 1459653551, 'Delivered', 64, 1459747894, 1459620000, 'Pending', NULL, NULL, NULL, 1459653344, 19, 1459747894, 64),
(2, 87, 1, 1459620000, 'Pending', NULL, NULL, 'Pending', NULL, NULL, NULL, 'Pending', NULL, NULL, NULL, 'Pending', NULL, NULL, NULL, 1459656253, 22, NULL, NULL),
(3, 46, 1, 1459620000, 'Requested', 22, 1459663045, 'Approved', '', 22, 1459663150, 'Delivered', 64, 1459747622, 1459620000, 'Pending', NULL, NULL, NULL, 1459656338, 22, 1459747622, 64),
(4, 128, 1, 1459620000, 'Requested', 23, 1459657685, 'Approved', '', 23, 1459657764, 'Delivered', 64, 1459747700, 1459620000, 'Pending', NULL, NULL, NULL, 1459657674, 23, 1459747700, 64),
(5, 126, 1, 1459620000, 'Requested', 19, 1459660099, 'Approved', '', 19, 1459660266, 'Delivered', 64, 1459747830, 1459620000, 'Pending', NULL, NULL, NULL, 1459659506, 19, 1459747830, 64),
(6, 63, 1, 1459620000, 'Requested', 19, 1459660109, 'Approved', '', 19, 1459660304, 'Delivered', 64, 1459747555, 1459620000, 'Pending', NULL, NULL, NULL, 1459659826, 19, 1459747555, 64),
(7, 114, 1, 1459620000, 'Requested', 19, 1459660079, 'Approved', '', 19, 1459660343, 'Delivered', 64, 1459747236, 1459620000, 'Pending', NULL, NULL, NULL, 1459659927, 19, 1459748076, 64),
(8, 102, 1, 1459620000, 'Requested', 22, 1459664449, 'Approved', '', 22, 1459664536, 'Delivered', 64, 1459825389, 1459620000, 'Pending', NULL, NULL, NULL, 1459664428, 22, 1459825389, 64),
(9, 49, 1, 1459706400, 'Requested', 22, 1459735836, 'Approved', '', 22, 1459735889, 'Delivered', 64, 1459824882, 1459706400, 'Pending', NULL, NULL, NULL, 1459735829, 22, 1459824882, 64),
(10, 134, 1, 1459792800, 'Requested', 22, 1459831844, 'Approved', '', 22, 1459831907, 'Delivered', 64, 1459925368, 1459792800, 'Pending', NULL, NULL, NULL, 1459831390, 22, 1459925368, 64),
(11, 168, 1, 1459792800, 'Requested', 22, 1459831786, 'Approved', '', 22, 1459831823, 'Delivered', 64, 1459999140, 1459792800, 'Pending', NULL, NULL, NULL, 1459831574, 22, 1459999140, 64),
(12, 18, 1, 1459792800, 'Requested', 23, 1459833053, 'Approved', '', 23, 1459833102, 'Delivered', 64, 1459923303, 1459792800, 'Pending', NULL, NULL, NULL, 1459832584, 23, 1459923303, 64),
(13, 18, 3, 1459792800, 'Requested', 23, 1459833031, 'Approved', '', 23, 1459833162, 'Delivered', 64, 1459925182, 1459792800, 'Pending', NULL, NULL, NULL, 1459832970, 23, 1459925182, 64),
(14, 49, 1, 1459792800, 'Requested', 22, 1459834479, 'Approved', '', 22, 1459834557, 'Delivered', 64, 1459996687, 1459792800, 'Pending', NULL, NULL, NULL, 1459834463, 22, 1459996687, 64),
(15, 172, 1, 1459792800, 'Requested', 22, 1459835279, 'Approved', '', 22, 1459835356, 'Delivered', 64, 1459996425, 1459879200, 'Pending', NULL, NULL, NULL, 1459835245, 22, 1459998975, 64),
(16, 73, 1, 1459792800, 'Requested', 23, 1459835884, 'Approved', '', 23, 1459835918, 'Delivered', 64, 1459996254, 1459879200, 'Pending', NULL, NULL, NULL, 1459835875, 23, 1459996929, 64),
(17, 55, 1, 1459792800, 'Requested', 19, 1459836908, 'Approved', '', 19, 1459837026, 'Delivered', 64, 1459996342, 1459879200, 'Pending', NULL, NULL, NULL, 1459836902, 19, 1459997050, 64),
(18, 114, 1, 1459879200, 'Requested', 19, 1459909350, 'Approved', '', 19, 1459909384, 'Delivered', 64, 1459996512, 1459879200, 'Pending', NULL, NULL, NULL, 1459909343, 19, 1459996512, 64),
(19, 80, 1, 1459879200, 'Requested', 22, 1459914566, 'Approved', '', 22, 1459914608, 'Pending', NULL, NULL, NULL, 'Pending', NULL, NULL, NULL, 1459909476, 22, NULL, NULL),
(20, 126, 1, 1459879200, 'Requested', 19, 1459911739, 'Approved', '', 19, 1459911762, 'Delivered', 64, 1459996574, 1459879200, 'Pending', NULL, NULL, NULL, 1459911734, 19, 1459996574, 64),
(21, 66, 1, 1459879200, 'Requested', 23, 1459923332, 'Approved', '', 23, 1459923487, 'Pending', NULL, NULL, NULL, 'Pending', NULL, NULL, NULL, 1459923316, 23, NULL, NULL),
(22, 29, 1, 1459965600, 'Requested', 23, 1459997733, 'Approved', '', 23, 1459997816, 'Pending', NULL, NULL, NULL, 'Pending', NULL, NULL, NULL, 1459997718, 23, NULL, NULL),
(23, 46, 1, 1459965600, 'Requested', 22, 1460001541, 'Approved', '', 22, 1460001710, 'Pending', NULL, NULL, NULL, 'Pending', NULL, NULL, NULL, 1460000778, 22, 1460001515, 22),
(24, 159, 1, 1459965600, 'Requested', 22, 1460003790, 'Approved', '', 22, 1460003947, 'Pending', NULL, NULL, NULL, 'Pending', NULL, NULL, NULL, 1460003776, 22, NULL, NULL),
(25, 73, 1, 1459965600, 'Requested', 23, 1460004498, 'Approved', '', 23, 1460004593, 'Pending', NULL, NULL, NULL, 'Pending', NULL, NULL, NULL, 1460004489, 23, NULL, NULL),
(26, 8, 1, 1459965600, 'Requested', 19, 1460007505, 'Approved', '', 19, 1460007546, 'Pending', NULL, NULL, NULL, 'Pending', NULL, NULL, NULL, 1460007206, 19, 1460007489, 19),
(27, 121, 1, 1459965600, 'Requested', 19, 1460007498, 'Approved', '', 19, 1460007563, 'Pending', NULL, NULL, NULL, 'Pending', NULL, NULL, NULL, 1460007330, 19, NULL, NULL),
(28, 135, 1, 1459965600, 'Requested', 19, 1460008610, 'Approved', '', 19, 1460008854, 'Pending', NULL, NULL, NULL, 'Pending', NULL, NULL, NULL, 1460008594, 19, NULL, NULL),
(29, 85, 1, 1459965600, 'Requested', 22, 1460010807, 'Approved', '', 22, 1460010844, 'Pending', NULL, NULL, NULL, 'Pending', NULL, NULL, NULL, 1460010782, 22, NULL, NULL),
(30, 13, 1, 1459879200, 'Requested', 19, 1460017411, 'Approved', '', 19, 1460017452, 'Pending', NULL, NULL, NULL, 'Pending', NULL, NULL, NULL, 1460017358, 19, NULL, NULL);

-- --------------------------------------------------------

--
-- Table structure for table `ems_sales_po_delivery`
--

CREATE TABLE IF NOT EXISTS `ems_sales_po_delivery` (
  `id` int(11) NOT NULL,
  `sales_po_id` int(11) NOT NULL,
  `date_delivery` int(11) NOT NULL,
  `date_invoice` int(11) DEFAULT NULL,
  `invoice_no` varchar(255) DEFAULT NULL,
  `courier_id` int(11) DEFAULT NULL,
  `track_no` varchar(255) DEFAULT NULL,
  `date_booking` int(11) DEFAULT NULL,
  `remarks` text,
  `revision` int(11) NOT NULL DEFAULT '1',
  `date_created` int(11) NOT NULL DEFAULT '0',
  `user_created` int(11) NOT NULL DEFAULT '0'
) ENGINE=InnoDB AUTO_INCREMENT=23 DEFAULT CHARSET=utf8;

--
-- Dumping data for table `ems_sales_po_delivery`
--

INSERT INTO `ems_sales_po_delivery` (`id`, `sales_po_id`, `date_delivery`, `date_invoice`, `invoice_no`, `courier_id`, `track_no`, `date_booking`, `remarks`, `revision`, `date_created`, `user_created`) VALUES
(1, 7, 1459620000, 1459620000, '216102741', 1, '80006000050330', 1459620000, '', 2, 1459747236, 64),
(2, 6, 1459620000, 1459620000, '216102742', 1, '80006000050330', 1459620000, '', 1, 1459747555, 64),
(3, 3, 1459620000, 1459620000, '216102745', 1, '80006000050331', 1459620000, '', 1, 1459747622, 64),
(4, 4, 1459620000, 1459620000, '216102744', 1, '80006000050332', 1459620000, '', 1, 1459747700, 64),
(5, 5, 1459620000, 1459620000, '216102743', 2, '4139', 1459620000, '', 1, 1459747830, 64),
(6, 1, 1459620000, 1459620000, '216102746', 2, '4138', 1459620000, '', 1, 1459747894, 64),
(7, 7, 1459620000, 1459620000, '216102741', 34, '4374', 1459620000, '', 1, 1459748076, 64),
(8, 9, 1459706400, 1459706400, '216102747', 32, '00', 1459706400, '', 1, 1459824882, 64),
(9, 8, 1459620000, 1459620000, '216102740', 12, '1076', 1459620000, '', 1, 1459825389, 64),
(10, 12, 1459792800, 1459792800, '216102750', 1, '80006000050438', 1459792800, '', 1, 1459923303, 64),
(11, 13, 1459792800, 1459792800, '216102751', 1, '80006000050438', 1459792800, '', 1, 1459925182, 64),
(12, 10, 1459792800, 1459792800, '216102748', 1, '80006000050439', 1459792800, '', 1, 1459925368, 64),
(13, 16, 1459792800, 1459792800, '216102754', 1, '80011000137482', 1459792800, '', 2, 1459996254, 64),
(14, 17, 1459792800, 1459792800, '21216102755', 1, '80011000137481', 1459792800, '', 2, 1459996342, 64),
(15, 15, 1459792800, 1459792800, '216102753', 3, '98671', 1459792800, '', 2, 1459996425, 64),
(16, 18, 1459879200, 1459879200, '216102757', 34, '4549', 1459879200, '', 1, 1459996512, 64),
(17, 20, 1459879200, 1459879200, '216102758', 2, '4472', 1459879200, '', 1, 1459996574, 64),
(18, 14, 1459792800, 1459792800, '216102752', 32, '00', 1459965600, '', 1, 1459996687, 64),
(19, 16, 1459879200, 1459792800, '216102754', 1, '80011000137482', 1459879200, '', 1, 1459996929, 64),
(20, 17, 1459879200, 1459792800, '21216102755', 1, '80011000137481', 1459879200, '', 1, 1459997050, 64),
(21, 15, 1459879200, 1459792800, '216102753', 3, '98671', 1459879200, '', 1, 1459998975, 64),
(22, 11, 1459792800, 1459792800, '216102749', 25, '00', 1459792800, '', 1, 1459999140, 64);

-- --------------------------------------------------------

--
-- Table structure for table `ems_sales_po_details`
--

CREATE TABLE IF NOT EXISTS `ems_sales_po_details` (
  `id` int(11) NOT NULL,
  `sales_po_id` int(11) NOT NULL,
  `variety_id` int(11) NOT NULL,
  `pack_size_id` int(11) NOT NULL,
  `pack_size` float DEFAULT NULL,
  `variety_price_id` int(11) DEFAULT NULL,
  `variety_price` float DEFAULT NULL,
  `quantity` int(11) NOT NULL DEFAULT '99',
  `quantity_return` int(11) DEFAULT '0',
  `quantity_bonus` int(11) DEFAULT NULL,
  `quantity_bonus_return` int(11) DEFAULT '0',
  `date_return` int(11) DEFAULT NULL,
  `remarks_return` text,
  `bonus_pack_size` float DEFAULT NULL,
  `bonus_pack_size_id` int(11) DEFAULT NULL,
  `bonus_details_id` int(11) DEFAULT NULL,
  `remarks` text,
  `revision` int(11) NOT NULL DEFAULT '1',
  `date_created` int(11) NOT NULL DEFAULT '0',
  `user_created` int(11) NOT NULL DEFAULT '0'
) ENGINE=InnoDB AUTO_INCREMENT=77 DEFAULT CHARSET=utf8;

--
-- Dumping data for table `ems_sales_po_details`
--

INSERT INTO `ems_sales_po_details` (`id`, `sales_po_id`, `variety_id`, `pack_size_id`, `pack_size`, `variety_price_id`, `variety_price`, `quantity`, `quantity_return`, `quantity_bonus`, `quantity_bonus_return`, `date_return`, `remarks_return`, `bonus_pack_size`, `bonus_pack_size_id`, `bonus_details_id`, `remarks`, `revision`, `date_created`, `user_created`) VALUES
(1, 1, 67, 4, 100, 56, 330, 200, 0, 0, 0, NULL, NULL, 100, 4, 155, '', 1, 1459653344, 19),
(2, 2, 54, 2, 10, 44, 120, 200, 0, 0, 0, NULL, NULL, 0, 0, 0, '', 1, 1459656253, 22),
(3, 3, 67, 4, 100, 56, 330, 300, 0, 0, 0, NULL, NULL, 100, 4, 154, '', 2, 1459656338, 22),
(4, 4, 49, 2, 10, 40, 110, 500, 0, 50, 0, NULL, NULL, 10, 2, 175, '', 1, 1459657674, 23),
(5, 4, 51, 2, 10, 42, 100, 100, 0, 0, 0, NULL, NULL, 0, 0, 0, '', 1, 1459657674, 23),
(6, 5, 34, 1, 5, 29, 210, 100, 0, 0, 0, NULL, NULL, 0, 0, 0, '', 1, 1459659506, 19),
(7, 5, 353, 4, 100, 114, 370, 10, 0, 0, 0, NULL, NULL, 0, 0, 0, '', 1, 1459659506, 19),
(8, 6, 49, 2, 10, 40, 110, 200, 0, 20, 0, NULL, NULL, 10, 2, 172, '', 1, 1459659826, 19),
(9, 6, 45, 1, 5, 35, 150, 200, 0, 0, 0, NULL, NULL, 0, 0, 0, '', 1, 1459659826, 19),
(10, 6, 34, 1, 5, 29, 210, 100, 0, 0, 0, NULL, NULL, 0, 0, 0, '', 1, 1459659826, 19),
(11, 6, 46, 2, 10, 38, 120, 100, 0, 0, 0, NULL, NULL, 0, 0, 0, '', 1, 1459659826, 19),
(12, 6, 67, 4, 100, 56, 330, 200, 0, 0, 0, NULL, NULL, 100, 4, 155, '', 1, 1459659826, 19),
(13, 6, 353, 4, 100, 114, 370, 10, 0, 0, 0, NULL, NULL, 0, 0, 0, '', 1, 1459659826, 19),
(14, 6, 52, 2, 10, 113, 85, 100, 0, 0, 0, NULL, NULL, 0, 0, 0, '', 1, 1459659826, 19),
(15, 7, 67, 4, 100, 56, 330, 1000, 0, 0, 0, NULL, NULL, 100, 4, 152, '', 1, 1459659927, 19),
(16, 7, 353, 4, 100, 114, 370, 50, 0, 0, 0, NULL, NULL, 0, 0, 0, '', 1, 1459659927, 19),
(17, 3, 67, 4, 100, 56, 330, 250, 0, 0, 0, NULL, NULL, 100, 4, 155, '', 1, 1459663027, 22),
(18, 3, 54, 2, 10, 44, 120, 200, 0, 0, 0, NULL, NULL, 0, 0, 0, '', 1, 1459663027, 22),
(19, 8, 67, 4, 100, 56, 330, 100, 0, 0, 0, NULL, NULL, 100, 4, 151, '', 1, 1459664428, 22),
(20, 8, 353, 4, 100, 114, 370, 50, 0, 0, 0, NULL, NULL, 0, 0, 0, '', 1, 1459664428, 22),
(21, 8, 54, 2, 10, 44, 120, 200, 0, 0, 0, NULL, NULL, 0, 0, 0, '', 1, 1459664428, 22),
(22, 9, 44, 1, 5, 33, 135, 200, 0, 0, 0, NULL, NULL, 0, 0, 0, '', 1, 1459735829, 22),
(23, 10, 67, 4, 100, 56, 330, 200, 0, 0, 0, NULL, NULL, 100, 4, 155, '', 1, 1459831390, 22),
(24, 10, 353, 4, 100, 114, 370, 50, 0, 0, 0, NULL, NULL, 0, 0, 0, '', 1, 1459831390, 22),
(25, 10, 45, 1, 5, 35, 150, 400, 0, 0, 0, NULL, NULL, 0, 0, 0, '', 1, 1459831390, 22),
(26, 11, 54, 2, 10, 44, 120, 100, 0, 0, 0, NULL, NULL, 0, 0, 0, '', 1, 1459831574, 22),
(27, 11, 58, 1, 5, 47, 42.5, 200, 0, 0, 0, NULL, NULL, 0, 0, 0, '', 1, 1459831574, 22),
(28, 12, 67, 4, 100, 56, 330, 100, 0, 0, 0, NULL, NULL, 100, 4, 151, '', 1, 1459832584, 23),
(29, 12, 353, 4, 100, 114, 370, 20, 0, 0, 0, NULL, NULL, 0, 0, 0, '', 1, 1459832584, 23),
(30, 12, 59, 2, 10, 48, 110, 100, 0, 10, 0, NULL, NULL, 10, 2, 196, '', 1, 1459832584, 23),
(31, 12, 60, 2, 10, 49, 140, 50, 0, 0, 0, NULL, NULL, 0, 0, 0, '', 1, 1459832584, 23),
(32, 12, 44, 1, 5, 33, 135, 100, 0, 0, 0, NULL, NULL, 0, 0, 0, '', 1, 1459832584, 23),
(33, 12, 45, 1, 5, 35, 150, 200, 0, 0, 0, NULL, NULL, 0, 0, 0, '', 1, 1459832584, 23),
(34, 13, 62, 4, 100, 60, 300, 80, 0, 0, 0, NULL, NULL, 0, 0, 0, '', 1, 1459832970, 23),
(35, 14, 45, 1, 5, 35, 150, 200, 0, 0, 0, NULL, NULL, 0, 0, 0, '', 1, 1459834463, 22),
(36, 14, 44, 1, 5, 33, 135, 100, 0, 0, 0, NULL, NULL, 0, 0, 0, '', 1, 1459834463, 22),
(37, 15, 49, 2, 10, 40, 110, 100, 0, 10, 0, NULL, NULL, 10, 2, 171, '', 1, 1459835245, 22),
(38, 15, 44, 1, 5, 33, 135, 100, 0, 0, 0, NULL, NULL, 0, 0, 0, '', 1, 1459835245, 22),
(39, 15, 45, 1, 5, 35, 150, 100, 0, 0, 0, NULL, NULL, 0, 0, 0, '', 1, 1459835245, 22),
(40, 16, 45, 1, 5, 35, 150, 200, 0, 0, 0, NULL, NULL, 0, 0, 0, '', 1, 1459835875, 23),
(41, 17, 49, 2, 10, 40, 110, 200, 0, 20, 0, NULL, NULL, 10, 2, 172, '', 1, 1459836902, 19),
(42, 18, 67, 4, 100, 56, 330, 500, 0, 0, 0, NULL, NULL, 100, 4, 152, '', 1, 1459909343, 19),
(43, 19, 44, 1, 5, 33, 135, 100, 0, 0, 0, NULL, NULL, 0, 0, 0, '', 1, 1459909476, 22),
(44, 19, 45, 1, 5, 35, 150, 100, 0, 0, 0, NULL, NULL, 0, 0, 0, '', 1, 1459909476, 22),
(45, 19, 49, 2, 10, 40, 110, 100, 0, 10, 0, NULL, NULL, 10, 2, 171, '', 1, 1459909476, 22),
(46, 19, 54, 2, 10, 44, 120, 50, 0, 0, 0, NULL, NULL, 0, 0, 0, '', 1, 1459909476, 22),
(47, 20, 44, 2, 10, 34, 260, 100, 0, 0, 0, NULL, NULL, 0, 0, 0, '', 1, 1459911734, 19),
(48, 21, 44, 2, 10, 34, 260, 100, 0, 0, 0, NULL, NULL, 0, 0, 0, '', 1, 1459923316, 23),
(49, 21, 44, 1, 5, 33, 135, 200, 0, 0, 0, NULL, NULL, 0, 0, 0, '', 1, 1459923316, 23),
(50, 21, 45, 2, 10, 36, 290, 100, 0, 0, 0, NULL, NULL, 0, 0, 0, '', 1, 1459923316, 23),
(51, 22, 57, 2, 10, 104, 85, 100, 0, 0, 0, NULL, NULL, 0, 0, 0, '', 1, 1459997718, 23),
(52, 22, 35, 1, 5, 88, 200, 50, 0, 0, 0, NULL, NULL, 0, 0, 0, '', 1, 1459997718, 23),
(53, 22, 45, 1, 5, 35, 150, 200, 0, 0, 0, NULL, NULL, 0, 0, 0, '', 1, 1459997718, 23),
(54, 22, 45, 2, 10, 36, 290, 400, 0, 0, 0, NULL, NULL, 0, 0, 0, '', 1, 1459997718, 23),
(55, 22, 44, 2, 10, 34, 260, 100, 0, 0, 0, NULL, NULL, 0, 0, 0, '', 1, 1459997718, 23),
(56, 22, 49, 2, 10, 40, 110, 100, 0, 10, 0, NULL, NULL, 10, 2, 171, '', 1, 1459997718, 23),
(57, 23, 67, 4, 100, 56, 330, 250, 0, 0, 0, NULL, NULL, 100, 4, 155, '', 2, 1460000778, 22),
(58, 23, 67, 4, 100, 56, 330, 200, 0, 0, 0, NULL, NULL, 100, 4, 155, '', 1, 1460001515, 22),
(59, 23, 52, 2, 10, 113, 85, 100, 0, 0, 0, NULL, NULL, 0, 0, 0, '', 1, 1460001515, 22),
(60, 23, 58, 1, 5, 47, 42.5, 200, 0, 0, 0, NULL, NULL, 0, 0, 0, '', 1, 1460001515, 22),
(61, 24, 353, 4, 100, 114, 370, 10, 0, 0, 0, NULL, NULL, 0, 0, 0, '', 1, 1460003776, 22),
(62, 24, 58, 1, 5, 47, 42.5, 100, 0, 0, 0, NULL, NULL, 0, 0, 0, '', 1, 1460003776, 22),
(63, 24, 57, 2, 10, 104, 85, 50, 0, 0, 0, NULL, NULL, 0, 0, 0, '', 1, 1460003776, 22),
(64, 24, 52, 2, 10, 113, 85, 100, 0, 0, 0, NULL, NULL, 0, 0, 0, '', 1, 1460003776, 22),
(65, 25, 45, 2, 10, 36, 290, 100, 0, 0, 0, NULL, NULL, 0, 0, 0, '', 1, 1460004489, 23),
(66, 25, 45, 1, 5, 35, 150, 200, 0, 0, 0, NULL, NULL, 0, 0, 0, '', 1, 1460004489, 23),
(67, 26, 44, 1, 5, 33, 135, 400, 0, 0, 0, NULL, NULL, 0, 0, 0, '', 2, 1460007206, 19),
(68, 26, 39, 1, 5, 69, 80, 100, 0, 10, 0, NULL, NULL, 5, 1, 62, '', 2, 1460007206, 19),
(69, 27, 18, 2, 10, 18, 170, 100, 0, 0, 0, NULL, NULL, 0, 0, 0, '', 1, 1460007330, 19),
(70, 26, 44, 1, 5, 33, 135, 400, 0, 0, 0, NULL, NULL, 0, 0, 0, '', 1, 1460007489, 19),
(71, 26, 39, 1, 5, 69, 80, 200, 0, 20, 0, NULL, NULL, 5, 1, 63, '', 1, 1460007489, 19),
(72, 28, 94, 2, 10, 37, 120, 100, 0, 10, 0, NULL, NULL, 10, 2, 141, '', 1, 1460008594, 19),
(73, 29, 44, 1, 5, 33, 135, 200, 0, 0, 0, NULL, NULL, 0, 0, 0, '', 1, 1460010782, 22),
(74, 29, 45, 1, 5, 35, 150, 100, 0, 0, 0, NULL, NULL, 0, 0, 0, '', 1, 1460010782, 22),
(75, 30, 67, 4, 100, 56, 330, 60, 0, 0, 0, NULL, NULL, 0, 0, 0, '', 1, 1460017358, 19),
(76, 30, 353, 4, 100, 114, 370, 20, 0, 0, 0, NULL, NULL, 0, 0, 0, '', 1, 1460017358, 19);

-- --------------------------------------------------------

--
-- Table structure for table `ems_sales_po_receives`
--

CREATE TABLE IF NOT EXISTS `ems_sales_po_receives` (
  `id` int(11) NOT NULL,
  `sales_po_id` int(11) NOT NULL,
  `sales_po_detail_id` int(11) NOT NULL,
  `quantity_receive` int(11) DEFAULT '0',
  `quantity_bonus_receive` int(11) DEFAULT '0',
  `date_receive` int(11) DEFAULT NULL,
  `remarks` text,
  `revision` int(11) NOT NULL DEFAULT '1',
  `date_created` int(11) NOT NULL DEFAULT '0',
  `user_created` int(11) NOT NULL DEFAULT '0'
) ENGINE=InnoDB DEFAULT CHARSET=utf8;

-- --------------------------------------------------------

--
-- Table structure for table `ems_sales_po_returns`
--

CREATE TABLE IF NOT EXISTS `ems_sales_po_returns` (
  `id` int(11) NOT NULL,
  `sales_po_id` int(11) NOT NULL,
  `sales_po_detail_id` int(11) NOT NULL,
  `quantity_return` int(11) DEFAULT '0',
  `quantity_bonus_return` int(11) DEFAULT '0',
  `date_return` int(11) DEFAULT NULL,
  `remarks` text,
  `revision` int(11) NOT NULL DEFAULT '1',
  `date_created` int(11) NOT NULL DEFAULT '0',
  `user_created` int(11) NOT NULL DEFAULT '0'
) ENGINE=InnoDB DEFAULT CHARSET=utf8;

-- --------------------------------------------------------

--
-- Table structure for table `ems_stockin_excess_inventory`
--

CREATE TABLE IF NOT EXISTS `ems_stockin_excess_inventory` (
  `id` int(11) NOT NULL,
  `warehouse_id` int(11) NOT NULL,
  `variety_id` int(11) NOT NULL,
  `pack_size_id` int(11) NOT NULL,
  `quantity` int(11) NOT NULL,
  `date_stock_in` int(11) NOT NULL,
  `remarks` text,
  `status` varchar(11) NOT NULL DEFAULT 'Active',
  `date_created` int(11) NOT NULL DEFAULT '0',
  `user_created` int(11) NOT NULL DEFAULT '0',
  `date_updated` int(11) DEFAULT NULL,
  `user_updated` int(11) DEFAULT NULL
) ENGINE=InnoDB DEFAULT CHARSET=utf8;

-- --------------------------------------------------------

--
-- Table structure for table `ems_stockin_varieties`
--

CREATE TABLE IF NOT EXISTS `ems_stockin_varieties` (
  `id` int(11) NOT NULL,
  `warehouse_id` int(11) NOT NULL,
  `variety_id` int(11) NOT NULL,
  `pack_size_id` int(11) NOT NULL,
  `quantity` int(11) NOT NULL,
  `date_mfg` int(11) DEFAULT NULL,
  `date_exp` int(11) DEFAULT NULL,
  `date_stock_in` int(11) NOT NULL,
  `remarks` text,
  `status` varchar(11) NOT NULL DEFAULT 'Active',
  `date_created` int(11) NOT NULL DEFAULT '0',
  `user_created` int(11) NOT NULL DEFAULT '0',
  `date_updated` int(11) DEFAULT NULL,
  `user_updated` int(11) DEFAULT NULL
) ENGINE=InnoDB AUTO_INCREMENT=118 DEFAULT CHARSET=utf8;

--
-- Dumping data for table `ems_stockin_varieties`
--

INSERT INTO `ems_stockin_varieties` (`id`, `warehouse_id`, `variety_id`, `pack_size_id`, `quantity`, `date_mfg`, `date_exp`, `date_stock_in`, `remarks`, `status`, `date_created`, `user_created`, `date_updated`, `user_updated`) VALUES
(1, 1, 2, 2, 1884, NULL, NULL, 1456768800, 'Initial Stock', 'Active', 1456768800, 1, NULL, NULL),
(2, 1, 86, 2, 185, NULL, NULL, 1456768800, 'Initial Stock', 'Active', 1456768800, 1, NULL, NULL),
(3, 1, 87, 2, 1060, NULL, NULL, 1456768800, 'Initial Stock', 'Active', 1456768800, 1, NULL, NULL),
(4, 1, 4, 2, 0, NULL, NULL, 1456768800, 'Initial Stock', 'Active', 1456768800, 1, NULL, NULL),
(5, 1, 3, 2, 38386, NULL, NULL, 1456768800, 'Initial Stock', 'Active', 1456768800, 1, NULL, NULL),
(6, 1, 5, 2, 1379, NULL, NULL, 1456768800, 'Initial Stock', 'Active', 1456768800, 1, NULL, NULL),
(7, 1, 6, 2, 0, NULL, NULL, 1456768800, 'Initial Stock', 'Active', 1456768800, 1, NULL, NULL),
(8, 1, 1, 2, 377, NULL, NULL, 1456768800, 'Initial Stock', 'Active', 1456768800, 1, NULL, NULL),
(9, 1, 7, 2, 4094, NULL, NULL, 1456768800, 'Initial Stock', 'Active', 1456768800, 1, NULL, NULL),
(10, 1, 8, 2, 20444, NULL, NULL, 1456768800, 'Initial Stock', 'Active', 1456768800, 1, NULL, NULL),
(11, 1, 9, 2, 3686, NULL, NULL, 1456768800, 'Initial Stock', 'Active', 1456768800, 1, NULL, NULL),
(12, 1, 10, 2, 8137, NULL, NULL, 1456768800, 'Initial Stock', 'Active', 1456768800, 1, NULL, NULL),
(13, 1, 11, 2, 11872, NULL, NULL, 1456768800, 'Initial Stock', 'Active', 1456768800, 1, NULL, NULL),
(14, 1, 343, 2, 50, NULL, NULL, 1456768800, 'Initial Stock', 'Active', 1456768800, 1, NULL, NULL),
(15, 1, 12, 2, 14389, NULL, NULL, 1456768800, 'Initial Stock', 'Active', 1456768800, 1, NULL, NULL),
(16, 1, 13, 2, 2296, NULL, NULL, 1456768800, 'Initial Stock', 'Active', 1456768800, 1, NULL, NULL),
(17, 1, 14, 2, 2337, NULL, NULL, 1456768800, 'Initial Stock', 'Active', 1456768800, 1, NULL, NULL),
(18, 1, 15, 2, 0, NULL, NULL, 1456768800, 'Initial Stock', 'Active', 1456768800, 1, NULL, NULL),
(19, 1, 17, 2, 2672, NULL, NULL, 1456768800, 'Initial Stock', 'Active', 1456768800, 1, NULL, NULL),
(20, 1, 18, 2, 1580, NULL, NULL, 1456768800, 'Initial Stock', 'Active', 1456768800, 1, NULL, NULL),
(21, 1, 88, 2, 0, NULL, NULL, 1456768800, 'Initial Stock', 'Active', 1456768800, 1, NULL, NULL),
(22, 1, 20, 2, 48, NULL, NULL, 1456768800, 'Initial Stock', 'Active', 1456768800, 1, NULL, NULL),
(23, 1, 21, 2, 0, NULL, NULL, 1456768800, 'Initial Stock', 'Active', 1456768800, 1, NULL, NULL),
(24, 1, 19, 2, 1171, NULL, NULL, 1456768800, 'Initial Stock', 'Active', 1456768800, 1, NULL, NULL),
(25, 1, 90, 2, 897, NULL, NULL, 1456768800, 'Initial Stock', 'Active', 1456768800, 1, NULL, NULL),
(26, 1, 22, 2, 4469, NULL, NULL, 1456768800, 'Initial Stock', 'Active', 1456768800, 1, NULL, NULL),
(27, 1, 91, 2, 0, NULL, NULL, 1456768800, 'Initial Stock', 'Active', 1456768800, 1, NULL, NULL),
(28, 1, 23, 2, 0, NULL, NULL, 1456768800, 'Initial Stock', 'Active', 1456768800, 1, NULL, NULL),
(29, 1, 24, 2, 0, NULL, NULL, 1456768800, 'Initial Stock', 'Active', 1456768800, 1, NULL, NULL),
(30, 1, 92, 2, 668, NULL, NULL, 1456768800, 'Initial Stock', 'Active', 1456768800, 1, NULL, NULL),
(31, 1, 25, 2, 24779, NULL, NULL, 1456768800, 'Initial Stock', 'Active', 1456768800, 1, NULL, NULL),
(32, 1, 26, 1, 1904, NULL, NULL, 1456768800, 'Initial Stock', 'Active', 1456768800, 1, NULL, NULL),
(33, 1, 344, 1, 194, NULL, NULL, 1456768800, 'Initial Stock', 'Active', 1456768800, 1, NULL, NULL),
(34, 1, 27, 1, 0, NULL, NULL, 1456768800, 'Initial Stock', 'Active', 1456768800, 1, NULL, NULL),
(35, 1, 28, 1, 5661, NULL, NULL, 1456768800, 'Initial Stock', 'Active', 1456768800, 1, NULL, NULL),
(36, 1, 29, 1, 0, NULL, NULL, 1456768800, 'Initial Stock', 'Active', 1456768800, 1, NULL, NULL),
(37, 1, 30, 1, 5473, NULL, NULL, 1456768800, 'Initial Stock', 'Active', 1456768800, 1, NULL, NULL),
(38, 1, 31, 1, 7075, NULL, NULL, 1456768800, 'Initial Stock', 'Active', 1456768800, 1, NULL, NULL),
(39, 1, 33, 14, 0, NULL, NULL, 1456768800, 'Initial Stock', 'Active', 1456768800, 1, NULL, NULL),
(40, 1, 33, 13, 652, NULL, NULL, 1456768800, 'Initial Stock', 'Active', 1456768800, 1, NULL, NULL),
(41, 1, 89, 16, 75, NULL, NULL, 1456768800, 'Initial Stock', 'Active', 1456768800, 1, NULL, NULL),
(42, 1, 89, 2, 613, NULL, NULL, 1456768800, 'Initial Stock', 'Active', 1456768800, 1, NULL, NULL),
(43, 1, 34, 12, 60, NULL, NULL, 1456768800, 'Initial Stock', 'Active', 1456768800, 1, NULL, NULL),
(44, 1, 34, 1, 12471, NULL, NULL, 1456768800, 'Initial Stock', 'Active', 1456768800, 1, NULL, NULL),
(45, 1, 35, 1, 1598, NULL, NULL, 1456768800, 'Initial Stock', 'Active', 1456768800, 1, NULL, NULL),
(46, 1, 35, 2, 0, NULL, NULL, 1456768800, 'Initial Stock', 'Active', 1456768800, 1, NULL, NULL),
(47, 1, 37, 1, 13, NULL, NULL, 1456768800, 'Initial Stock', 'Active', 1456768800, 1, NULL, NULL),
(48, 1, 38, 2, 1981, NULL, NULL, 1456768800, 'Initial Stock', 'Active', 1456768800, 1, NULL, NULL),
(49, 1, 38, 17, 34, NULL, NULL, 1456768800, 'Initial Stock', 'Active', 1456768800, 1, NULL, NULL),
(50, 1, 328, 15, 233, NULL, NULL, 1456768800, 'Initial Stock', 'Active', 1456768800, 1, NULL, NULL),
(51, 1, 39, 1, 19227, NULL, NULL, 1456768800, 'Initial Stock', 'Active', 1456768800, 1, NULL, NULL),
(52, 1, 104, 1, 48, NULL, NULL, 1456768800, 'Initial Stock', 'Active', 1456768800, 1, NULL, NULL),
(53, 1, 40, 2, 3, NULL, NULL, 1456768800, 'Initial Stock', 'Active', 1456768800, 1, NULL, NULL),
(54, 1, 42, 1, 11005, NULL, NULL, 1456768800, 'Initial Stock', 'Active', 1456768800, 1, NULL, NULL),
(55, 1, 43, 2, 0, NULL, NULL, 1456768800, 'Initial Stock', 'Active', 1456768800, 1, NULL, NULL),
(56, 1, 44, 1, 8575, NULL, NULL, 1456768800, 'Initial Stock', 'Active', 1456768800, 1, NULL, NULL),
(57, 1, 44, 2, 6748, NULL, NULL, 1456768800, 'Initial Stock', 'Active', 1456768800, 1, NULL, NULL),
(58, 1, 45, 1, 27681, NULL, NULL, 1456768800, 'Initial Stock', 'Active', 1456768800, 1, NULL, NULL),
(59, 1, 45, 2, 8013, NULL, NULL, 1456768800, 'Initial Stock', 'Active', 1456768800, 1, NULL, NULL),
(60, 1, 93, 10, 0, NULL, NULL, 1456768800, 'Initial Stock', 'Active', 1456768800, 1, NULL, NULL),
(61, 1, 93, 18, 19666, NULL, NULL, 1456768800, 'Initial Stock', 'Active', 1456768800, 1, NULL, NULL),
(62, 1, 94, 2, 2814, NULL, NULL, 1456768800, 'Initial Stock', 'Active', 1456768800, 1, NULL, NULL),
(63, 1, 46, 2, 14368, NULL, NULL, 1456768800, 'Initial Stock', 'Active', 1456768800, 1, NULL, NULL),
(64, 1, 47, 11, 3809, NULL, NULL, 1456768800, 'Initial Stock', 'Active', 1456768800, 1, NULL, NULL),
(65, 1, 48, 2, 1, NULL, NULL, 1456768800, 'Initial Stock', 'Active', 1456768800, 1, NULL, NULL),
(66, 1, 49, 2, 6266, NULL, NULL, 1456768800, 'Initial Stock', 'Active', 1456768800, 1, NULL, NULL),
(67, 1, 50, 2, 3993, NULL, NULL, 1456768800, 'Initial Stock', 'Active', 1456768800, 1, NULL, NULL),
(68, 1, 51, 2, 3243, NULL, NULL, 1456768800, 'Initial Stock', 'Active', 1456768800, 1, NULL, NULL),
(69, 1, 52, 2, 8893, NULL, NULL, 1456768800, 'Initial Stock', 'Active', 1456768800, 1, NULL, NULL),
(70, 1, 52, 1, 0, NULL, NULL, 1456768800, 'Initial Stock', 'Active', 1456768800, 1, NULL, NULL),
(71, 1, 54, 2, 6242, NULL, NULL, 1456768800, 'Initial Stock', 'Active', 1456768800, 1, NULL, NULL),
(72, 1, 55, 20, 2900, NULL, NULL, 1456768800, 'Initial Stock', 'Active', 1456768800, 1, NULL, NULL),
(73, 1, 55, 2, 3159, NULL, NULL, 1456768800, 'Initial Stock', 'Active', 1456768800, 1, NULL, NULL),
(74, 1, 346, 1, 16, NULL, NULL, 1456768800, 'Initial Stock', 'Active', 1456768800, 1, NULL, NULL),
(75, 1, 56, 2, 9819, NULL, NULL, 1456768800, 'Initial Stock', 'Active', 1456768800, 1, NULL, NULL),
(76, 1, 57, 2, 11740, NULL, NULL, 1456768800, 'Initial Stock', 'Active', 1456768800, 1, NULL, NULL),
(77, 1, 58, 1, 1400, NULL, NULL, 1456768800, 'Initial Stock', 'Active', 1456768800, 1, NULL, NULL),
(78, 1, 58, 2, 1912, NULL, NULL, 1456768800, 'Initial Stock', 'Active', 1456768800, 1, NULL, NULL),
(79, 1, 335, 2, 0, NULL, NULL, 1456768800, 'Initial Stock', 'Active', 1456768800, 1, NULL, NULL),
(80, 1, 59, 2, 11277, NULL, NULL, 1456768800, 'Initial Stock', 'Active', 1456768800, 1, NULL, NULL),
(81, 1, 60, 2, 14581, NULL, NULL, 1456768800, 'Initial Stock', 'Active', 1456768800, 1, NULL, NULL),
(82, 3, 61, 7, 9710, NULL, NULL, 1456768800, 'Initial Stock', 'Active', 1456768800, 1, NULL, NULL),
(83, 3, 62, 4, 10852, NULL, NULL, 1456768800, 'Initial Stock', 'Active', 1456768800, 1, NULL, NULL),
(84, 3, 95, 4, 4283, NULL, NULL, 1456768800, 'Initial Stock', 'Active', 1456768800, 1, NULL, NULL),
(85, 3, 96, 4, 3797, NULL, NULL, 1456768800, 'Initial Stock', 'Active', 1456768800, 1, NULL, NULL),
(86, 3, 63, 4, 3477, NULL, NULL, 1456768800, 'Initial Stock', 'Active', 1456768800, 1, NULL, NULL),
(87, 3, 64, 4, 0, NULL, NULL, 1456768800, 'Initial Stock', 'Active', 1456768800, 1, NULL, NULL),
(88, 3, 64, 9, 0, NULL, NULL, 1456768800, 'Initial Stock', 'Active', 1456768800, 1, NULL, NULL),
(89, 3, 65, 9, 886, NULL, NULL, 1456768800, 'Initial Stock', 'Active', 1456768800, 1, NULL, NULL),
(90, 3, 97, 9, 635, NULL, NULL, 1456768800, 'Initial Stock', 'Active', 1456768800, 1, NULL, NULL),
(91, 3, 66, 4, 443, NULL, NULL, 1456768800, 'Initial Stock', 'Active', 1456768800, 1, NULL, NULL),
(92, 1, 353, 4, 9823, NULL, NULL, 1456768800, 'Initial Stock', 'Active', 1456768800, 1, NULL, NULL),
(93, 1, 67, 4, 50229, NULL, NULL, 1456768800, 'Initial Stock', 'Active', 1456768800, 1, NULL, NULL),
(94, 1, 68, 4, 0, NULL, NULL, 1456768800, 'Initial Stock', 'Active', 1456768800, 1, NULL, NULL),
(95, 1, 69, 5, 16, NULL, NULL, 1456768800, 'Initial Stock', 'Active', 1456768800, 1, NULL, NULL),
(96, 1, 70, 5, 17151, NULL, NULL, 1456768800, 'Initial Stock', 'Active', 1456768800, 1, NULL, NULL),
(97, 3, 71, 8, 3615, NULL, NULL, 1456768800, 'Initial Stock', 'Active', 1456768800, 1, NULL, NULL),
(98, 1, 73, 4, 6, NULL, NULL, 1456768800, 'Initial Stock', 'Active', 1456768800, 1, NULL, NULL),
(99, 1, 74, 4, 0, NULL, NULL, 1456768800, 'Initial Stock', 'Active', 1456768800, 1, NULL, NULL),
(100, 1, 75, 4, 3210, NULL, NULL, 1456768800, 'Initial Stock', 'Active', 1456768800, 1, NULL, NULL),
(101, 1, 99, 4, 0, NULL, NULL, 1456768800, 'Initial Stock', 'Active', 1456768800, 1, NULL, NULL),
(102, 1, 77, 4, 1, NULL, NULL, 1456768800, 'Initial Stock', 'Active', 1456768800, 1, NULL, NULL),
(103, 1, 342, 5, 19052, NULL, NULL, 1456768800, 'Initial Stock', 'Active', 1456768800, 1, NULL, NULL),
(104, 1, 78, 5, 0, NULL, NULL, 1456768800, 'Initial Stock', 'Active', 1456768800, 1, NULL, NULL),
(105, 1, 78, 3, -1, NULL, NULL, 1456768800, 'Initial Stock', 'Active', 1456768800, 1, NULL, NULL),
(106, 1, 79, 4, 0, NULL, NULL, 1456768800, 'Initial Stock', 'Active', 1456768800, 1, NULL, NULL),
(107, 1, 80, 4, 1579, NULL, NULL, 1456768800, 'Initial Stock', 'Active', 1456768800, 1, NULL, NULL),
(108, 1, 81, 4, 1697, NULL, NULL, 1456768800, 'Initial Stock', 'Active', 1456768800, 1, NULL, NULL),
(109, 1, 82, 4, 1913, NULL, NULL, 1456768800, 'Initial Stock', 'Active', 1456768800, 1, NULL, NULL),
(110, 1, 83, 4, 3, NULL, NULL, 1456768800, 'Initial Stock', 'Active', 1456768800, 1, NULL, NULL),
(111, 1, 85, 6, 149, NULL, NULL, 1456768800, 'Initial Stock', 'Active', 1456768800, 1, NULL, NULL),
(112, 1, 16, 2, 0, NULL, NULL, 1456768800, 'Initial Stock', 'Active', 1456768800, 1, NULL, NULL),
(113, 1, 100, 2, 0, NULL, NULL, 1456768800, 'Initial Stock', 'Active', 1456768800, 1, NULL, NULL),
(114, 1, 101, 2, 0, NULL, NULL, 1456768800, 'Initial Stock', 'Active', 1456768800, 1, NULL, NULL),
(115, 1, 102, 2, 0, NULL, NULL, 1456768800, 'Initial Stock', 'Active', 1456768800, 1, NULL, NULL),
(116, 1, 58, 1, 2000, 0, 0, 1459879200, '1st Entry......', 'Active', 1459916668, 2, NULL, NULL),
(117, 1, 54, 2, 1950, 0, 0, 1459879200, '', 'Active', 1459929407, 2, NULL, NULL);

-- --------------------------------------------------------

--
-- Table structure for table `ems_stockout`
--

CREATE TABLE IF NOT EXISTS `ems_stockout` (
  `id` int(11) NOT NULL,
  `warehouse_id` int(11) NOT NULL,
  `variety_id` int(11) NOT NULL,
  `pack_size_id` int(11) NOT NULL,
  `purpose` varchar(30) NOT NULL,
  `customer_id` int(11) DEFAULT NULL,
  `customer_name` varchar(255) DEFAULT NULL,
  `quantity` int(11) NOT NULL,
  `date_stock_out` int(11) NOT NULL,
  `remarks` text,
  `status` varchar(11) NOT NULL DEFAULT 'Active',
  `date_created` int(11) NOT NULL DEFAULT '0',
  `user_created` int(11) NOT NULL DEFAULT '0',
  `date_updated` int(11) DEFAULT NULL,
  `user_updated` int(11) DEFAULT NULL
) ENGINE=InnoDB DEFAULT CHARSET=utf8;

-- --------------------------------------------------------

--
-- Table structure for table `ems_survey_primary`
--

CREATE TABLE IF NOT EXISTS `ems_survey_primary` (
  `id` int(11) NOT NULL,
  `year` int(11) NOT NULL,
  `upazilla_id` int(11) NOT NULL,
  `crop_type_id` int(11) NOT NULL,
  `union_ids` text,
  `remarks` text,
  `status` varchar(11) NOT NULL DEFAULT 'Active',
  `date_created` int(11) NOT NULL DEFAULT '0',
  `user_created` int(11) NOT NULL DEFAULT '0',
  `date_updated` int(11) DEFAULT NULL,
  `user_updated` int(11) DEFAULT NULL
) ENGINE=InnoDB AUTO_INCREMENT=3 DEFAULT CHARSET=utf8;

--
-- Dumping data for table `ems_survey_primary`
--

INSERT INTO `ems_survey_primary` (`id`, `year`, `upazilla_id`, `crop_type_id`, `union_ids`, `remarks`, `status`, `date_created`, `user_created`, `date_updated`, `user_updated`) VALUES
(1, 2016, 123, 1, NULL, 'test', 'Active', 1459827911, 2, 1459880820, 1),
(2, 2016, 14, 1, '["683","685","688"]', '', 'Active', 1459920785, 2, NULL, NULL);

-- --------------------------------------------------------

--
-- Table structure for table `ems_survey_primary_customers`
--

CREATE TABLE IF NOT EXISTS `ems_survey_primary_customers` (
  `id` int(11) NOT NULL,
  `year` int(11) NOT NULL,
  `upazilla_id` int(11) NOT NULL,
  `customer_no` tinyint(4) NOT NULL,
  `name` varchar(255) NOT NULL,
  `date_created` int(11) NOT NULL DEFAULT '0',
  `user_created` int(11) NOT NULL DEFAULT '0',
  `date_updated` int(11) DEFAULT NULL,
  `user_updated` int(11) DEFAULT NULL
) ENGINE=InnoDB AUTO_INCREMENT=4 DEFAULT CHARSET=utf8;

--
-- Dumping data for table `ems_survey_primary_customers`
--

INSERT INTO `ems_survey_primary_customers` (`id`, `year`, `upazilla_id`, `customer_no`, `name`, `date_created`, `user_created`, `date_updated`, `user_updated`) VALUES
(1, 2016, 123, 1, 'Shaiful', 1459880820, 1, NULL, NULL),
(2, 2016, 14, 1, 'sss', 1459920785, 2, NULL, NULL),
(3, 2016, 14, 2, 'ddd', 1459920785, 2, NULL, NULL);

-- --------------------------------------------------------

--
-- Table structure for table `ems_survey_primary_customer_survey`
--

CREATE TABLE IF NOT EXISTS `ems_survey_primary_customer_survey` (
  `id` int(11) NOT NULL,
  `survey_id` int(11) NOT NULL,
  `variety_id` int(11) NOT NULL,
  `customer_no` tinyint(4) NOT NULL,
  `weight_sales` float DEFAULT NULL,
  `weight_market` float DEFAULT NULL,
  `date_created` int(11) NOT NULL DEFAULT '0',
  `user_created` int(11) NOT NULL DEFAULT '0',
  `date_updated` int(11) DEFAULT NULL,
  `user_updated` int(11) DEFAULT NULL
) ENGINE=InnoDB AUTO_INCREMENT=9 DEFAULT CHARSET=utf8;

--
-- Dumping data for table `ems_survey_primary_customer_survey`
--

INSERT INTO `ems_survey_primary_customer_survey` (`id`, `survey_id`, `variety_id`, `customer_no`, `weight_sales`, `weight_market`, `date_created`, `user_created`, `date_updated`, `user_updated`) VALUES
(1, 1, 2, 1, 3, 35, 1459827911, 2, 1459880820, 1),
(2, 1, 3, 1, 2, 4, 1459827911, 2, 1459880820, 1),
(3, 1, 105, 1, 4, 5, 1459827911, 2, 1459880820, 1),
(4, 1, 0, 1, 3, 7, 1459827911, 2, 1459880820, 1),
(5, 2, 2, 1, 32, 43, 1459920785, 2, NULL, NULL),
(6, 2, 2, 2, 434, 343, 1459920785, 2, NULL, NULL),
(7, 2, 0, 1, 34, 34, 1459920785, 2, NULL, NULL),
(8, 2, 0, 2, 34, 34, 1459920785, 2, NULL, NULL);

-- --------------------------------------------------------

--
-- Table structure for table `ems_survey_primary_quantity_survey`
--

CREATE TABLE IF NOT EXISTS `ems_survey_primary_quantity_survey` (
  `id` int(11) NOT NULL,
  `survey_id` int(11) NOT NULL,
  `variety_id` int(11) NOT NULL,
  `weight_assumed` float DEFAULT NULL,
  `weight_final` float DEFAULT NULL,
  `date_created` int(11) NOT NULL DEFAULT '0',
  `user_created` int(11) NOT NULL DEFAULT '0',
  `date_updated` int(11) DEFAULT NULL,
  `user_updated` int(11) DEFAULT NULL
) ENGINE=InnoDB AUTO_INCREMENT=8 DEFAULT CHARSET=utf8;

--
-- Dumping data for table `ems_survey_primary_quantity_survey`
--

INSERT INTO `ems_survey_primary_quantity_survey` (`id`, `survey_id`, `variety_id`, `weight_assumed`, `weight_final`, `date_created`, `user_created`, `date_updated`, `user_updated`) VALUES
(1, 1, 2, 40, 45, 1459827958, 2, 1459880820, 1),
(2, 1, 3, 6, 6, 1459827958, 2, 1459880820, 1),
(3, 1, 105, 7, 8, 1459827958, 2, 1459880820, 1),
(4, 1, 0, 7, 8, 1459827958, 2, 1459880820, 1),
(5, 1, 4, 6, 10, 1459827975, 2, 1459880820, 1),
(6, 2, 2, 60, NULL, 1459920785, 2, NULL, NULL),
(7, 2, 0, 34, NULL, 1459920785, 2, NULL, NULL);

-- --------------------------------------------------------

--
-- Table structure for table `ems_survey_product`
--

CREATE TABLE IF NOT EXISTS `ems_survey_product` (
  `id` int(11) NOT NULL,
  `variety_id` int(11) NOT NULL,
  `characteristics` text,
  `remarks` text,
  `date_start` int(11) DEFAULT NULL,
  `date_end` int(11) DEFAULT NULL,
  `picture_file_name` text,
  `picture` text,
  `date_created` int(11) NOT NULL DEFAULT '0',
  `user_created` int(11) NOT NULL DEFAULT '0',
  `date_updated` int(11) DEFAULT NULL,
  `user_updated` int(11) DEFAULT NULL
) ENGINE=InnoDB AUTO_INCREMENT=6 DEFAULT CHARSET=utf8;

--
-- Dumping data for table `ems_survey_product`
--

INSERT INTO `ems_survey_product` (`id`, `variety_id`, `characteristics`, `remarks`, `date_start`, `date_end`, `picture_file_name`, `picture`, `date_created`, `user_created`, `date_updated`, `user_updated`) VALUES
(1, 2, 'Test', 'test', 7754400, 8272799, '01.JPG', 'images/survey_product/2/01.JPG', 1459891290, 1, NULL, NULL),
(2, 86, 'test', '', 7754400, 10346399, 'SAM_3814.JPG', 'images/survey_product/86/SAM_3814.JPG', 1459919142, 2, NULL, NULL),
(3, 105, 'test', 'test', 5076000, 8272799, 'SAM_3813.JPG', 'images/survey_product/105/SAM_3813.JPG', 1459919185, 2, NULL, NULL),
(4, 87, 'test', '', 8186400, 8272799, 'SAM_29511.JPG', 'images/survey_product/87/SAM_29511.JPG', 1459933295, 54, 1459933350, 54),
(5, 31, 'Size-Medium , Color-Deep Green, Pungency-Medium, Yield-high', '', 1188000, 5075999, 'Summer_Hot.JPG', 'images/survey_product/31/Summer_Hot.JPG', 1459934035, 53, NULL, NULL);

-- --------------------------------------------------------

--
-- Table structure for table `ems_system_assigned_area`
--

CREATE TABLE IF NOT EXISTS `ems_system_assigned_area` (
  `id` int(11) NOT NULL,
  `user_id` int(11) NOT NULL,
  `division_id` int(11) DEFAULT NULL,
  `zone_id` int(11) DEFAULT NULL,
  `territory_id` int(11) DEFAULT NULL,
  `district_id` int(11) DEFAULT NULL,
  `upazilla_id` int(11) DEFAULT NULL,
  `union_id` int(11) DEFAULT NULL,
  `remarks` text,
  `revision` int(4) NOT NULL DEFAULT '1',
  `date_created` int(11) NOT NULL DEFAULT '0',
  `user_created` int(11) NOT NULL DEFAULT '0'
) ENGINE=InnoDB AUTO_INCREMENT=40 DEFAULT CHARSET=utf8;

--
-- Dumping data for table `ems_system_assigned_area`
--

INSERT INTO `ems_system_assigned_area` (`id`, `user_id`, `division_id`, `zone_id`, `territory_id`, `district_id`, `upazilla_id`, `union_id`, `remarks`, `revision`, `date_created`, `user_created`) VALUES
(1, 1, 0, 0, 0, 0, 0, 0, NULL, 1, 1457025988, 1),
(2, 22, 3, 0, 0, 0, 0, 0, '', 1, 1457149478, 2),
(3, 25, 2, 5, 17, 0, 0, 0, '', 1, 1457149633, 2),
(4, 27, 2, 4, 13, 0, 0, 0, '', 1, 1457149956, 2),
(5, 28, 1, 3, 11, 0, 0, 0, '', 1, 1457150117, 2),
(6, 29, 2, 4, 14, 0, 0, 0, '', 1, 1457150180, 2),
(7, 30, 2, 5, 18, 0, 0, 0, '', 1, 1457150229, 2),
(8, 31, 3, 8, 27, 0, 0, 0, '', 1, 1457150260, 2),
(9, 32, 1, 2, 5, 0, 0, 0, '', 1, 1457150342, 2),
(10, 33, 3, 9, 29, 0, 0, 0, '', 1, 1457150457, 2),
(11, 34, 3, 9, 28, 0, 0, 0, '', 1, 1457150480, 2),
(12, 35, 1, 3, 9, 0, 0, 0, '', 1, 1457150515, 2),
(13, 23, 2, 0, 0, 0, 0, 0, '', 1, 1457151518, 2),
(14, 24, 1, 2, 0, 0, 0, 0, '', 1, 1457151543, 2),
(15, 46, 1, 1, 0, 0, 0, 0, '', 1, 1457151593, 2),
(16, 26, 3, 7, 0, 0, 0, 0, '', 1, 1457151626, 2),
(17, 36, 1, 1, 2, 0, 0, 0, '', 1, 1457151654, 2),
(18, 38, 1, 2, 7, 0, 0, 0, '', 1, 1457151833, 2),
(19, 39, 1, 1, 3, 0, 0, 0, '', 1, 1457151869, 2),
(20, 40, 2, 4, 15, 0, 0, 0, '', 1, 1457151905, 2),
(21, 41, 1, 1, 1, 0, 0, 0, '', 1, 1457152223, 2),
(22, 42, 3, 7, 24, 0, 0, 0, '', 1, 1457152259, 2),
(23, 43, 2, 6, 22, 0, 0, 0, '', 1, 1457152285, 2),
(24, 44, 2, 4, 12, 0, 0, 0, '', 1, 1457152328, 2),
(25, 47, 1, 2, 8, 0, 0, 0, '', 1, 1457152493, 2),
(26, 45, 1, 2, 6, 0, 0, 0, '', 1, 1457152523, 2),
(27, 50, 3, 8, 26, 0, 0, 0, '', 1, 1457152607, 2),
(28, 51, 3, 7, 23, 0, 0, 0, '', 1, 1457152633, 2),
(29, 48, 3, 9, 30, 0, 0, 0, '', 1, 1457153555, 2),
(30, 49, 2, 6, 21, 0, 0, 0, '', 1, 1457153585, 2),
(31, 2, 0, 0, 0, 0, 0, 0, '', 1, 1457154983, 2),
(32, 21, 0, 0, 0, 0, 0, 0, '', 1, 1457154993, 2),
(33, 18, 0, 0, 0, 0, 0, 0, '', 1, 1457155333, 2),
(34, 5, 0, 0, 0, 0, 0, 0, '', 1, 1457155344, 2),
(35, 37, 2, 5, 16, 0, 0, 0, '', 1, 1457155447, 2),
(36, 16, 0, 0, 0, 0, 0, 0, '', 1, 1457235229, 2),
(37, 19, 1, 0, 0, 0, 0, 0, '', 1, 1458448023, 2),
(38, 62, 0, 0, 0, 0, 0, 0, '', 1, 1459658804, 2),
(39, 65, 0, 0, 0, 0, 0, 0, '', 1, 1459673778, 2);

-- --------------------------------------------------------

--
-- Table structure for table `ems_system_assigned_group`
--

CREATE TABLE IF NOT EXISTS `ems_system_assigned_group` (
  `id` int(11) NOT NULL,
  `user_id` int(11) NOT NULL,
  `user_group` int(11) NOT NULL,
  `revision` int(4) NOT NULL DEFAULT '1',
  `date_created` int(11) NOT NULL DEFAULT '0',
  `user_created` int(11) NOT NULL DEFAULT '0'
) ENGINE=InnoDB AUTO_INCREMENT=44 DEFAULT CHARSET=utf8;

--
-- Dumping data for table `ems_system_assigned_group`
--

INSERT INTO `ems_system_assigned_group` (`id`, `user_id`, `user_group`, `revision`, `date_created`, `user_created`) VALUES
(1, 1, 1, 1, 0, 0),
(2, 2, 2, 1, 1456113490, 2),
(3, 18, 7, 1, 1456977403, 2),
(4, 5, 2, 1, 1456977428, 2),
(5, 21, 3, 1, 1456979452, 2),
(6, 22, 4, 1, 1456979468, 2),
(7, 25, 6, 1, 1456979494, 2),
(8, 27, 6, 1, 1456979503, 2),
(9, 28, 6, 1, 1456979516, 2),
(10, 29, 6, 1, 1456979529, 2),
(11, 30, 6, 1, 1456979543, 2),
(12, 31, 6, 1, 1456979554, 2),
(13, 32, 6, 1, 1456979564, 2),
(14, 33, 6, 1, 1456979588, 2),
(15, 34, 6, 1, 1456979604, 2),
(16, 35, 6, 1, 1456980342, 2),
(17, 19, 4, 1, 1456980489, 2),
(18, 64, 8, 1, 1456980507, 2),
(19, 23, 4, 1, 1456980563, 2),
(20, 24, 5, 1, 1456980583, 2),
(21, 46, 5, 1, 1456980613, 2),
(22, 26, 5, 1, 1456980633, 2),
(23, 36, 6, 1, 1456980716, 2),
(24, 37, 6, 1, 1456980730, 2),
(25, 38, 6, 1, 1456980752, 2),
(26, 39, 6, 1, 1456980789, 2),
(27, 40, 6, 1, 1456981632, 2),
(28, 41, 6, 1, 1456981645, 2),
(29, 42, 6, 1, 1456981659, 2),
(30, 43, 6, 1, 1456981669, 2),
(31, 44, 6, 1, 1456981680, 2),
(32, 45, 6, 1, 1456981691, 2),
(33, 47, 6, 1, 1456981706, 2),
(34, 48, 6, 1, 1456982019, 2),
(35, 49, 6, 1, 1456982027, 2),
(36, 50, 6, 1, 1456982052, 2),
(37, 51, 6, 1, 1456982064, 2),
(38, 65, 11, 1, 1457928311, 2),
(39, 62, 9, 1, 1459658707, 2),
(40, 53, 12, 1, 1459931202, 2),
(41, 54, 12, 1, 1459931213, 2),
(42, 55, 12, 1, 1459931225, 2),
(43, 3, 13, 1, 1459931254, 2);

-- --------------------------------------------------------

--
-- Table structure for table `ems_system_task`
--

CREATE TABLE IF NOT EXISTS `ems_system_task` (
  `id` int(11) NOT NULL,
  `name` varchar(255) NOT NULL,
  `type` varchar(255) NOT NULL DEFAULT 'TASK',
  `parent` int(11) NOT NULL DEFAULT '0',
  `controller` varchar(500) NOT NULL,
  `ordering` smallint(6) NOT NULL DEFAULT '9999',
  `icon` varchar(255) NOT NULL DEFAULT 'menu.png',
  `status` varchar(11) NOT NULL DEFAULT 'Active',
  `date_created` int(11) NOT NULL DEFAULT '0',
  `user_created` int(11) NOT NULL DEFAULT '0',
  `date_updated` int(11) DEFAULT NULL,
  `user_updated` int(11) DEFAULT NULL
) ENGINE=InnoDB AUTO_INCREMENT=65 DEFAULT CHARSET=utf8;

--
-- Dumping data for table `ems_system_task`
--

INSERT INTO `ems_system_task` (`id`, `name`, `type`, `parent`, `controller`, `ordering`, `icon`, `status`, `date_created`, `user_created`, `date_updated`, `user_updated`) VALUES
(1, 'System Settings', 'MODULE', 0, '', 1, 'menu.png', 'Active', 1455625924, 1, 1455625924, 1),
(2, 'Module & Task', 'TASK', 1, 'Sys_module_task', 1, 'menu.png', 'Active', 1455625924, 1, 1455625924, 1),
(3, 'User Role', 'TASK', 1, 'Sys_user_role', 2, 'menu.png', 'Active', 1455625924, 1, 1455625924, 1),
(4, 'User Group', 'TASK', 1, 'Sys_user_group', 3, 'menu.png', 'Active', 1455625924, 1, 1455625924, 1),
(5, 'Setup', 'MODULE', 0, '', 2, 'menu.png', 'Active', 1455625924, 1, 1455625924, 1),
(6, 'Assign User To Group', 'TASK', 1, 'Sys_assign_user_group', 4, 'menu.png', 'Active', 1455778051, 1, NULL, NULL),
(7, 'Location Setup', 'MODULE', 5, '', 1, 'menu.png', 'Active', 1456130791, 1, NULL, NULL),
(8, 'Division', 'TASK', 7, 'Setup_location_division', 1, 'menu.png', 'Active', 1456130890, 1, NULL, NULL),
(9, 'Zone', 'TASK', 7, 'Setup_location_zone', 2, 'menu.png', 'Active', 1456130917, 1, NULL, NULL),
(10, 'Territory', 'TASK', 7, 'Setup_location_territory', 3, 'menu.png', 'Active', 1456130946, 1, NULL, NULL),
(11, 'District', 'TASK', 7, 'Setup_location_district', 4, 'menu.png', 'Active', 1456130981, 1, NULL, NULL),
(12, 'Upazilla', 'TASK', 7, 'Setup_location_upazilla', 5, 'menu.png', 'Active', 1456131008, 1, NULL, NULL),
(13, 'Union', 'TASK', 7, 'Setup_location_union', 6, 'menu.png', 'Active', 1456131036, 1, NULL, NULL),
(14, 'Crop Classification', 'MODULE', 5, '', 2, 'menu.png', 'Active', 1456131408, 1, NULL, NULL),
(15, 'Basic Setup', 'MODULE', 5, '', 3, 'menu.png', 'Active', 1456131435, 1, NULL, NULL),
(16, 'Crop', 'TASK', 14, 'Setup_cclassification_crop', 1, 'menu.png', 'Active', 1456131504, 1, NULL, NULL),
(17, 'Type', 'TASK', 14, 'Setup_cclassification_type', 2, 'menu.png', 'Active', 1456131532, 1, NULL, NULL),
(18, 'Variety', 'TASK', 14, 'Setup_cclassification_variety', 3, 'menu.png', 'Active', 1456131560, 1, 1456131571, 1),
(19, 'Warehouse', 'TASK', 15, 'Setup_bsetup_warehouse', 1, 'menu.png', 'Active', 1456131625, 1, NULL, NULL),
(20, 'Banks', 'TASK', 15, 'Setup_bsetup_bank', 4, 'menu.png', 'Active', 1456131692, 1, 1456924843, 1),
(21, 'Fiscal Year', 'TASK', 15, 'Setup_bbasic_fyear', 2, 'menu.png', 'Active', 1456132019, 1, 1456924735, 1),
(22, 'Competitor', 'TASK', 15, 'Setup_bsetup_competitor', 3, 'menu.png', 'Active', 1456132135, 1, 1456924747, 1),
(23, 'Customer Setup', 'MODULE', 5, '', 4, 'menu.png', 'Active', 1456132296, 1, NULL, NULL),
(24, 'Customer', 'TASK', 23, 'Setup_csetup_customer', 1, 'menu.png', 'Active', 1456132336, 1, 1456727233, 1),
(25, 'Other Customer', 'TASK', 23, 'Setup_csetup_ocustomer', 2, 'menu.png', 'Active', 1456132368, 1, NULL, NULL),
(26, 'Variety Pack SIze', 'TASK', 14, 'Setup_cclassification_vpack_size', 4, 'menu.png', 'Active', 1456545397, 1, NULL, NULL),
(27, 'Variety Pricing', 'TASK', 14, 'Setup_cclassification_vpricing', 5, 'menu.png', 'Active', 1456545441, 1, NULL, NULL),
(28, 'ARM Banks', 'TASK', 15, 'Setup_bsetup_arm_banks', 5, 'menu.png', 'Active', 1456545490, 1, 1456924803, 1),
(29, 'Stock In', 'MODULE', 46, '', 1, 'menu.png', 'Active', 1456545534, 1, 1458026108, 1),
(30, 'Variety Stock in', 'TASK', 29, 'Stockin_variety', 1, 'menu.png', 'Active', 1456545568, 1, NULL, NULL),
(31, 'Sales Return', 'TASK', 37, 'Sales_po_return', 5, 'menu.png', 'Active', 1456545601, 1, 1458221086, 1),
(32, 'Excess Inventory', 'TASK', 29, 'Stockin_excess', 3, 'menu.png', 'Active', 1456545634, 1, 1456713679, 1),
(33, 'Arm Bank Accounts', 'TASK', 15, 'Setup_bsetup_arm_bank_accounts', 6, 'menu.png', 'Active', 1456924913, 1, NULL, NULL),
(34, 'Assign User to Area', 'TASK', 1, 'Sys_assign_user_area', 5, 'menu.png', 'Active', 1456990473, 1, NULL, NULL),
(35, 'Payment', 'MODULE', 0, '', 4, 'menu.png', 'Active', 1457090340, 1, 1457090356, 1),
(36, 'Payment', 'TASK', 35, 'Payment_payment', 1, 'menu.png', 'Active', 1457090379, 1, NULL, NULL),
(37, 'Sales', 'MODULE', 0, '', 5, 'menu.png', 'Active', 1457090430, 1, NULL, NULL),
(38, 'PO', 'TASK', 37, 'Sales_po', 1, 'menu.png', 'Active', 1457090478, 1, NULL, NULL),
(39, 'PO Approve', 'TASK', 37, 'Sales_po_approve', 2, 'menu.png', 'Active', 1457090541, 1, NULL, NULL),
(40, 'PO Delivery', 'TASK', 37, 'Sales_po_delivery', 3, 'menu.png', 'Active', 1457090589, 1, NULL, NULL),
(41, 'Bonus Rule', 'TASK', 14, 'Setup_cclassification_bounsrule', 6, 'menu.png', 'Active', 1457422347, 1, NULL, NULL),
(42, 'Reports', 'MODULE', 0, '', 6, 'menu.png', 'Active', 1457972897, 1, 1458026454, 1),
(43, 'Stock Out', 'TASK', 46, 'Stockout', 2, 'menu.png', 'Active', 1457972949, 1, 1458026202, 1),
(44, 'PO Receive', 'TASK', 37, 'Sales_po_receive', 4, 'menu.png', 'Active', 1457973120, 1, 1458026315, 1),
(45, 'Stock Report', 'TASK', 42, 'Reports_stock', 2, 'menu.png', 'Active', 1457983030, 1, 1459662685, 1),
(46, 'Stock', 'MODULE', 0, '', 3, 'menu.png', 'Active', 1458026078, 1, NULL, NULL),
(47, 'Couriers', 'TASK', 15, 'Setup_bsetup_couriers', 7, 'menu.png', 'Active', 1458221290, 1, NULL, NULL),
(48, 'Customer List Report', 'TASK', 42, 'Reports_customer_list', 3, 'menu.png', 'Active', 1458503531, 1, 1459662695, 1),
(49, 'Sales Report', 'TASK', 42, 'Reports_sales', 1, 'menu.png', 'Active', 1458644821, 1, 1459662677, 1),
(50, 'Variety Color', 'TASK', 15, 'Setup_bsetup_vcolors', 8, 'menu.png', 'Active', 1458730921, 1, NULL, NULL),
(51, 'Assign Product to season', 'TASK', 14, 'Setup_cclassification_ctype_time', 7, 'menu.png', 'Active', 1459170445, 1, 1459170479, 1),
(52, 'Season wise Variety Report', 'TASK', 42, 'Reports_ctype_time', 4, 'menu.png', 'Active', 1459170542, 1, 1459170562, 1),
(53, 'Market Survey', 'MODULE', 0, '', 7, 'menu.png', 'Active', 1459703389, 1, NULL, NULL),
(54, 'Primary Market Survey', 'TASK', 53, 'Survey_primary_market', 1, 'menu.png', 'Active', 1459703524, 1, NULL, NULL),
(55, 'ZI Primary Market Survey', 'TASK', 53, 'Survey_primary_market_zi', 2, 'menu.png', 'Active', 1459703656, 1, NULL, NULL),
(56, 'ARM Variety Info', 'TASK', 53, 'Survey_product_arm', 3, 'menu.png', 'Active', 1459703696, 1, 1459921388, 1),
(57, 'Competitor Variety Info', 'TASK', 53, 'Survey_product_competitor', 4, 'menu.png', 'Active', 1459703755, 1, 1459921402, 1),
(58, 'Primary Market Survey Report', 'TASK', 42, 'Reports_primary_market_survey', 5, 'menu.png', 'Active', 1459703872, 1, 1459703924, 1),
(59, 'Market Survey Report', 'TASK', 42, 'Reports_market_survey', 6, 'menu.png', 'Active', 1459703911, 1, 1459703935, 1),
(60, 'Task Management', 'MODULE', 0, '', 8, 'menu.png', 'Active', 1459967331, 1, NULL, NULL),
(61, 'Farmer and Field Visit Setup', 'TASK', 60, 'Tm_farmer_visit_setup', 1, 'menu.png', 'Active', 1459967524, 1, NULL, NULL),
(62, 'Field Visit', 'TASK', 60, 'Tm_field_visit', 2, 'menu.png', 'Active', 1459967607, 1, NULL, NULL),
(63, 'Field Visit Feedback', 'TASK', 60, 'Tm_field_visit_feedback', 3, 'menu.png', 'Active', 1459967641, 1, NULL, NULL),
(64, 'Popular Variety', 'TASK', 60, 'Tm_popular_variety', 4, 'menu.png', 'Active', 1460064777, 1, 1460064798, 1);

-- --------------------------------------------------------

--
-- Table structure for table `ems_system_user_group`
--

CREATE TABLE IF NOT EXISTS `ems_system_user_group` (
  `id` int(11) NOT NULL,
  `name` varchar(255) NOT NULL,
  `status` varchar(11) NOT NULL DEFAULT 'Active',
  `ordering` tinyint(4) NOT NULL DEFAULT '99',
  `date_created` int(11) NOT NULL DEFAULT '0',
  `user_created` int(11) NOT NULL DEFAULT '0',
  `date_updated` int(11) DEFAULT NULL,
  `user_updated` int(11) DEFAULT NULL
) ENGINE=InnoDB AUTO_INCREMENT=14 DEFAULT CHARSET=utf8;

--
-- Dumping data for table `ems_system_user_group`
--

INSERT INTO `ems_system_user_group` (`id`, `name`, `status`, `ordering`, `date_created`, `user_created`, `date_updated`, `user_updated`) VALUES
(1, 'Super Admin', 'Active', 1, 1455625924, 1, 1455625924, 1),
(2, 'Admin', 'Active', 2, 1455777728, 1, NULL, NULL),
(3, 'Head of Marketing ', 'Active', 4, 1456976482, 2, NULL, NULL),
(4, 'Division', 'Active', 5, 1456976524, 2, NULL, NULL),
(5, 'Zone', 'Active', 6, 1456976532, 2, NULL, NULL),
(6, 'Territory  ', 'Active', 7, 1456976580, 2, NULL, NULL),
(7, 'Managing Director', 'Active', 3, 1456977041, 2, 1456977054, 2),
(8, 'Warehouse', 'Active', 8, 1456977089, 2, NULL, NULL),
(9, 'Accounts ', 'Active', 10, 1456977115, 2, NULL, NULL),
(10, 'HR', 'Active', 11, 1456977169, 2, NULL, NULL),
(11, 'Delivery ', 'Active', 99, 1457928164, 2, NULL, NULL),
(12, 'PRI', 'Active', 99, 1459931161, 2, NULL, NULL),
(13, 'RND', 'Active', 99, 1459931174, 2, NULL, NULL);

-- --------------------------------------------------------

--
-- Table structure for table `ems_system_user_group_role`
--

CREATE TABLE IF NOT EXISTS `ems_system_user_group_role` (
  `id` int(11) NOT NULL,
  `user_group_id` int(11) NOT NULL,
  `task_id` int(11) NOT NULL,
  `view` tinyint(2) NOT NULL DEFAULT '0',
  `add` tinyint(2) NOT NULL DEFAULT '0',
  `edit` tinyint(2) NOT NULL DEFAULT '0',
  `delete` tinyint(2) NOT NULL DEFAULT '0',
  `print` tinyint(2) NOT NULL DEFAULT '0',
  `download` tinyint(2) NOT NULL DEFAULT '0',
  `column_headers` tinyint(2) NOT NULL DEFAULT '0',
  `revision` int(11) NOT NULL DEFAULT '1',
  `date_created` int(11) NOT NULL DEFAULT '0',
  `user_created` int(11) NOT NULL DEFAULT '0'
) ENGINE=InnoDB AUTO_INCREMENT=579 DEFAULT CHARSET=utf8;

--
-- Dumping data for table `ems_system_user_group_role`
--

INSERT INTO `ems_system_user_group_role` (`id`, `user_group_id`, `task_id`, `view`, `add`, `edit`, `delete`, `print`, `download`, `column_headers`, `revision`, `date_created`, `user_created`) VALUES
(1, 8, 40, 1, 0, 1, 0, 1, 1, 0, 2, 1457928274, 2),
(2, 11, 47, 1, 1, 0, 0, 0, 0, 0, 2, 1458446174, 2),
(3, 11, 40, 1, 0, 0, 0, 1, 1, 1, 2, 1458446174, 2),
(4, 1, 2, 1, 1, 1, 1, 0, 0, 0, 4, 1459170611, 1),
(5, 1, 3, 1, 1, 1, 1, 0, 0, 0, 4, 1459170611, 1),
(6, 1, 4, 1, 1, 1, 1, 0, 0, 0, 4, 1459170611, 1),
(7, 1, 6, 1, 1, 1, 1, 0, 0, 0, 4, 1459170611, 1),
(8, 1, 34, 1, 1, 1, 1, 0, 0, 0, 4, 1459170611, 1),
(9, 1, 8, 1, 1, 1, 1, 0, 0, 0, 4, 1459170611, 1),
(10, 1, 9, 1, 1, 1, 1, 0, 0, 0, 4, 1459170611, 1),
(11, 1, 10, 1, 1, 1, 1, 0, 0, 0, 4, 1459170611, 1),
(12, 1, 11, 1, 1, 1, 1, 0, 0, 0, 4, 1459170611, 1),
(13, 1, 12, 1, 1, 1, 1, 0, 0, 0, 4, 1459170611, 1),
(14, 1, 13, 1, 1, 1, 1, 0, 0, 0, 4, 1459170611, 1),
(15, 1, 16, 1, 1, 1, 1, 0, 0, 0, 4, 1459170611, 1),
(16, 1, 17, 1, 1, 1, 1, 0, 0, 0, 4, 1459170611, 1),
(17, 1, 18, 1, 1, 1, 1, 0, 0, 0, 4, 1459170611, 1),
(18, 1, 26, 1, 1, 1, 1, 0, 0, 0, 4, 1459170611, 1),
(19, 1, 27, 1, 1, 1, 1, 0, 0, 0, 4, 1459170611, 1),
(20, 1, 41, 1, 1, 1, 1, 0, 0, 0, 4, 1459170611, 1),
(21, 1, 51, 1, 1, 1, 1, 1, 1, 1, 4, 1459170611, 1),
(22, 1, 19, 1, 1, 1, 1, 0, 0, 0, 4, 1459170611, 1),
(23, 1, 21, 1, 1, 1, 1, 0, 0, 0, 4, 1459170611, 1),
(24, 1, 22, 1, 1, 1, 1, 0, 0, 0, 4, 1459170611, 1),
(25, 1, 20, 1, 1, 1, 1, 0, 0, 0, 4, 1459170611, 1),
(26, 1, 28, 1, 1, 1, 1, 0, 0, 0, 4, 1459170611, 1),
(27, 1, 33, 1, 1, 1, 1, 0, 0, 0, 4, 1459170611, 1),
(28, 1, 47, 1, 1, 1, 1, 1, 1, 1, 4, 1459170611, 1),
(29, 1, 50, 1, 1, 1, 1, 1, 1, 1, 4, 1459170611, 1),
(30, 1, 24, 1, 1, 1, 1, 0, 0, 0, 4, 1459170611, 1),
(31, 1, 25, 1, 1, 1, 1, 0, 0, 0, 4, 1459170611, 1),
(32, 1, 30, 1, 1, 1, 1, 0, 0, 0, 4, 1459170611, 1),
(33, 1, 32, 1, 1, 1, 1, 0, 0, 0, 4, 1459170611, 1),
(34, 1, 43, 1, 1, 1, 1, 1, 1, 1, 4, 1459170611, 1),
(35, 1, 36, 1, 1, 1, 1, 0, 0, 0, 4, 1459170611, 1),
(36, 1, 38, 1, 1, 1, 1, 1, 1, 1, 4, 1459170611, 1),
(37, 1, 39, 1, 1, 1, 1, 1, 1, 1, 4, 1459170611, 1),
(38, 1, 40, 1, 1, 1, 1, 1, 1, 1, 4, 1459170611, 1),
(39, 1, 44, 1, 1, 1, 1, 1, 1, 1, 4, 1459170611, 1),
(40, 1, 31, 1, 1, 1, 1, 0, 0, 0, 4, 1459170611, 1),
(41, 1, 45, 1, 1, 1, 1, 1, 1, 1, 4, 1459170611, 1),
(42, 1, 48, 1, 1, 1, 1, 1, 1, 1, 4, 1459170611, 1),
(43, 1, 49, 1, 1, 1, 1, 1, 1, 1, 4, 1459170611, 1),
(44, 1, 52, 1, 1, 1, 1, 1, 1, 1, 4, 1459170611, 1),
(45, 2, 3, 1, 1, 1, 1, 0, 0, 0, 6, 1459170634, 1),
(46, 2, 4, 1, 1, 1, 1, 0, 0, 0, 6, 1459170634, 1),
(47, 2, 6, 1, 1, 1, 1, 0, 0, 0, 6, 1459170634, 1),
(48, 2, 34, 1, 1, 1, 1, 0, 0, 0, 6, 1459170634, 1),
(49, 2, 8, 1, 1, 1, 1, 0, 0, 0, 6, 1459170634, 1),
(50, 2, 9, 1, 1, 1, 1, 0, 0, 0, 6, 1459170634, 1),
(51, 2, 10, 1, 1, 1, 1, 0, 0, 0, 6, 1459170634, 1),
(52, 2, 11, 1, 1, 1, 1, 0, 0, 0, 6, 1459170634, 1),
(53, 2, 12, 1, 1, 1, 1, 0, 0, 0, 6, 1459170634, 1),
(54, 2, 13, 1, 1, 1, 1, 0, 0, 0, 6, 1459170634, 1),
(55, 2, 16, 1, 1, 1, 1, 0, 0, 0, 6, 1459170634, 1),
(56, 2, 17, 1, 1, 1, 1, 0, 0, 0, 6, 1459170634, 1),
(57, 2, 18, 1, 1, 1, 1, 0, 0, 0, 6, 1459170634, 1),
(58, 2, 26, 1, 1, 1, 1, 0, 0, 0, 6, 1459170634, 1),
(59, 2, 27, 1, 1, 1, 1, 0, 0, 0, 6, 1459170634, 1),
(60, 2, 41, 1, 1, 1, 1, 0, 0, 0, 6, 1459170634, 1),
(61, 2, 51, 1, 1, 1, 1, 1, 1, 1, 6, 1459170634, 1),
(62, 2, 19, 1, 1, 1, 1, 0, 0, 0, 6, 1459170634, 1),
(63, 2, 21, 1, 1, 1, 1, 0, 0, 0, 6, 1459170634, 1),
(64, 2, 22, 1, 1, 1, 1, 0, 0, 0, 6, 1459170634, 1),
(65, 2, 20, 1, 1, 1, 1, 0, 0, 0, 6, 1459170634, 1),
(66, 2, 28, 1, 1, 1, 1, 0, 0, 0, 6, 1459170634, 1),
(67, 2, 33, 1, 1, 1, 1, 0, 0, 0, 6, 1459170634, 1),
(68, 2, 47, 1, 1, 1, 1, 1, 1, 1, 6, 1459170634, 1),
(69, 2, 50, 1, 1, 1, 1, 1, 1, 1, 6, 1459170634, 1),
(70, 2, 24, 1, 1, 1, 1, 0, 0, 0, 6, 1459170634, 1),
(71, 2, 25, 1, 1, 1, 1, 0, 0, 0, 6, 1459170634, 1),
(72, 2, 30, 1, 1, 1, 1, 0, 0, 0, 6, 1459170634, 1),
(73, 2, 32, 1, 1, 1, 1, 0, 0, 0, 6, 1459170634, 1),
(74, 2, 43, 1, 1, 1, 1, 1, 1, 1, 6, 1459170634, 1),
(75, 2, 36, 1, 1, 1, 1, 1, 1, 0, 6, 1459170634, 1),
(76, 2, 38, 1, 1, 1, 1, 1, 1, 1, 6, 1459170634, 1),
(77, 2, 39, 1, 1, 1, 1, 1, 1, 1, 6, 1459170634, 1),
(78, 2, 40, 1, 1, 1, 1, 1, 1, 1, 6, 1459170634, 1),
(79, 2, 44, 1, 1, 1, 1, 1, 1, 1, 6, 1459170634, 1),
(80, 2, 31, 1, 1, 1, 1, 0, 0, 0, 6, 1459170634, 1),
(81, 2, 45, 1, 1, 1, 1, 1, 1, 1, 6, 1459170634, 1),
(82, 2, 48, 1, 1, 1, 1, 1, 1, 1, 6, 1459170634, 1),
(83, 2, 49, 1, 1, 1, 1, 1, 1, 1, 6, 1459170634, 1),
(84, 2, 52, 1, 1, 1, 1, 1, 1, 1, 6, 1459170634, 1),
(85, 3, 36, 1, 1, 1, 0, 1, 0, 0, 3, 1459223884, 2),
(86, 3, 39, 1, 1, 1, 0, 1, 0, 0, 3, 1459223884, 2),
(87, 3, 45, 1, 1, 1, 1, 1, 1, 1, 3, 1459223884, 2),
(88, 3, 48, 1, 1, 1, 1, 1, 1, 1, 3, 1459223884, 2),
(89, 3, 49, 1, 1, 1, 1, 1, 1, 1, 3, 1459223884, 2),
(90, 3, 52, 1, 1, 1, 1, 1, 1, 1, 3, 1459223884, 2),
(91, 4, 36, 1, 1, 0, 0, 1, 0, 0, 4, 1459223981, 2),
(92, 4, 38, 1, 1, 1, 0, 1, 0, 0, 4, 1459223981, 2),
(93, 4, 39, 1, 1, 1, 0, 1, 0, 0, 4, 1459223981, 2),
(94, 4, 45, 1, 1, 1, 1, 1, 1, 1, 4, 1459223981, 2),
(95, 4, 48, 1, 1, 1, 1, 1, 1, 1, 4, 1459223981, 2),
(96, 4, 49, 1, 1, 1, 1, 1, 1, 1, 4, 1459223981, 2),
(97, 4, 52, 1, 1, 1, 1, 1, 1, 1, 4, 1459223981, 2),
(98, 6, 51, 1, 1, 1, 1, 1, 1, 1, 2, 1459224160, 2),
(99, 6, 38, 1, 1, 1, 0, 1, 0, 0, 2, 1459224160, 2),
(100, 6, 44, 1, 1, 1, 0, 1, 0, 0, 2, 1459224160, 2),
(101, 6, 48, 1, 1, 1, 1, 1, 1, 1, 2, 1459224160, 2),
(102, 6, 49, 1, 1, 1, 1, 1, 1, 1, 2, 1459224160, 2),
(103, 6, 52, 1, 1, 1, 1, 1, 1, 1, 2, 1459224160, 2),
(104, 7, 36, 1, 0, 0, 0, 1, 0, 0, 2, 1459233539, 2),
(105, 7, 38, 1, 0, 0, 0, 1, 0, 0, 2, 1459233539, 2),
(106, 7, 39, 1, 0, 0, 0, 1, 0, 0, 2, 1459233539, 2),
(107, 7, 40, 1, 0, 0, 0, 1, 0, 0, 2, 1459233539, 2),
(108, 7, 45, 1, 1, 1, 1, 1, 1, 1, 2, 1459233539, 2),
(109, 7, 48, 1, 1, 1, 1, 1, 1, 1, 2, 1459233539, 2),
(110, 7, 49, 1, 1, 1, 1, 1, 1, 1, 2, 1459233539, 2),
(111, 7, 52, 1, 1, 1, 1, 1, 1, 0, 2, 1459233539, 2),
(112, 5, 51, 1, 1, 1, 1, 1, 1, 1, 3, 1459309306, 2),
(113, 5, 36, 1, 1, 0, 0, 1, 0, 0, 3, 1459309306, 2),
(114, 5, 38, 1, 1, 1, 0, 1, 0, 0, 3, 1459309306, 2),
(115, 5, 44, 1, 1, 1, 1, 1, 1, 1, 3, 1459309306, 2),
(116, 5, 48, 1, 1, 1, 1, 1, 1, 1, 3, 1459309306, 2),
(117, 5, 49, 1, 1, 1, 1, 1, 1, 1, 3, 1459309306, 2),
(118, 5, 52, 1, 1, 1, 1, 1, 1, 1, 3, 1459309306, 2),
(119, 4, 36, 1, 1, 0, 0, 1, 0, 0, 3, 1459654139, 2),
(120, 4, 38, 1, 1, 1, 0, 1, 0, 0, 3, 1459654139, 2),
(121, 4, 39, 1, 1, 1, 0, 1, 0, 0, 3, 1459654139, 2),
(122, 4, 48, 1, 1, 1, 1, 1, 1, 1, 3, 1459654139, 2),
(123, 4, 49, 1, 1, 1, 1, 1, 1, 1, 3, 1459654139, 2),
(124, 4, 52, 1, 1, 1, 1, 1, 1, 1, 3, 1459654139, 2),
(125, 3, 36, 1, 1, 1, 0, 1, 0, 0, 2, 1459654310, 2),
(126, 3, 39, 1, 1, 1, 0, 1, 0, 0, 2, 1459654310, 2),
(127, 3, 45, 1, 1, 1, 1, 1, 1, 1, 2, 1459654310, 2),
(128, 3, 48, 1, 1, 1, 1, 1, 1, 1, 2, 1459654310, 2),
(129, 3, 49, 1, 1, 1, 1, 1, 1, 1, 2, 1459654310, 2),
(130, 3, 52, 1, 1, 1, 1, 1, 1, 1, 2, 1459654310, 2),
(131, 4, 36, 1, 1, 0, 0, 1, 0, 0, 2, 1459654333, 2),
(132, 4, 38, 1, 1, 1, 0, 1, 0, 0, 2, 1459654333, 2),
(133, 4, 39, 1, 1, 1, 0, 1, 0, 0, 2, 1459654333, 2),
(134, 4, 45, 1, 1, 1, 1, 1, 1, 1, 2, 1459654333, 2),
(135, 4, 48, 1, 1, 1, 1, 1, 1, 1, 2, 1459654333, 2),
(136, 4, 49, 1, 1, 1, 1, 1, 1, 1, 2, 1459654333, 2),
(137, 4, 52, 1, 1, 1, 1, 1, 1, 1, 2, 1459654333, 2),
(138, 9, 45, 1, 1, 1, 1, 1, 1, 1, 1, 1459658634, 2),
(139, 9, 49, 1, 1, 1, 1, 1, 1, 1, 1, 1459658634, 2),
(140, 11, 47, 1, 1, 0, 0, 0, 0, 0, 1, 1459673735, 2),
(141, 11, 40, 1, 0, 0, 0, 1, 1, 1, 1, 1459673735, 2),
(142, 11, 49, 1, 1, 1, 1, 1, 1, 1, 1, 1459673735, 2),
(143, 11, 45, 1, 1, 1, 1, 1, 1, 1, 1, 1459673735, 2),
(144, 1, 2, 1, 1, 1, 1, 0, 0, 0, 3, 1459703979, 1),
(145, 1, 3, 1, 1, 1, 1, 0, 0, 0, 3, 1459703979, 1),
(146, 1, 4, 1, 1, 1, 1, 0, 0, 0, 3, 1459703979, 1),
(147, 1, 6, 1, 1, 1, 1, 0, 0, 0, 3, 1459703979, 1),
(148, 1, 34, 1, 1, 1, 1, 0, 0, 0, 3, 1459703979, 1),
(149, 1, 8, 1, 1, 1, 1, 0, 0, 0, 3, 1459703979, 1),
(150, 1, 9, 1, 1, 1, 1, 0, 0, 0, 3, 1459703979, 1),
(151, 1, 10, 1, 1, 1, 1, 0, 0, 0, 3, 1459703979, 1),
(152, 1, 11, 1, 1, 1, 1, 0, 0, 0, 3, 1459703979, 1),
(153, 1, 12, 1, 1, 1, 1, 0, 0, 0, 3, 1459703979, 1),
(154, 1, 13, 1, 1, 1, 1, 0, 0, 0, 3, 1459703979, 1),
(155, 1, 16, 1, 1, 1, 1, 0, 0, 0, 3, 1459703979, 1),
(156, 1, 17, 1, 1, 1, 1, 0, 0, 0, 3, 1459703979, 1),
(157, 1, 18, 1, 1, 1, 1, 0, 0, 0, 3, 1459703979, 1),
(158, 1, 26, 1, 1, 1, 1, 0, 0, 0, 3, 1459703979, 1),
(159, 1, 27, 1, 1, 1, 1, 0, 0, 0, 3, 1459703979, 1),
(160, 1, 41, 1, 1, 1, 1, 0, 0, 0, 3, 1459703979, 1),
(161, 1, 51, 1, 1, 1, 1, 1, 1, 1, 3, 1459703979, 1),
(162, 1, 19, 1, 1, 1, 1, 0, 0, 0, 3, 1459703979, 1),
(163, 1, 21, 1, 1, 1, 1, 0, 0, 0, 3, 1459703979, 1),
(164, 1, 22, 1, 1, 1, 1, 0, 0, 0, 3, 1459703979, 1),
(165, 1, 20, 1, 1, 1, 1, 0, 0, 0, 3, 1459703979, 1),
(166, 1, 28, 1, 1, 1, 1, 0, 0, 0, 3, 1459703979, 1),
(167, 1, 33, 1, 1, 1, 1, 0, 0, 0, 3, 1459703979, 1),
(168, 1, 47, 1, 1, 1, 1, 1, 1, 1, 3, 1459703979, 1),
(169, 1, 50, 1, 1, 1, 1, 1, 1, 1, 3, 1459703979, 1),
(170, 1, 24, 1, 1, 1, 1, 0, 0, 0, 3, 1459703979, 1),
(171, 1, 25, 1, 1, 1, 1, 0, 0, 0, 3, 1459703979, 1),
(172, 1, 30, 1, 1, 1, 1, 0, 0, 0, 3, 1459703979, 1),
(173, 1, 32, 1, 1, 1, 1, 0, 0, 0, 3, 1459703979, 1),
(174, 1, 43, 1, 1, 1, 1, 1, 1, 1, 3, 1459703979, 1),
(175, 1, 36, 1, 1, 1, 1, 0, 0, 0, 3, 1459703979, 1),
(176, 1, 38, 1, 1, 1, 1, 1, 1, 1, 3, 1459703979, 1),
(177, 1, 39, 1, 1, 1, 1, 1, 1, 1, 3, 1459703979, 1),
(178, 1, 40, 1, 1, 1, 1, 1, 1, 1, 3, 1459703979, 1),
(179, 1, 44, 1, 1, 1, 1, 1, 1, 1, 3, 1459703979, 1),
(180, 1, 31, 1, 1, 1, 1, 0, 0, 0, 3, 1459703979, 1),
(181, 1, 49, 1, 1, 1, 1, 1, 1, 1, 3, 1459703979, 1),
(182, 1, 45, 1, 1, 1, 1, 1, 1, 1, 3, 1459703979, 1),
(183, 1, 48, 1, 1, 1, 1, 1, 1, 1, 3, 1459703979, 1),
(184, 1, 52, 1, 1, 1, 1, 1, 1, 1, 3, 1459703979, 1),
(185, 1, 58, 1, 1, 1, 1, 1, 1, 1, 3, 1459703979, 1),
(186, 1, 59, 1, 1, 1, 1, 1, 1, 1, 3, 1459703979, 1),
(187, 1, 54, 1, 1, 1, 1, 1, 1, 1, 3, 1459703979, 1),
(188, 1, 55, 1, 1, 1, 1, 1, 1, 1, 3, 1459703979, 1),
(189, 1, 56, 1, 1, 1, 1, 1, 1, 1, 3, 1459703979, 1),
(190, 1, 57, 1, 1, 1, 1, 1, 1, 1, 3, 1459703979, 1),
(191, 2, 3, 1, 1, 1, 1, 0, 0, 0, 5, 1459703998, 1),
(192, 2, 4, 1, 1, 1, 1, 0, 0, 0, 5, 1459703998, 1),
(193, 2, 6, 1, 1, 1, 1, 0, 0, 0, 5, 1459703998, 1),
(194, 2, 34, 1, 1, 1, 1, 0, 0, 0, 5, 1459703998, 1),
(195, 2, 8, 1, 1, 1, 1, 0, 0, 0, 5, 1459703998, 1),
(196, 2, 9, 1, 1, 1, 1, 0, 0, 0, 5, 1459703998, 1),
(197, 2, 10, 1, 1, 1, 1, 0, 0, 0, 5, 1459703998, 1),
(198, 2, 11, 1, 1, 1, 1, 0, 0, 0, 5, 1459703998, 1),
(199, 2, 12, 1, 1, 1, 1, 0, 0, 0, 5, 1459703998, 1),
(200, 2, 13, 1, 1, 1, 1, 0, 0, 0, 5, 1459703998, 1),
(201, 2, 16, 1, 1, 1, 1, 0, 0, 0, 5, 1459703998, 1),
(202, 2, 17, 1, 1, 1, 1, 0, 0, 0, 5, 1459703998, 1),
(203, 2, 18, 1, 1, 1, 1, 0, 0, 0, 5, 1459703998, 1),
(204, 2, 26, 1, 1, 1, 1, 0, 0, 0, 5, 1459703998, 1),
(205, 2, 27, 1, 1, 1, 1, 0, 0, 0, 5, 1459703998, 1),
(206, 2, 41, 1, 1, 1, 1, 0, 0, 0, 5, 1459703998, 1),
(207, 2, 51, 1, 1, 1, 1, 1, 1, 1, 5, 1459703998, 1),
(208, 2, 19, 1, 1, 1, 1, 0, 0, 0, 5, 1459703998, 1),
(209, 2, 21, 1, 1, 1, 1, 0, 0, 0, 5, 1459703998, 1),
(210, 2, 22, 1, 1, 1, 1, 0, 0, 0, 5, 1459703998, 1),
(211, 2, 20, 1, 1, 1, 1, 0, 0, 0, 5, 1459703998, 1),
(212, 2, 28, 1, 1, 1, 1, 0, 0, 0, 5, 1459703998, 1),
(213, 2, 33, 1, 1, 1, 1, 0, 0, 0, 5, 1459703998, 1),
(214, 2, 47, 1, 1, 1, 1, 1, 1, 1, 5, 1459703998, 1),
(215, 2, 50, 1, 1, 1, 1, 1, 1, 1, 5, 1459703998, 1),
(216, 2, 24, 1, 1, 1, 1, 0, 0, 0, 5, 1459703998, 1),
(217, 2, 25, 1, 1, 1, 1, 0, 0, 0, 5, 1459703998, 1),
(218, 2, 30, 1, 1, 1, 1, 0, 0, 0, 5, 1459703998, 1),
(219, 2, 32, 1, 1, 1, 1, 0, 0, 0, 5, 1459703998, 1),
(220, 2, 43, 1, 1, 1, 1, 1, 1, 1, 5, 1459703998, 1),
(221, 2, 36, 1, 1, 1, 1, 1, 1, 0, 5, 1459703998, 1),
(222, 2, 38, 1, 1, 1, 1, 1, 1, 1, 5, 1459703998, 1),
(223, 2, 39, 1, 1, 1, 1, 1, 1, 1, 5, 1459703998, 1),
(224, 2, 40, 1, 1, 1, 1, 1, 1, 1, 5, 1459703998, 1),
(225, 2, 44, 1, 1, 1, 1, 1, 1, 1, 5, 1459703998, 1),
(226, 2, 31, 1, 1, 1, 1, 0, 0, 0, 5, 1459703998, 1),
(227, 2, 49, 1, 1, 1, 1, 1, 1, 1, 5, 1459703998, 1),
(228, 2, 45, 1, 1, 1, 1, 1, 1, 1, 5, 1459703998, 1),
(229, 2, 48, 1, 1, 1, 1, 1, 1, 1, 5, 1459703998, 1),
(230, 2, 52, 1, 1, 1, 1, 1, 1, 1, 5, 1459703998, 1),
(231, 2, 58, 1, 1, 1, 1, 1, 1, 1, 5, 1459703998, 1),
(232, 2, 59, 1, 1, 1, 1, 1, 1, 1, 5, 1459703998, 1),
(233, 2, 54, 1, 1, 1, 1, 1, 1, 1, 5, 1459703998, 1),
(234, 2, 55, 1, 1, 1, 1, 1, 1, 1, 5, 1459703998, 1),
(235, 2, 56, 1, 1, 1, 1, 1, 1, 1, 5, 1459703998, 1),
(236, 2, 57, 1, 1, 1, 1, 1, 1, 1, 5, 1459703998, 1),
(237, 2, 2, 1, 0, 0, 0, 1, 1, 1, 4, 1459734816, 2),
(238, 2, 3, 1, 1, 1, 1, 1, 1, 1, 4, 1459734816, 2),
(239, 2, 4, 1, 1, 1, 1, 1, 1, 1, 4, 1459734816, 2),
(240, 2, 6, 1, 1, 1, 1, 1, 1, 1, 4, 1459734816, 2),
(241, 2, 34, 1, 1, 1, 1, 1, 1, 1, 4, 1459734816, 2),
(242, 2, 8, 1, 1, 1, 1, 1, 1, 1, 4, 1459734816, 2),
(243, 2, 9, 1, 1, 1, 1, 1, 1, 1, 4, 1459734816, 2),
(244, 2, 10, 1, 1, 1, 1, 1, 1, 1, 4, 1459734816, 2),
(245, 2, 11, 1, 1, 1, 1, 1, 1, 1, 4, 1459734816, 2),
(246, 2, 12, 1, 1, 1, 1, 1, 1, 1, 4, 1459734816, 2),
(247, 2, 13, 1, 1, 1, 1, 1, 1, 1, 4, 1459734816, 2),
(248, 2, 16, 1, 1, 1, 1, 1, 1, 1, 4, 1459734816, 2),
(249, 2, 17, 1, 1, 1, 1, 1, 1, 1, 4, 1459734816, 2),
(250, 2, 18, 1, 1, 1, 1, 1, 1, 1, 4, 1459734816, 2),
(251, 2, 26, 1, 1, 1, 1, 1, 1, 1, 4, 1459734816, 2),
(252, 2, 27, 1, 1, 1, 1, 1, 1, 1, 4, 1459734816, 2),
(253, 2, 41, 1, 1, 1, 1, 1, 1, 1, 4, 1459734816, 2),
(254, 2, 51, 1, 1, 1, 1, 1, 1, 1, 4, 1459734816, 2),
(255, 2, 19, 1, 1, 1, 1, 1, 1, 1, 4, 1459734816, 2),
(256, 2, 21, 1, 1, 1, 1, 1, 1, 1, 4, 1459734816, 2),
(257, 2, 22, 1, 1, 1, 1, 1, 1, 1, 4, 1459734816, 2),
(258, 2, 20, 1, 1, 1, 1, 1, 1, 1, 4, 1459734816, 2),
(259, 2, 28, 1, 1, 1, 1, 1, 1, 1, 4, 1459734816, 2),
(260, 2, 33, 1, 1, 1, 1, 1, 1, 1, 4, 1459734816, 2),
(261, 2, 47, 1, 1, 1, 1, 1, 1, 1, 4, 1459734816, 2),
(262, 2, 50, 1, 1, 1, 1, 1, 1, 1, 4, 1459734816, 2),
(263, 2, 24, 1, 1, 1, 1, 1, 1, 1, 4, 1459734816, 2),
(264, 2, 25, 1, 1, 1, 1, 1, 1, 1, 4, 1459734816, 2),
(265, 2, 30, 1, 1, 1, 1, 1, 1, 1, 4, 1459734816, 2),
(266, 2, 32, 1, 1, 1, 1, 1, 1, 1, 4, 1459734816, 2),
(267, 2, 43, 1, 1, 1, 1, 1, 1, 1, 4, 1459734816, 2),
(268, 2, 36, 1, 1, 1, 1, 1, 1, 1, 4, 1459734816, 2),
(269, 2, 38, 1, 1, 1, 1, 1, 1, 1, 4, 1459734816, 2),
(270, 2, 39, 1, 1, 1, 1, 1, 1, 1, 4, 1459734816, 2),
(271, 2, 40, 1, 1, 1, 1, 1, 1, 1, 4, 1459734816, 2),
(272, 2, 44, 1, 1, 1, 1, 1, 1, 1, 4, 1459734816, 2),
(273, 2, 31, 1, 1, 1, 1, 1, 1, 1, 4, 1459734816, 2),
(274, 2, 49, 1, 1, 1, 1, 1, 1, 1, 4, 1459734816, 2),
(275, 2, 45, 1, 1, 1, 1, 1, 1, 1, 4, 1459734816, 2),
(276, 2, 48, 1, 1, 1, 1, 1, 1, 1, 4, 1459734816, 2),
(277, 2, 52, 1, 1, 1, 1, 1, 1, 1, 4, 1459734816, 2),
(278, 2, 58, 1, 1, 1, 1, 1, 1, 1, 4, 1459734816, 2),
(279, 2, 59, 1, 1, 1, 1, 1, 1, 1, 4, 1459734816, 2),
(280, 2, 54, 1, 1, 1, 1, 1, 1, 1, 4, 1459734816, 2),
(281, 2, 55, 1, 1, 1, 1, 1, 1, 1, 4, 1459734816, 2),
(282, 2, 56, 1, 1, 1, 1, 1, 1, 1, 4, 1459734816, 2),
(283, 2, 57, 1, 1, 1, 1, 1, 1, 1, 4, 1459734816, 2),
(284, 3, 36, 1, 1, 1, 0, 1, 0, 0, 1, 1459735325, 2),
(285, 3, 39, 1, 1, 1, 0, 1, 0, 0, 1, 1459735325, 2),
(286, 3, 49, 1, 1, 1, 1, 1, 1, 1, 1, 1459735325, 2),
(287, 3, 45, 1, 1, 1, 1, 1, 1, 1, 1, 1459735325, 2),
(288, 3, 48, 1, 1, 1, 1, 1, 1, 1, 1, 1459735325, 2),
(289, 3, 52, 1, 1, 1, 1, 1, 1, 1, 1, 1459735325, 2),
(290, 8, 47, 1, 1, 0, 0, 0, 1, 0, 1, 1459747926, 2),
(291, 8, 40, 1, 0, 1, 0, 1, 1, 0, 1, 1459747926, 2),
(292, 7, 49, 1, 1, 1, 1, 1, 0, 1, 1, 1459913487, 2),
(293, 7, 45, 1, 1, 1, 1, 1, 0, 1, 1, 1459913487, 2),
(294, 7, 48, 1, 1, 1, 1, 1, 0, 0, 1, 1459913487, 2),
(295, 7, 52, 1, 1, 1, 1, 1, 0, 0, 1, 1459913487, 2),
(296, 7, 58, 1, 1, 1, 1, 1, 0, 0, 1, 1459913487, 2),
(297, 7, 59, 1, 1, 1, 1, 1, 0, 0, 1, 1459913487, 2),
(298, 2, 3, 1, 1, 1, 1, 1, 1, 1, 3, 1459920677, 2),
(299, 2, 4, 1, 1, 1, 1, 1, 1, 1, 3, 1459920677, 2),
(300, 2, 6, 1, 1, 1, 1, 1, 1, 1, 3, 1459920677, 2),
(301, 2, 34, 1, 1, 1, 1, 1, 1, 1, 3, 1459920677, 2),
(302, 2, 8, 1, 1, 1, 1, 1, 1, 1, 3, 1459920677, 2),
(303, 2, 9, 1, 1, 1, 1, 1, 1, 1, 3, 1459920677, 2),
(304, 2, 10, 1, 1, 1, 1, 1, 1, 1, 3, 1459920677, 2),
(305, 2, 11, 1, 1, 1, 1, 1, 1, 1, 3, 1459920677, 2),
(306, 2, 12, 1, 1, 1, 1, 1, 1, 1, 3, 1459920677, 2),
(307, 2, 13, 1, 1, 1, 1, 1, 1, 1, 3, 1459920677, 2),
(308, 2, 16, 1, 1, 1, 1, 1, 1, 1, 3, 1459920677, 2),
(309, 2, 17, 1, 1, 1, 1, 1, 1, 1, 3, 1459920677, 2),
(310, 2, 18, 1, 1, 1, 1, 1, 1, 1, 3, 1459920677, 2),
(311, 2, 26, 1, 1, 1, 1, 1, 1, 1, 3, 1459920677, 2),
(312, 2, 27, 1, 1, 1, 1, 1, 1, 1, 3, 1459920677, 2),
(313, 2, 41, 1, 1, 1, 1, 1, 1, 1, 3, 1459920677, 2),
(314, 2, 51, 1, 1, 1, 1, 1, 1, 1, 3, 1459920677, 2),
(315, 2, 19, 1, 1, 1, 1, 1, 1, 1, 3, 1459920677, 2),
(316, 2, 21, 1, 1, 1, 1, 1, 1, 1, 3, 1459920677, 2),
(317, 2, 22, 1, 1, 1, 1, 1, 1, 1, 3, 1459920677, 2),
(318, 2, 20, 1, 1, 1, 1, 1, 1, 1, 3, 1459920677, 2),
(319, 2, 28, 1, 1, 1, 1, 1, 1, 1, 3, 1459920677, 2),
(320, 2, 33, 1, 1, 1, 1, 1, 1, 1, 3, 1459920677, 2),
(321, 2, 47, 1, 1, 1, 1, 1, 1, 1, 3, 1459920677, 2),
(322, 2, 50, 1, 1, 1, 1, 1, 1, 1, 3, 1459920677, 2),
(323, 2, 24, 1, 1, 1, 1, 1, 1, 1, 3, 1459920677, 2),
(324, 2, 25, 1, 1, 1, 1, 1, 1, 1, 3, 1459920677, 2),
(325, 2, 30, 1, 1, 1, 1, 1, 1, 1, 3, 1459920677, 2),
(326, 2, 32, 1, 1, 1, 1, 1, 1, 1, 3, 1459920677, 2),
(327, 2, 43, 1, 1, 1, 1, 1, 1, 1, 3, 1459920677, 2),
(328, 2, 36, 1, 1, 1, 1, 1, 1, 1, 3, 1459920677, 2),
(329, 2, 38, 1, 1, 1, 1, 1, 1, 1, 3, 1459920677, 2),
(330, 2, 39, 1, 1, 1, 1, 1, 1, 1, 3, 1459920677, 2),
(331, 2, 40, 1, 1, 1, 1, 1, 1, 1, 3, 1459920677, 2),
(332, 2, 44, 1, 1, 1, 1, 1, 1, 1, 3, 1459920677, 2),
(333, 2, 31, 1, 1, 1, 1, 1, 1, 1, 3, 1459920677, 2),
(334, 2, 49, 1, 1, 1, 1, 1, 1, 1, 3, 1459920677, 2),
(335, 2, 45, 1, 1, 1, 1, 1, 1, 1, 3, 1459920677, 2),
(336, 2, 48, 1, 1, 1, 1, 1, 1, 1, 3, 1459920677, 2),
(337, 2, 52, 1, 1, 1, 1, 1, 1, 1, 3, 1459920677, 2),
(338, 2, 58, 1, 1, 1, 1, 1, 1, 1, 3, 1459920677, 2),
(339, 2, 59, 1, 1, 1, 1, 1, 1, 1, 3, 1459920677, 2),
(340, 2, 54, 1, 1, 1, 1, 1, 1, 1, 3, 1459920677, 2),
(341, 2, 55, 1, 1, 1, 1, 1, 1, 1, 3, 1459920677, 2),
(342, 2, 56, 1, 1, 1, 1, 1, 1, 1, 3, 1459920677, 2),
(343, 2, 57, 1, 1, 1, 1, 1, 1, 1, 3, 1459920677, 2),
(344, 4, 36, 1, 1, 0, 0, 1, 0, 0, 1, 1459930889, 2),
(345, 4, 38, 1, 1, 1, 0, 1, 0, 0, 1, 1459930889, 2),
(346, 4, 39, 1, 1, 1, 0, 1, 0, 0, 1, 1459930889, 2),
(347, 4, 49, 1, 1, 1, 1, 1, 1, 1, 1, 1459930889, 2),
(348, 4, 45, 1, 1, 1, 1, 1, 1, 1, 1, 1459930889, 2),
(349, 4, 48, 1, 1, 1, 1, 1, 1, 1, 1, 1459930889, 2),
(350, 4, 52, 1, 1, 1, 1, 1, 1, 1, 1, 1459930889, 2),
(351, 4, 57, 1, 1, 1, 1, 1, 1, 1, 1, 1459930889, 2),
(352, 5, 51, 1, 1, 1, 1, 1, 1, 1, 2, 1459930907, 2),
(353, 5, 36, 1, 1, 0, 0, 1, 0, 0, 2, 1459930907, 2),
(354, 5, 38, 1, 1, 1, 0, 1, 0, 0, 2, 1459930907, 2),
(355, 5, 44, 1, 1, 1, 1, 1, 1, 1, 2, 1459930907, 2),
(356, 5, 49, 1, 1, 1, 1, 1, 1, 1, 2, 1459930907, 2),
(357, 5, 48, 1, 1, 1, 1, 1, 1, 1, 2, 1459930907, 2),
(358, 5, 52, 1, 1, 1, 1, 1, 1, 1, 2, 1459930907, 2),
(359, 5, 55, 1, 1, 1, 1, 1, 1, 1, 2, 1459930907, 2),
(360, 6, 51, 1, 1, 1, 1, 1, 1, 1, 1, 1459930967, 2),
(361, 6, 38, 1, 1, 1, 0, 1, 0, 0, 1, 1459930967, 2),
(362, 6, 44, 1, 1, 1, 0, 1, 0, 0, 1, 1459930967, 2),
(363, 6, 49, 1, 1, 1, 1, 1, 1, 1, 1, 1459930967, 2),
(364, 6, 48, 1, 1, 1, 1, 1, 1, 1, 1, 1459930967, 2),
(365, 6, 52, 1, 1, 1, 1, 1, 1, 1, 1, 1459930967, 2),
(366, 6, 58, 1, 1, 1, 1, 1, 1, 1, 1, 1459930967, 2),
(367, 6, 54, 1, 1, 1, 0, 0, 0, 0, 1, 1459930967, 2),
(368, 5, 51, 1, 1, 1, 1, 1, 1, 1, 1, 1459931005, 2),
(369, 5, 36, 1, 1, 0, 0, 1, 0, 0, 1, 1459931005, 2),
(370, 5, 38, 1, 1, 1, 0, 1, 0, 0, 1, 1459931005, 2),
(371, 5, 44, 1, 1, 1, 1, 1, 1, 1, 1, 1459931005, 2),
(372, 5, 49, 1, 1, 1, 1, 1, 1, 1, 1, 1459931005, 2),
(373, 5, 48, 1, 1, 1, 1, 1, 1, 1, 1, 1459931005, 2),
(374, 5, 52, 1, 1, 1, 1, 1, 1, 1, 1, 1459931005, 2),
(375, 5, 58, 1, 1, 1, 0, 0, 0, 0, 1, 1459931005, 2),
(376, 5, 55, 1, 1, 1, 0, 0, 0, 0, 1, 1459931005, 2),
(377, 12, 56, 1, 1, 1, 1, 1, 1, 1, 1, 1459931331, 2),
(378, 13, 56, 1, 1, 1, 1, 1, 1, 1, 1, 1459933568, 2),
(379, 1, 2, 1, 1, 1, 1, 0, 0, 0, 2, 1459967707, 1),
(380, 1, 3, 1, 1, 1, 1, 0, 0, 0, 2, 1459967707, 1),
(381, 1, 4, 1, 1, 1, 1, 0, 0, 0, 2, 1459967707, 1),
(382, 1, 6, 1, 1, 1, 1, 0, 0, 0, 2, 1459967707, 1),
(383, 1, 34, 1, 1, 1, 1, 0, 0, 0, 2, 1459967707, 1),
(384, 1, 8, 1, 1, 1, 1, 0, 0, 0, 2, 1459967707, 1),
(385, 1, 9, 1, 1, 1, 1, 0, 0, 0, 2, 1459967707, 1),
(386, 1, 10, 1, 1, 1, 1, 0, 0, 0, 2, 1459967707, 1),
(387, 1, 11, 1, 1, 1, 1, 0, 0, 0, 2, 1459967707, 1),
(388, 1, 12, 1, 1, 1, 1, 0, 0, 0, 2, 1459967707, 1),
(389, 1, 13, 1, 1, 1, 1, 0, 0, 0, 2, 1459967707, 1),
(390, 1, 16, 1, 1, 1, 1, 0, 0, 0, 2, 1459967707, 1),
(391, 1, 17, 1, 1, 1, 1, 0, 0, 0, 2, 1459967707, 1),
(392, 1, 18, 1, 1, 1, 1, 0, 0, 0, 2, 1459967707, 1),
(393, 1, 26, 1, 1, 1, 1, 0, 0, 0, 2, 1459967707, 1),
(394, 1, 27, 1, 1, 1, 1, 0, 0, 0, 2, 1459967707, 1),
(395, 1, 41, 1, 1, 1, 1, 0, 0, 0, 2, 1459967707, 1),
(396, 1, 51, 1, 1, 1, 1, 1, 1, 1, 2, 1459967707, 1),
(397, 1, 19, 1, 1, 1, 1, 0, 0, 0, 2, 1459967707, 1),
(398, 1, 21, 1, 1, 1, 1, 0, 0, 0, 2, 1459967707, 1),
(399, 1, 22, 1, 1, 1, 1, 0, 0, 0, 2, 1459967707, 1),
(400, 1, 20, 1, 1, 1, 1, 0, 0, 0, 2, 1459967707, 1),
(401, 1, 28, 1, 1, 1, 1, 0, 0, 0, 2, 1459967707, 1),
(402, 1, 33, 1, 1, 1, 1, 0, 0, 0, 2, 1459967707, 1),
(403, 1, 47, 1, 1, 1, 1, 1, 1, 1, 2, 1459967707, 1),
(404, 1, 50, 1, 1, 1, 1, 1, 1, 1, 2, 1459967707, 1),
(405, 1, 24, 1, 1, 1, 1, 0, 0, 0, 2, 1459967707, 1),
(406, 1, 25, 1, 1, 1, 1, 0, 0, 0, 2, 1459967707, 1),
(407, 1, 30, 1, 1, 1, 1, 0, 0, 0, 2, 1459967707, 1),
(408, 1, 32, 1, 1, 1, 1, 0, 0, 0, 2, 1459967707, 1),
(409, 1, 43, 1, 1, 1, 1, 1, 1, 1, 2, 1459967707, 1),
(410, 1, 36, 1, 1, 1, 1, 0, 0, 0, 2, 1459967707, 1),
(411, 1, 38, 1, 1, 1, 1, 1, 1, 1, 2, 1459967707, 1),
(412, 1, 39, 1, 1, 1, 1, 1, 1, 1, 2, 1459967707, 1),
(413, 1, 40, 1, 1, 1, 1, 1, 1, 1, 2, 1459967707, 1),
(414, 1, 44, 1, 1, 1, 1, 1, 1, 1, 2, 1459967707, 1),
(415, 1, 31, 1, 1, 1, 1, 0, 0, 0, 2, 1459967707, 1),
(416, 1, 49, 1, 1, 1, 1, 1, 1, 1, 2, 1459967707, 1),
(417, 1, 45, 1, 1, 1, 1, 1, 1, 1, 2, 1459967707, 1),
(418, 1, 48, 1, 1, 1, 1, 1, 1, 1, 2, 1459967707, 1),
(419, 1, 52, 1, 1, 1, 1, 1, 1, 1, 2, 1459967707, 1),
(420, 1, 58, 1, 1, 1, 1, 1, 1, 1, 2, 1459967707, 1),
(421, 1, 59, 1, 1, 1, 1, 1, 1, 1, 2, 1459967707, 1),
(422, 1, 54, 1, 1, 1, 1, 1, 1, 1, 2, 1459967707, 1),
(423, 1, 55, 1, 1, 1, 1, 1, 1, 1, 2, 1459967707, 1),
(424, 1, 56, 1, 1, 1, 1, 1, 1, 1, 2, 1459967707, 1),
(425, 1, 57, 1, 1, 1, 1, 1, 1, 1, 2, 1459967707, 1),
(426, 1, 61, 1, 1, 1, 1, 1, 1, 1, 2, 1459967707, 1),
(427, 1, 62, 1, 1, 1, 1, 1, 1, 1, 2, 1459967707, 1),
(428, 1, 63, 1, 1, 1, 1, 1, 1, 1, 2, 1459967707, 1),
(429, 2, 3, 1, 1, 1, 1, 1, 1, 1, 2, 1459967727, 1),
(430, 2, 4, 1, 1, 1, 1, 1, 1, 1, 2, 1459967727, 1),
(431, 2, 6, 1, 1, 1, 1, 1, 1, 1, 2, 1459967727, 1),
(432, 2, 34, 1, 1, 1, 1, 1, 1, 1, 2, 1459967727, 1),
(433, 2, 8, 1, 1, 1, 1, 1, 1, 1, 2, 1459967727, 1),
(434, 2, 9, 1, 1, 1, 1, 1, 1, 1, 2, 1459967727, 1),
(435, 2, 10, 1, 1, 1, 1, 1, 1, 1, 2, 1459967727, 1),
(436, 2, 11, 1, 1, 1, 1, 1, 1, 1, 2, 1459967727, 1),
(437, 2, 12, 1, 1, 1, 1, 1, 1, 1, 2, 1459967727, 1),
(438, 2, 13, 1, 1, 1, 1, 1, 1, 1, 2, 1459967727, 1),
(439, 2, 16, 1, 1, 1, 1, 1, 1, 1, 2, 1459967727, 1),
(440, 2, 17, 1, 1, 1, 1, 1, 1, 1, 2, 1459967727, 1),
(441, 2, 18, 1, 1, 1, 1, 1, 1, 1, 2, 1459967727, 1),
(442, 2, 26, 1, 1, 1, 1, 1, 1, 1, 2, 1459967727, 1),
(443, 2, 27, 1, 1, 1, 1, 1, 1, 1, 2, 1459967727, 1),
(444, 2, 41, 1, 1, 1, 1, 1, 1, 1, 2, 1459967727, 1),
(445, 2, 51, 1, 1, 1, 1, 1, 1, 1, 2, 1459967727, 1),
(446, 2, 19, 1, 1, 1, 1, 1, 1, 1, 2, 1459967727, 1),
(447, 2, 21, 1, 1, 1, 1, 1, 1, 1, 2, 1459967727, 1),
(448, 2, 22, 1, 1, 1, 1, 1, 1, 1, 2, 1459967727, 1),
(449, 2, 20, 1, 1, 1, 1, 1, 1, 1, 2, 1459967727, 1),
(450, 2, 28, 1, 1, 1, 1, 1, 1, 1, 2, 1459967727, 1),
(451, 2, 33, 1, 1, 1, 1, 1, 1, 1, 2, 1459967727, 1),
(452, 2, 47, 1, 1, 1, 1, 1, 1, 1, 2, 1459967727, 1),
(453, 2, 50, 1, 1, 1, 1, 1, 1, 1, 2, 1459967727, 1),
(454, 2, 24, 1, 1, 1, 1, 1, 1, 1, 2, 1459967727, 1),
(455, 2, 25, 1, 1, 1, 1, 1, 1, 1, 2, 1459967727, 1),
(456, 2, 30, 1, 1, 1, 1, 1, 1, 1, 2, 1459967727, 1),
(457, 2, 32, 1, 1, 1, 1, 1, 1, 1, 2, 1459967727, 1),
(458, 2, 43, 1, 1, 1, 1, 1, 1, 1, 2, 1459967727, 1),
(459, 2, 36, 1, 1, 1, 1, 1, 1, 1, 2, 1459967727, 1),
(460, 2, 38, 1, 1, 1, 1, 1, 1, 1, 2, 1459967727, 1),
(461, 2, 39, 1, 1, 1, 1, 1, 1, 1, 2, 1459967727, 1),
(462, 2, 40, 1, 1, 1, 1, 1, 1, 1, 2, 1459967727, 1),
(463, 2, 44, 1, 1, 1, 1, 1, 1, 1, 2, 1459967727, 1),
(464, 2, 31, 1, 1, 1, 1, 1, 1, 1, 2, 1459967727, 1),
(465, 2, 49, 1, 1, 1, 1, 1, 1, 1, 2, 1459967727, 1),
(466, 2, 45, 1, 1, 1, 1, 1, 1, 1, 2, 1459967727, 1),
(467, 2, 48, 1, 1, 1, 1, 1, 1, 1, 2, 1459967727, 1),
(468, 2, 52, 1, 1, 1, 1, 1, 1, 1, 2, 1459967727, 1),
(469, 2, 58, 1, 1, 1, 1, 1, 1, 1, 2, 1459967727, 1),
(470, 2, 59, 1, 1, 1, 1, 1, 1, 1, 2, 1459967727, 1),
(471, 2, 54, 1, 1, 1, 1, 1, 1, 1, 2, 1459967727, 1),
(472, 2, 55, 1, 1, 1, 1, 1, 1, 1, 2, 1459967727, 1),
(473, 2, 56, 1, 1, 1, 1, 1, 1, 1, 2, 1459967727, 1),
(474, 2, 57, 1, 1, 1, 1, 1, 1, 1, 2, 1459967727, 1),
(475, 2, 61, 1, 1, 1, 1, 1, 1, 1, 2, 1459967727, 1),
(476, 2, 62, 1, 1, 1, 1, 1, 1, 1, 2, 1459967727, 1),
(477, 2, 63, 1, 1, 1, 1, 1, 1, 1, 2, 1459967727, 1),
(478, 1, 2, 1, 1, 1, 1, 0, 0, 0, 1, 1460064818, 1),
(479, 1, 3, 1, 1, 1, 1, 0, 0, 0, 1, 1460064818, 1),
(480, 1, 4, 1, 1, 1, 1, 0, 0, 0, 1, 1460064818, 1),
(481, 1, 6, 1, 1, 1, 1, 0, 0, 0, 1, 1460064818, 1),
(482, 1, 34, 1, 1, 1, 1, 0, 0, 0, 1, 1460064818, 1),
(483, 1, 8, 1, 1, 1, 1, 0, 0, 0, 1, 1460064818, 1),
(484, 1, 9, 1, 1, 1, 1, 0, 0, 0, 1, 1460064818, 1),
(485, 1, 10, 1, 1, 1, 1, 0, 0, 0, 1, 1460064818, 1),
(486, 1, 11, 1, 1, 1, 1, 0, 0, 0, 1, 1460064818, 1),
(487, 1, 12, 1, 1, 1, 1, 0, 0, 0, 1, 1460064818, 1),
(488, 1, 13, 1, 1, 1, 1, 0, 0, 0, 1, 1460064818, 1),
(489, 1, 16, 1, 1, 1, 1, 0, 0, 0, 1, 1460064818, 1),
(490, 1, 17, 1, 1, 1, 1, 0, 0, 0, 1, 1460064818, 1),
(491, 1, 18, 1, 1, 1, 1, 0, 0, 0, 1, 1460064818, 1),
(492, 1, 26, 1, 1, 1, 1, 0, 0, 0, 1, 1460064818, 1),
(493, 1, 27, 1, 1, 1, 1, 0, 0, 0, 1, 1460064818, 1),
(494, 1, 41, 1, 1, 1, 1, 0, 0, 0, 1, 1460064818, 1),
(495, 1, 51, 1, 1, 1, 1, 1, 1, 1, 1, 1460064818, 1),
(496, 1, 19, 1, 1, 1, 1, 0, 0, 0, 1, 1460064818, 1),
(497, 1, 21, 1, 1, 1, 1, 0, 0, 0, 1, 1460064818, 1),
(498, 1, 22, 1, 1, 1, 1, 0, 0, 0, 1, 1460064818, 1),
(499, 1, 20, 1, 1, 1, 1, 0, 0, 0, 1, 1460064818, 1),
(500, 1, 28, 1, 1, 1, 1, 0, 0, 0, 1, 1460064818, 1),
(501, 1, 33, 1, 1, 1, 1, 0, 0, 0, 1, 1460064818, 1),
(502, 1, 47, 1, 1, 1, 1, 1, 1, 1, 1, 1460064818, 1),
(503, 1, 50, 1, 1, 1, 1, 1, 1, 1, 1, 1460064818, 1),
(504, 1, 24, 1, 1, 1, 1, 0, 0, 0, 1, 1460064818, 1),
(505, 1, 25, 1, 1, 1, 1, 0, 0, 0, 1, 1460064818, 1),
(506, 1, 30, 1, 1, 1, 1, 0, 0, 0, 1, 1460064818, 1),
(507, 1, 32, 1, 1, 1, 1, 0, 0, 0, 1, 1460064818, 1),
(508, 1, 43, 1, 1, 1, 1, 1, 1, 1, 1, 1460064818, 1),
(509, 1, 36, 1, 1, 1, 1, 0, 0, 0, 1, 1460064818, 1),
(510, 1, 38, 1, 1, 1, 1, 1, 1, 1, 1, 1460064818, 1),
(511, 1, 39, 1, 1, 1, 1, 1, 1, 1, 1, 1460064818, 1),
(512, 1, 40, 1, 1, 1, 1, 1, 1, 1, 1, 1460064818, 1),
(513, 1, 44, 1, 1, 1, 1, 1, 1, 1, 1, 1460064818, 1),
(514, 1, 31, 1, 1, 1, 1, 0, 0, 0, 1, 1460064818, 1),
(515, 1, 49, 1, 1, 1, 1, 1, 1, 1, 1, 1460064818, 1),
(516, 1, 45, 1, 1, 1, 1, 1, 1, 1, 1, 1460064818, 1),
(517, 1, 48, 1, 1, 1, 1, 1, 1, 1, 1, 1460064818, 1),
(518, 1, 52, 1, 1, 1, 1, 1, 1, 1, 1, 1460064818, 1),
(519, 1, 58, 1, 1, 1, 1, 1, 1, 1, 1, 1460064818, 1),
(520, 1, 59, 1, 1, 1, 1, 1, 1, 1, 1, 1460064818, 1),
(521, 1, 54, 1, 1, 1, 1, 1, 1, 1, 1, 1460064818, 1),
(522, 1, 55, 1, 1, 1, 1, 1, 1, 1, 1, 1460064818, 1),
(523, 1, 56, 1, 1, 1, 1, 1, 1, 1, 1, 1460064818, 1),
(524, 1, 57, 1, 1, 1, 1, 1, 1, 1, 1, 1460064818, 1),
(525, 1, 61, 1, 1, 1, 1, 1, 1, 1, 1, 1460064818, 1),
(526, 1, 62, 1, 1, 1, 1, 1, 1, 1, 1, 1460064818, 1),
(527, 1, 63, 1, 1, 1, 1, 1, 1, 1, 1, 1460064818, 1),
(528, 1, 64, 1, 1, 1, 1, 1, 1, 1, 1, 1460064818, 1),
(529, 2, 3, 1, 1, 1, 1, 1, 1, 1, 1, 1460064834, 1),
(530, 2, 4, 1, 1, 1, 1, 1, 1, 1, 1, 1460064834, 1),
(531, 2, 6, 1, 1, 1, 1, 1, 1, 1, 1, 1460064834, 1),
(532, 2, 34, 1, 1, 1, 1, 1, 1, 1, 1, 1460064834, 1),
(533, 2, 8, 1, 1, 1, 1, 1, 1, 1, 1, 1460064834, 1),
(534, 2, 9, 1, 1, 1, 1, 1, 1, 1, 1, 1460064834, 1),
(535, 2, 10, 1, 1, 1, 1, 1, 1, 1, 1, 1460064834, 1),
(536, 2, 11, 1, 1, 1, 1, 1, 1, 1, 1, 1460064834, 1),
(537, 2, 12, 1, 1, 1, 1, 1, 1, 1, 1, 1460064834, 1),
(538, 2, 13, 1, 1, 1, 1, 1, 1, 1, 1, 1460064834, 1),
(539, 2, 16, 1, 1, 1, 1, 1, 1, 1, 1, 1460064834, 1),
(540, 2, 17, 1, 1, 1, 1, 1, 1, 1, 1, 1460064834, 1),
(541, 2, 18, 1, 1, 1, 1, 1, 1, 1, 1, 1460064834, 1),
(542, 2, 26, 1, 1, 1, 1, 1, 1, 1, 1, 1460064834, 1),
(543, 2, 27, 1, 1, 1, 1, 1, 1, 1, 1, 1460064834, 1),
(544, 2, 41, 1, 1, 1, 1, 1, 1, 1, 1, 1460064834, 1),
(545, 2, 51, 1, 1, 1, 1, 1, 1, 1, 1, 1460064834, 1),
(546, 2, 19, 1, 1, 1, 1, 1, 1, 1, 1, 1460064834, 1),
(547, 2, 21, 1, 1, 1, 1, 1, 1, 1, 1, 1460064834, 1),
(548, 2, 22, 1, 1, 1, 1, 1, 1, 1, 1, 1460064834, 1),
(549, 2, 20, 1, 1, 1, 1, 1, 1, 1, 1, 1460064834, 1),
(550, 2, 28, 1, 1, 1, 1, 1, 1, 1, 1, 1460064834, 1),
(551, 2, 33, 1, 1, 1, 1, 1, 1, 1, 1, 1460064834, 1),
(552, 2, 47, 1, 1, 1, 1, 1, 1, 1, 1, 1460064834, 1),
(553, 2, 50, 1, 1, 1, 1, 1, 1, 1, 1, 1460064834, 1),
(554, 2, 24, 1, 1, 1, 1, 1, 1, 1, 1, 1460064834, 1),
(555, 2, 25, 1, 1, 1, 1, 1, 1, 1, 1, 1460064834, 1),
(556, 2, 30, 1, 1, 1, 1, 1, 1, 1, 1, 1460064834, 1),
(557, 2, 32, 1, 1, 1, 1, 1, 1, 1, 1, 1460064834, 1),
(558, 2, 43, 1, 1, 1, 1, 1, 1, 1, 1, 1460064834, 1),
(559, 2, 36, 1, 1, 1, 1, 1, 1, 1, 1, 1460064834, 1),
(560, 2, 38, 1, 1, 1, 1, 1, 1, 1, 1, 1460064834, 1),
(561, 2, 39, 1, 1, 1, 1, 1, 1, 1, 1, 1460064834, 1),
(562, 2, 40, 1, 1, 1, 1, 1, 1, 1, 1, 1460064834, 1),
(563, 2, 44, 1, 1, 1, 1, 1, 1, 1, 1, 1460064834, 1),
(564, 2, 31, 1, 1, 1, 1, 1, 1, 1, 1, 1460064834, 1),
(565, 2, 49, 1, 1, 1, 1, 1, 1, 1, 1, 1460064834, 1),
(566, 2, 45, 1, 1, 1, 1, 1, 1, 1, 1, 1460064834, 1),
(567, 2, 48, 1, 1, 1, 1, 1, 1, 1, 1, 1460064834, 1),
(568, 2, 52, 1, 1, 1, 1, 1, 1, 1, 1, 1460064834, 1),
(569, 2, 58, 1, 1, 1, 1, 1, 1, 1, 1, 1460064834, 1),
(570, 2, 59, 1, 1, 1, 1, 1, 1, 1, 1, 1460064834, 1),
(571, 2, 54, 1, 1, 1, 1, 1, 1, 1, 1, 1460064834, 1),
(572, 2, 55, 1, 1, 1, 1, 1, 1, 1, 1, 1460064834, 1),
(573, 2, 56, 1, 1, 1, 1, 1, 1, 1, 1, 1460064834, 1),
(574, 2, 57, 1, 1, 1, 1, 1, 1, 1, 1, 1460064834, 1),
(575, 2, 61, 1, 1, 1, 1, 1, 1, 1, 1, 1460064834, 1),
(576, 2, 62, 1, 1, 1, 1, 1, 1, 1, 1, 1460064834, 1),
(577, 2, 63, 1, 1, 1, 1, 1, 1, 1, 1, 1460064834, 1),
(578, 2, 64, 1, 1, 1, 1, 1, 1, 1, 1, 1460064834, 1);

-- --------------------------------------------------------

--
-- Table structure for table `ems_territories`
--

CREATE TABLE IF NOT EXISTS `ems_territories` (
  `id` int(11) NOT NULL,
  `zone_id` int(11) NOT NULL,
  `name` varchar(255) NOT NULL,
  `status` varchar(11) NOT NULL DEFAULT 'Active',
  `ordering` int(11) NOT NULL DEFAULT '99',
  `date_created` int(11) NOT NULL DEFAULT '0',
  `user_created` int(11) NOT NULL DEFAULT '0',
  `date_updated` int(11) DEFAULT NULL,
  `user_updated` int(11) DEFAULT NULL
) ENGINE=InnoDB AUTO_INCREMENT=32 DEFAULT CHARSET=utf8;

--
-- Dumping data for table `ems_territories`
--

INSERT INTO `ems_territories` (`id`, `zone_id`, `name`, `status`, `ordering`, `date_created`, `user_created`, `date_updated`, `user_updated`) VALUES
(1, 1, 'Rangpur', 'Active', 1, 1456202298, 1, NULL, NULL),
(2, 1, 'Dinajpur', 'Active', 2, 1456202298, 1, NULL, NULL),
(3, 1, 'Panchagarh', 'Active', 3, 1456202298, 1, NULL, NULL),
(4, 1, 'Lalmonirhat', 'Active', 4, 1456202298, 1, NULL, NULL),
(5, 2, 'Joypurhat', 'Active', 5, 1456202298, 1, NULL, NULL),
(6, 2, 'Bogra', 'Active', 6, 1456202298, 1, NULL, NULL),
(7, 2, 'Pabna', 'Active', 7, 1456202298, 1, NULL, NULL),
(8, 2, 'Rajshahi', 'Active', 8, 1456202298, 1, NULL, NULL),
(9, 3, 'Sylhet', 'Active', 9, 1456202298, 1, NULL, NULL),
(10, 3, 'Maulvibazar', 'Active', 10, 1456202298, 1, NULL, NULL),
(11, 3, 'Habiganj', 'Active', 11, 1456202298, 1, NULL, NULL),
(12, 4, 'Jessore', 'Active', 12, 1456202298, 1, NULL, NULL),
(13, 4, 'Khulna', 'Active', 13, 1456202298, 1, NULL, NULL),
(14, 4, 'Faridpur', 'Active', 14, 1456202298, 1, NULL, NULL),
(15, 4, 'Chuadanga', 'Active', 15, 1456202298, 1, NULL, NULL),
(16, 5, 'Barisal', 'Active', 16, 1456202298, 1, NULL, NULL),
(17, 5, 'Gopalganj', 'Active', 17, 1456202298, 1, NULL, NULL),
(18, 5, 'Bhola', 'Active', 18, 1456202298, 1, NULL, NULL),
(19, 5, 'Patuakhali', 'Active', 19, 1456202298, 1, NULL, NULL),
(20, 6, 'Mymensingh', 'Active', 20, 1456202298, 1, NULL, NULL),
(21, 6, 'Jamalpur', 'Active', 21, 1456202298, 1, NULL, NULL),
(22, 6, 'Kishoregonj', 'Active', 22, 1456202298, 1, NULL, NULL),
(23, 7, 'Dhaka', 'Active', 23, 1456202298, 1, NULL, NULL),
(24, 7, 'Tangail', 'Active', 24, 1456202298, 1, NULL, NULL),
(25, 7, 'Munshiganj', 'Active', 25, 1456202298, 1, NULL, NULL),
(26, 8, 'Comilla', 'Active', 26, 1456202298, 1, NULL, NULL),
(27, 8, 'Noakhali', 'Active', 27, 1456202298, 1, NULL, NULL),
(28, 9, 'Chittagong North', 'Active', 28, 1456202298, 1, NULL, NULL),
(29, 9, 'Coxs bazar', 'Active', 29, 1456202298, 1, NULL, NULL),
(30, 9, 'Chittagong South', 'Active', 30, 1456202298, 1, NULL, NULL),
(31, 9, 'Khagrasori', 'Active', 31, 1456202298, 1, NULL, NULL);

-- --------------------------------------------------------

--
-- Table structure for table `ems_tm_farmers`
--

CREATE TABLE IF NOT EXISTS `ems_tm_farmers` (
  `id` int(11) NOT NULL,
  `upazilla_id` int(11) NOT NULL,
  `variety_id` int(11) NOT NULL,
  `name` varchar(255) NOT NULL,
  `address` text,
  `contact_no` varchar(255) DEFAULT NULL,
  `date_sowing` int(11) NOT NULL,
  `num_picture` int(11) NOT NULL DEFAULT '1',
  `interval` int(11) NOT NULL,
  `status` varchar(11) NOT NULL DEFAULT 'Active',
  `date_created` int(11) NOT NULL DEFAULT '0',
  `user_created` int(11) NOT NULL DEFAULT '0',
  `date_updated` int(11) DEFAULT NULL,
  `user_updated` int(11) DEFAULT NULL
) ENGINE=InnoDB DEFAULT CHARSET=utf8;

-- --------------------------------------------------------

--
-- Table structure for table `ems_tm_visits`
--

CREATE TABLE IF NOT EXISTS `ems_tm_visits` (
  `id` int(11) NOT NULL,
  `setup_id` int(11) NOT NULL,
  `day_no` int(11) NOT NULL,
  `picture_file_name` text,
  `picture` text,
  `remarks` text,
  `feedback` text,
  `date_created` int(11) NOT NULL DEFAULT '0',
  `user_created` int(11) NOT NULL DEFAULT '0',
  `date_updated` int(11) DEFAULT NULL,
  `user_updated` int(11) DEFAULT NULL
) ENGINE=InnoDB DEFAULT CHARSET=utf8;

-- --------------------------------------------------------

--
-- Table structure for table `ems_unions`
--

CREATE TABLE IF NOT EXISTS `ems_unions` (
  `id` int(11) NOT NULL,
  `upazilla_id` int(11) NOT NULL,
  `name` varchar(255) NOT NULL,
  `status` varchar(11) NOT NULL DEFAULT 'Active',
  `ordering` int(11) NOT NULL DEFAULT '99',
  `date_created` int(11) NOT NULL DEFAULT '0',
  `user_created` int(11) NOT NULL DEFAULT '0',
  `date_updated` int(11) DEFAULT NULL,
  `user_updated` int(11) DEFAULT NULL,
  `old_union_id` int(11) DEFAULT NULL
) ENGINE=InnoDB AUTO_INCREMENT=4567 DEFAULT CHARSET=utf8;

--
-- Dumping data for table `ems_unions`
--

INSERT INTO `ems_unions` (`id`, `upazilla_id`, `name`, `status`, `ordering`, `date_created`, `user_created`, `date_updated`, `user_updated`, `old_union_id`) VALUES
(1, 408, 'Borashi', 'Active', 1, 1456217164, 1, NULL, NULL, 2),
(2, 413, 'Baruipara', 'Active', 2, 1456217164, 1, NULL, NULL, 3),
(3, 92, 'Chandbha ', 'Active', 3, 1456217164, 1, NULL, NULL, 4),
(4, 92, 'Debottar ', 'Active', 4, 1456217164, 1, NULL, NULL, 5),
(5, 92, 'Ekdanta ', 'Active', 5, 1456217164, 1, NULL, NULL, 6),
(6, 92, 'Laxmipur ', 'Active', 6, 1456217164, 1, NULL, NULL, 7),
(7, 92, 'Majhpara ', 'Active', 7, 1456217164, 1, NULL, NULL, 8),
(8, 123, 'Erendabari ', 'Active', 8, 1456217164, 1, NULL, NULL, 9),
(9, 123, 'Fazlupur ', 'Active', 9, 1456217164, 1, NULL, NULL, 10),
(10, 123, 'Fulchhari ', 'Active', 10, 1456217164, 1, NULL, NULL, 11),
(11, 123, 'Gazaria ', 'Active', 11, 1456217164, 1, NULL, NULL, 12),
(12, 123, 'Kanchipara ', 'Active', 12, 1456217164, 1, NULL, NULL, 13),
(13, 123, 'Udakhali ', 'Active', 13, 1456217164, 1, NULL, NULL, 14),
(14, 123, 'Uria ', 'Active', 14, 1456217164, 1, NULL, NULL, 15),
(15, 124, 'Badiakhali ', 'Active', 15, 1456217164, 1, NULL, NULL, 16),
(16, 124, 'Ballamjhar ', 'Active', 16, 1456217164, 1, NULL, NULL, 17),
(17, 124, 'Boali ', 'Active', 17, 1456217164, 1, NULL, NULL, 18),
(18, 124, 'Ghagoa ', 'Active', 18, 1456217164, 1, NULL, NULL, 19),
(19, 124, 'Gidari ', 'Active', 19, 1456217164, 1, NULL, NULL, 20),
(20, 124, 'Kamarjani ', 'Active', 20, 1456217164, 1, NULL, NULL, 21),
(21, 124, 'Kholahati ', 'Active', 21, 1456217164, 1, NULL, NULL, 22),
(22, 124, 'Kuptala ', 'Active', 22, 1456217164, 1, NULL, NULL, 23),
(23, 124, 'Laxmipur ', 'Active', 23, 1456217164, 1, NULL, NULL, 24),
(24, 124, 'Malibari ', 'Active', 24, 1456217164, 1, NULL, NULL, 25),
(25, 124, 'Mollarchar ', 'Active', 25, 1456217164, 1, NULL, NULL, 26),
(26, 124, 'Ramchandrapur ', 'Active', 26, 1456217164, 1, NULL, NULL, 27),
(27, 124, 'Sahapara ', 'Active', 27, 1456217164, 1, NULL, NULL, 28),
(28, 125, 'Darbanta ', 'Active', 28, 1456217164, 1, NULL, NULL, 29),
(29, 125, 'Gumaniganj ', 'Active', 29, 1456217164, 1, NULL, NULL, 30),
(30, 125, 'Harirampur ', 'Active', 30, 1456217164, 1, NULL, NULL, 31),
(31, 125, 'Kamardaha ', 'Active', 31, 1456217164, 1, NULL, NULL, 32),
(32, 125, 'Kamdia ', 'Active', 32, 1456217164, 1, NULL, NULL, 33),
(33, 125, 'Katabari ', 'Active', 33, 1456217164, 1, NULL, NULL, 34),
(34, 125, 'Kochasahar ', 'Active', 34, 1456217164, 1, NULL, NULL, 35),
(35, 125, 'Mahimaganj ', 'Active', 35, 1456217164, 1, NULL, NULL, 36),
(36, 125, 'Nakai ', 'Active', 36, 1456217164, 1, NULL, NULL, 37),
(37, 125, 'Rajahar ', 'Active', 37, 1456217164, 1, NULL, NULL, 38),
(38, 125, 'Rakhalburuz ', 'Active', 38, 1456217164, 1, NULL, NULL, 39),
(39, 125, 'Shalmara ', 'Active', 39, 1456217164, 1, NULL, NULL, 40),
(40, 125, 'Sapmara ', 'Active', 40, 1456217164, 1, NULL, NULL, 41),
(41, 125, 'Shakhahar ', 'Active', 41, 1456217164, 1, NULL, NULL, 42),
(42, 125, 'Shibpur ', 'Active', 42, 1456217164, 1, NULL, NULL, 43),
(43, 125, 'Taluk Kanupur ', 'Active', 43, 1456217164, 1, NULL, NULL, 44),
(44, 125, 'Fulbari ', 'Active', 44, 1456217164, 1, NULL, NULL, 45),
(45, 127, 'Banagram ', 'Active', 45, 1456217164, 1, NULL, NULL, 46),
(46, 127, 'Bhathgram ', 'Active', 46, 1456217164, 1, NULL, NULL, 47),
(47, 127, 'Damodarpur ', 'Active', 47, 1456217164, 1, NULL, NULL, 48),
(48, 127, 'Dhaperhat ', 'Active', 48, 1456217164, 1, NULL, NULL, 49),
(49, 127, 'Faridpur ', 'Active', 49, 1456217164, 1, NULL, NULL, 50),
(50, 127, 'Idilpur ', 'Active', 50, 1456217164, 1, NULL, NULL, 51),
(51, 127, 'Jamalpur ', 'Active', 51, 1456217164, 1, NULL, NULL, 52),
(52, 127, 'Khordakomarpur ', 'Active', 52, 1456217164, 1, NULL, NULL, 53),
(53, 127, 'Kamarpara ', 'Active', 53, 1456217164, 1, NULL, NULL, 54),
(54, 127, 'Naldanga ', 'Active', 54, 1456217164, 1, NULL, NULL, 55),
(55, 127, 'Rasulpur ', 'Active', 55, 1456217164, 1, NULL, NULL, 56),
(56, 129, 'Bamundanga ', 'Active', 56, 1456217164, 1, NULL, NULL, 57),
(57, 129, 'Belka ', 'Active', 57, 1456217164, 1, NULL, NULL, 58),
(58, 129, 'Chandipur ', 'Active', 58, 1456217164, 1, NULL, NULL, 59),
(59, 129, 'Chhaparhati ', 'Active', 59, 1456217164, 1, NULL, NULL, 60),
(60, 129, 'Dahabanda ', 'Active', 60, 1456217164, 1, NULL, NULL, 61),
(61, 129, 'Dhopadanga ', 'Active', 61, 1456217164, 1, NULL, NULL, 62),
(62, 129, 'Haripur ', 'Active', 62, 1456217164, 1, NULL, NULL, 63),
(63, 129, 'Kanchibari ', 'Active', 63, 1456217164, 1, NULL, NULL, 64),
(64, 129, 'Kapashia ', 'Active', 64, 1456217164, 1, NULL, NULL, 65),
(65, 129, 'Ramjiban ', 'Active', 65, 1456217164, 1, NULL, NULL, 66),
(66, 129, 'Shantiram ', 'Active', 66, 1456217164, 1, NULL, NULL, 67),
(67, 129, 'Sarbananda ', 'Active', 67, 1456217164, 1, NULL, NULL, 68),
(68, 129, 'Sonaroy ', 'Active', 68, 1456217164, 1, NULL, NULL, 69),
(69, 129, 'Sreepur ', 'Active', 69, 1456217164, 1, NULL, NULL, 70),
(70, 129, 'Tarapur ', 'Active', 70, 1456217164, 1, NULL, NULL, 71),
(71, 126, 'Barisal ', 'Active', 71, 1456217164, 1, NULL, NULL, 72),
(72, 126, 'Betkapa ', 'Active', 72, 1456217164, 1, NULL, NULL, 73),
(73, 126, 'Harinathpur ', 'Active', 73, 1456217164, 1, NULL, NULL, 74),
(74, 126, 'Hossainpur ', 'Active', 74, 1456217164, 1, NULL, NULL, 75),
(75, 126, 'Kishorebari ', 'Active', 75, 1456217164, 1, NULL, NULL, 76),
(76, 126, 'Mohadipur ', 'Active', 76, 1456217164, 1, NULL, NULL, 77),
(77, 126, 'Manoharpur ', 'Active', 77, 1456217164, 1, NULL, NULL, 78),
(78, 126, 'Pobnapur ', 'Active', 78, 1456217164, 1, NULL, NULL, 79),
(79, 126, 'Palashbari ', 'Active', 79, 1456217164, 1, NULL, NULL, 80),
(80, 128, 'Bharatkhali ', 'Active', 80, 1456217164, 1, NULL, NULL, 81),
(81, 128, 'Bonarpar ', 'Active', 81, 1456217164, 1, NULL, NULL, 82),
(82, 128, 'Ghuridaha ', 'Active', 82, 1456217164, 1, NULL, NULL, 83),
(83, 128, 'Haldia ', 'Active', 83, 1456217164, 1, NULL, NULL, 84),
(84, 128, 'Jumarbari ', 'Active', 84, 1456217164, 1, NULL, NULL, 85),
(85, 128, 'Kachua ', 'Active', 85, 1456217164, 1, NULL, NULL, 86),
(86, 128, 'Kamalerpara ', 'Active', 86, 1456217164, 1, NULL, NULL, 87),
(87, 128, 'Padumsahar ', 'Active', 87, 1456217164, 1, NULL, NULL, 88),
(88, 128, 'Saghata ', 'Active', 88, 1456217164, 1, NULL, NULL, 89),
(89, 128, 'Muktinagar ', 'Active', 89, 1456217164, 1, NULL, NULL, 90),
(90, 208, 'Barmi ', 'Active', 90, 1456217164, 1, NULL, NULL, 91),
(91, 208, 'Gazipur ', 'Active', 91, 1456217164, 1, NULL, NULL, 92),
(92, 208, 'Gosinga ', 'Active', 92, 1456217164, 1, NULL, NULL, 93),
(93, 208, 'Kaoraid ', 'Active', 93, 1456217164, 1, NULL, NULL, 94),
(94, 208, 'Maona ', 'Active', 94, 1456217164, 1, NULL, NULL, 95),
(95, 208, 'Prahlladpur ', 'Active', 95, 1456217164, 1, NULL, NULL, 96),
(96, 208, 'Rajabari ', 'Active', 96, 1456217164, 1, NULL, NULL, 97),
(97, 208, 'Telihati ', 'Active', 97, 1456217164, 1, NULL, NULL, 98),
(98, 207, 'Barishab ', 'Active', 98, 1456217164, 1, NULL, NULL, 99),
(99, 207, 'Chandpur ', 'Active', 99, 1456217164, 1, NULL, NULL, 100),
(100, 207, 'Durgapur ', 'Active', 100, 1456217164, 1, NULL, NULL, 101),
(101, 207, 'Ghagutia ', 'Active', 101, 1456217164, 1, NULL, NULL, 102),
(102, 207, 'Kapasia ', 'Active', 102, 1456217164, 1, NULL, NULL, 103),
(103, 207, 'Karihata ', 'Active', 103, 1456217164, 1, NULL, NULL, 104),
(104, 207, 'Rayed ', 'Active', 104, 1456217164, 1, NULL, NULL, 105),
(105, 207, 'Sanmania ', 'Active', 105, 1456217164, 1, NULL, NULL, 106),
(106, 207, 'Singhasree ', 'Active', 106, 1456217164, 1, NULL, NULL, 107),
(107, 207, 'Targaon ', 'Active', 107, 1456217164, 1, NULL, NULL, 108),
(108, 207, 'Toke ', 'Active', 108, 1456217164, 1, NULL, NULL, 109),
(109, 207, 'Bahadursadi ', 'Active', 109, 1456217164, 1, NULL, NULL, 110),
(110, 207, 'Baktarpur ', 'Active', 110, 1456217164, 1, NULL, NULL, 111),
(111, 207, 'Jamalpur ', 'Active', 111, 1456217164, 1, NULL, NULL, 112),
(112, 205, 'Jangalia ', 'Active', 112, 1456217164, 1, NULL, NULL, 113),
(113, 205, 'Kaliganj ', 'Active', 113, 1456217164, 1, NULL, NULL, 114),
(114, 94, 'Dhalarchar ', 'Active', 114, 1456217164, 1, NULL, NULL, 115),
(115, 205, 'Moktarpur ', 'Active', 115, 1456217164, 1, NULL, NULL, 116),
(116, 94, 'Haturia Nakalia ', 'Active', 116, 1456217164, 1, NULL, NULL, 117),
(117, 205, 'Nagori ', 'Active', 117, 1456217164, 1, NULL, NULL, 118),
(118, 94, 'Jatsakini ', 'Active', 118, 1456217164, 1, NULL, NULL, 119),
(119, 205, 'Tumulia ', 'Active', 119, 1456217164, 1, NULL, NULL, 120),
(120, 94, 'Masumdia ', 'Active', 120, 1456217164, 1, NULL, NULL, 121),
(121, 94, 'Natun Bharenga ', 'Active', 121, 1456217164, 1, NULL, NULL, 122),
(122, 205, 'Atabaha ', 'Active', 122, 1456217164, 1, NULL, NULL, 123),
(123, 205, 'Boali ', 'Active', 123, 1456217164, 1, NULL, NULL, 124),
(124, 94, 'Puran Bharenga ', 'Active', 124, 1456217164, 1, NULL, NULL, 125),
(125, 94, 'Ruppur ', 'Active', 125, 1456217164, 1, NULL, NULL, 126),
(126, 205, 'Chapair ', 'Active', 126, 1456217164, 1, NULL, NULL, 127),
(127, 94, 'Chakla ', 'Active', 127, 1456217164, 1, NULL, NULL, 128),
(128, 204, 'Dhaljora ', 'Active', 128, 1456217164, 1, NULL, NULL, 129),
(129, 94, 'Kaitola ', 'Active', 129, 1456217164, 1, NULL, NULL, 130),
(130, 204, 'Fulbaria ', 'Active', 130, 1456217164, 1, NULL, NULL, 131),
(131, 204, 'Madhyapara ', 'Active', 131, 1456217164, 1, NULL, NULL, 132),
(132, 204, 'Mouchak ', 'Active', 132, 1456217164, 1, NULL, NULL, 133),
(133, 96, 'Beelchalan ', 'Active', 133, 1456217164, 1, NULL, NULL, 134),
(134, 204, 'Sreefaltali ', 'Active', 134, 1456217164, 1, NULL, NULL, 135),
(135, 204, 'Sutrapur ', 'Active', 135, 1456217164, 1, NULL, NULL, 136),
(136, 96, 'Chhoykula ', 'Active', 136, 1456217164, 1, NULL, NULL, 137),
(137, 204, 'Bashan ', 'Active', 137, 1456217164, 1, NULL, NULL, 138),
(138, 204, 'Baria ', 'Active', 138, 1456217164, 1, NULL, NULL, 139),
(139, 96, 'D.B. Gram ', 'Active', 139, 1456217164, 1, NULL, NULL, 140),
(140, 204, 'Gachha ', 'Active', 140, 1456217164, 1, NULL, NULL, 141),
(141, 96, 'Failjana ', 'Active', 141, 1456217164, 1, NULL, NULL, 142),
(142, 96, 'Gunaigachha ', 'Active', 142, 1456217164, 1, NULL, NULL, 143),
(143, 203, 'Kasimpur ', 'Active', 143, 1456217164, 1, NULL, NULL, 144),
(144, 96, 'Handial ', 'Active', 144, 1456217164, 1, NULL, NULL, 145),
(145, 203, 'Kaultia ', 'Active', 145, 1456217164, 1, NULL, NULL, 146),
(146, 96, 'Haripur ', 'Active', 146, 1456217164, 1, NULL, NULL, 147),
(147, 203, 'Konabari ', 'Active', 147, 1456217164, 1, NULL, NULL, 148),
(148, 96, 'Madhurapur ', 'Active', 148, 1456217164, 1, NULL, NULL, 149),
(149, 203, 'Mirzapur ', 'Active', 149, 1456217164, 1, NULL, NULL, 150),
(150, 96, 'Mulgram ', 'Active', 150, 1456217164, 1, NULL, NULL, 151),
(151, 204, 'Pubail ', 'Active', 151, 1456217164, 1, NULL, NULL, 152),
(152, 96, 'Nimaichara ', 'Active', 152, 1456217164, 1, NULL, NULL, 153),
(153, 96, 'Parshwadanga ', 'Active', 153, 1456217164, 1, NULL, NULL, 154),
(154, 411, 'Bhabrasur ', 'Active', 154, 1456217164, 1, NULL, NULL, 155),
(155, 411, 'Bahugram ', 'Active', 155, 1456217164, 1, NULL, NULL, 156),
(156, 411, 'Banshbaria ', 'Active', 156, 1456217164, 1, NULL, NULL, 157),
(157, 411, 'Batikamari ', 'Active', 157, 1456217164, 1, NULL, NULL, 158),
(158, 411, 'Dignagar ', 'Active', 158, 1456217164, 1, NULL, NULL, 159),
(159, 411, 'Gobindapur ', 'Active', 159, 1456217164, 1, NULL, NULL, 160),
(160, 411, 'Gohala ', 'Active', 160, 1456217164, 1, NULL, NULL, 161),
(161, 411, 'Jalirpar ', 'Active', 161, 1456217164, 1, NULL, NULL, 162),
(162, 411, 'Kashalia ', 'Active', 162, 1456217164, 1, NULL, NULL, 163),
(163, 411, 'Khandarpara ', 'Active', 163, 1456217164, 1, NULL, NULL, 164),
(164, 411, 'Maharajpur ', 'Active', 164, 1456217164, 1, NULL, NULL, 165),
(165, 421, 'Alinagar ', 'Active', 165, 1456217164, 1, NULL, NULL, 166),
(166, 411, 'Mochna ', 'Active', 166, 1456217164, 1, NULL, NULL, 167),
(167, 411, 'Nanixmir ', 'Active', 167, 1456217164, 1, NULL, NULL, 168),
(168, 421, 'Baligram ', 'Active', 168, 1456217164, 1, NULL, NULL, 169),
(169, 411, 'Pashargati ', 'Active', 169, 1456217164, 1, NULL, NULL, 170),
(170, 411, 'Radhdi ', 'Active', 170, 1456217164, 1, NULL, NULL, 171),
(171, 411, 'Ujani ', 'Active', 171, 1456217164, 1, NULL, NULL, 172),
(172, 410, 'Amtali ', 'Active', 172, 1456217164, 1, NULL, NULL, 173),
(173, 410, 'Bandhabari ', 'Active', 173, 1456217164, 1, NULL, NULL, 174),
(174, 410, 'Ghaghar ', 'Active', 174, 1456217164, 1, NULL, NULL, 175),
(175, 410, 'Hiron ', 'Active', 175, 1456217164, 1, NULL, NULL, 176),
(176, 410, 'Kalabari ', 'Active', 176, 1456217164, 1, NULL, NULL, 177),
(177, 410, 'Kandi ', 'Active', 177, 1456217164, 1, NULL, NULL, 178),
(178, 410, 'Kushla ', 'Active', 178, 1456217164, 1, NULL, NULL, 179),
(179, 410, 'Pinjuri ', 'Active', 179, 1456217164, 1, NULL, NULL, 180),
(180, 410, 'Radhaganj ', 'Active', 180, 1456217164, 1, NULL, NULL, 181),
(181, 410, 'Ramshil ', 'Active', 181, 1456217164, 1, NULL, NULL, 182),
(182, 410, 'Sadullapur ', 'Active', 182, 1456217164, 1, NULL, NULL, 183),
(183, 410, 'Suagram ', 'Active', 183, 1456217164, 1, NULL, NULL, 184),
(184, 412, 'Barni ', 'Active', 184, 1456217164, 1, NULL, NULL, 185),
(185, 412, 'Dumuria ', 'Active', 185, 1456217164, 1, NULL, NULL, 186),
(186, 412, 'Gopalpur ', 'Active', 186, 1456217164, 1, NULL, NULL, 187),
(187, 412, 'Kushli ', 'Active', 187, 1456217164, 1, NULL, NULL, 188),
(188, 412, 'Patgati ', 'Active', 188, 1456217164, 1, NULL, NULL, 189),
(189, 408, 'Borashi ', 'Active', 189, 1456217164, 1, NULL, NULL, 190),
(190, 408, 'Boultali ', 'Active', 190, 1456217164, 1, NULL, NULL, 191),
(191, 408, 'Chandradighalia ', 'Active', 191, 1456217164, 1, NULL, NULL, 192),
(192, 408, 'Durgapur ', 'Active', 192, 1456217164, 1, NULL, NULL, 193),
(193, 408, 'Gobra ', 'Active', 193, 1456217164, 1, NULL, NULL, 194),
(194, 408, 'Gopinathpur ', 'Active', 194, 1456217164, 1, NULL, NULL, 195),
(195, 408, 'Haridaspur ', 'Active', 195, 1456217164, 1, NULL, NULL, 196),
(196, 408, 'Jalalabad ', 'Active', 196, 1456217164, 1, NULL, NULL, 197),
(197, 408, 'Kajulia ', 'Active', 197, 1456217164, 1, NULL, NULL, 198),
(198, 408, 'Karpara ', 'Active', 198, 1456217164, 1, NULL, NULL, 199),
(199, 408, 'Kathi ', 'Active', 199, 1456217164, 1, NULL, NULL, 200),
(200, 408, 'Latifpur ', 'Active', 200, 1456217164, 1, NULL, NULL, 201),
(201, 408, 'Majhigati ', 'Active', 201, 1456217164, 1, NULL, NULL, 202),
(202, 408, 'Nizra ', 'Active', 202, 1456217164, 1, NULL, NULL, 203),
(203, 408, 'Paikkandi ', 'Active', 203, 1456217164, 1, NULL, NULL, 204),
(204, 408, 'Raghunathpur ', 'Active', 204, 1456217164, 1, NULL, NULL, 205),
(205, 408, 'Sahapur ', 'Active', 205, 1456217164, 1, NULL, NULL, 206),
(206, 408, 'Satpar ', 'Active', 206, 1456217164, 1, NULL, NULL, 207),
(207, 408, 'Suktail ', 'Active', 207, 1456217164, 1, NULL, NULL, 208),
(208, 408, 'Ulpur ', 'Active', 208, 1456217164, 1, NULL, NULL, 209),
(209, 408, 'Urafi ', 'Active', 209, 1456217164, 1, NULL, NULL, 210),
(210, 409, 'Bethuri ', 'Active', 210, 1456217164, 1, NULL, NULL, 211),
(211, 409, 'Fukura ', 'Active', 211, 1456217164, 1, NULL, NULL, 212),
(212, 409, 'Hatiara ', 'Active', 212, 1456217164, 1, NULL, NULL, 213),
(213, 409, 'Kashiani ', 'Active', 213, 1456217164, 1, NULL, NULL, 214),
(214, 409, 'Mamudpur ', 'Active', 214, 1456217164, 1, NULL, NULL, 215),
(215, 409, 'Maheshpur ', 'Active', 215, 1456217164, 1, NULL, NULL, 216),
(216, 409, 'Nijamkandi ', 'Active', 216, 1456217164, 1, NULL, NULL, 217),
(217, 409, 'Orakandi ', 'Active', 217, 1456217164, 1, NULL, NULL, 218),
(218, 409, 'Parulia ', 'Active', 218, 1456217164, 1, NULL, NULL, 219),
(219, 409, 'Puisur ', 'Active', 219, 1456217164, 1, NULL, NULL, 220),
(220, 409, 'Rajpat ', 'Active', 220, 1456217164, 1, NULL, NULL, 221),
(221, 409, 'Ratoil ', 'Active', 221, 1456217164, 1, NULL, NULL, 222),
(222, 409, 'Sajail ', 'Active', 222, 1456217164, 1, NULL, NULL, 223),
(223, 409, 'Singa ', 'Active', 223, 1456217164, 1, NULL, NULL, 224),
(224, 320, 'Uttar PurbaBaniachang ', 'Active', 224, 1456217164, 1, NULL, NULL, 225),
(225, 320, 'Uttar PaschimBaniyachang ', 'Active', 225, 1456217164, 1, NULL, NULL, 226),
(226, 320, 'DakshinPurbaBaniyachang ', 'Active', 226, 1456217164, 1, NULL, NULL, 227),
(227, 320, 'DakshinPaschimBaniyachan ', 'Active', 227, 1456217164, 1, NULL, NULL, 228),
(228, 320, 'Baraiuri ', 'Active', 228, 1456217164, 1, NULL, NULL, 229),
(229, 320, 'Daulatpur ', 'Active', 229, 1456217164, 1, NULL, NULL, 230),
(230, 320, 'Kagapasha ', 'Active', 230, 1456217164, 1, NULL, NULL, 231),
(231, 320, 'Khagaura ', 'Active', 231, 1456217164, 1, NULL, NULL, 232),
(232, 320, 'Makrampur ', 'Active', 232, 1456217164, 1, NULL, NULL, 233),
(233, 320, 'Mandari ', 'Active', 233, 1456217164, 1, NULL, NULL, 234),
(234, 320, 'Muradpur ', 'Active', 234, 1456217164, 1, NULL, NULL, 235),
(235, 421, 'Banshgari ', 'Active', 235, 1456217164, 1, NULL, NULL, 236),
(236, 320, 'Pailarkandi ', 'Active', 236, 1456217164, 1, NULL, NULL, 237),
(237, 320, 'Pukhra ', 'Active', 237, 1456217164, 1, NULL, NULL, 238),
(238, 421, 'Sidikhan ', 'Active', 238, 1456217164, 1, NULL, NULL, 239),
(239, 320, 'Sujatpur ', 'Active', 239, 1456217164, 1, NULL, NULL, 240),
(240, 320, 'Subidpur ', 'Active', 240, 1456217164, 1, NULL, NULL, 241),
(241, 421, 'Dasar ', 'Active', 241, 1456217164, 1, NULL, NULL, 242),
(242, 305, 'Azmiriganj ', 'Active', 242, 1456217164, 1, NULL, NULL, 243),
(243, 305, 'Badarpur ', 'Active', 243, 1456217164, 1, NULL, NULL, 244),
(244, 305, 'Jalsukha ', 'Active', 244, 1456217164, 1, NULL, NULL, 245),
(245, 305, 'Kakailsew ', 'Active', 245, 1456217164, 1, NULL, NULL, 246),
(246, 305, 'Shibpasha ', 'Active', 246, 1456217164, 1, NULL, NULL, 247),
(247, 325, 'Auskandi ', 'Active', 247, 1456217164, 1, NULL, NULL, 248),
(248, 325, 'Bausha ', 'Active', 248, 1456217164, 1, NULL, NULL, 249),
(249, 325, 'Debpara ', 'Active', 249, 1456217164, 1, NULL, NULL, 250),
(250, 325, 'Dighalbak ', 'Active', 250, 1456217164, 1, NULL, NULL, 251),
(251, 325, 'Gaznaipur ', 'Active', 251, 1456217164, 1, NULL, NULL, 252),
(252, 325, 'Inathganj ', 'Active', 252, 1456217164, 1, NULL, NULL, 253),
(253, 325, 'KalairBanga ', 'Active', 253, 1456217164, 1, NULL, NULL, 254),
(254, 325, 'Kargaon ', 'Active', 254, 1456217164, 1, NULL, NULL, 255),
(255, 325, 'Kurshi ', 'Active', 255, 1456217164, 1, NULL, NULL, 256),
(256, 325, 'Nabiganj ', 'Active', 256, 1456217164, 1, NULL, NULL, 257),
(257, 325, 'Paniunda ', 'Active', 257, 1456217164, 1, NULL, NULL, 258),
(258, 325, 'Purba Bara Bakhair ', 'Active', 258, 1456217164, 1, NULL, NULL, 259),
(259, 325, 'Paschim Bara Bhakhair ', 'Active', 259, 1456217164, 1, NULL, NULL, 260),
(260, 324, 'Adaur ', 'Active', 260, 1456217164, 1, NULL, NULL, 261),
(261, 324, 'Bagasura ', 'Active', 261, 1456217164, 1, NULL, NULL, 262),
(262, 324, 'Bahara ', 'Active', 262, 1456217164, 1, NULL, NULL, 263),
(263, 324, 'Bulla ', 'Active', 263, 1456217164, 1, NULL, NULL, 264),
(264, 324, 'Chhatian ', 'Active', 264, 1456217164, 1, NULL, NULL, 265),
(265, 324, 'Chowmohani ', 'Active', 265, 1456217164, 1, NULL, NULL, 266),
(266, 324, 'Dharmaghar ', 'Active', 266, 1456217164, 1, NULL, NULL, 267),
(267, 324, 'Jagadishpur ', 'Active', 267, 1456217164, 1, NULL, NULL, 268),
(268, 324, 'Noapara ', 'Active', 268, 1456217164, 1, NULL, NULL, 269),
(269, 324, 'Shahjahanpur ', 'Active', 269, 1456217164, 1, NULL, NULL, 270),
(270, 324, 'Andiura ', 'Active', 270, 1456217164, 1, NULL, NULL, 271),
(271, 323, 'Bamai ', 'Active', 271, 1456217164, 1, NULL, NULL, 272),
(272, 323, 'Bulla ', 'Active', 272, 1456217164, 1, NULL, NULL, 273),
(273, 323, 'Karab ', 'Active', 273, 1456217164, 1, NULL, NULL, 274),
(274, 323, 'Lakhai ', 'Active', 274, 1456217164, 1, NULL, NULL, 275),
(275, 323, 'Muriauk ', 'Active', 275, 1456217164, 1, NULL, NULL, 276),
(276, 323, 'Murakari ', 'Active', 276, 1456217164, 1, NULL, NULL, 277),
(277, 322, 'Gopaya ', 'Active', 277, 1456217164, 1, NULL, NULL, 278),
(278, 322, 'Laskarpur ', 'Active', 278, 1456217164, 1, NULL, NULL, 279),
(279, 322, 'Lukhra ', 'Active', 279, 1456217164, 1, NULL, NULL, 280),
(280, 322, 'Nizampur ', 'Active', 280, 1456217164, 1, NULL, NULL, 281),
(281, 322, 'Nurpur ', 'Active', 281, 1456217164, 1, NULL, NULL, 282),
(282, 322, 'Poil ', 'Active', 282, 1456217164, 1, NULL, NULL, 283),
(283, 322, 'Raziura ', 'Active', 283, 1456217164, 1, NULL, NULL, 284),
(284, 322, 'Richi ', 'Active', 284, 1456217164, 1, NULL, NULL, 285),
(285, 322, 'Saistaganj ', 'Active', 285, 1456217164, 1, NULL, NULL, 286),
(286, 322, 'Tegharia ', 'Active', 286, 1456217164, 1, NULL, NULL, 287),
(287, 321, 'Ahammadabad ', 'Active', 287, 1456217164, 1, NULL, NULL, 288),
(288, 321, 'Chunarughat ', 'Active', 288, 1456217164, 1, NULL, NULL, 289),
(289, 321, 'Deorgach ', 'Active', 289, 1456217164, 1, NULL, NULL, 290),
(290, 321, 'Gazipur ', 'Active', 290, 1456217164, 1, NULL, NULL, 291),
(291, 321, 'Miashi ', 'Active', 291, 1456217164, 1, NULL, NULL, 292),
(292, 321, 'Paikpara ', 'Active', 292, 1456217164, 1, NULL, NULL, 293),
(293, 321, 'Ranigaon ', 'Active', 293, 1456217164, 1, NULL, NULL, 294),
(294, 321, 'Shankhola ', 'Active', 294, 1456217164, 1, NULL, NULL, 295),
(295, 321, 'Shatiajuri ', 'Active', 295, 1456217164, 1, NULL, NULL, 296),
(296, 321, 'Ubahata ', 'Active', 296, 1456217164, 1, NULL, NULL, 297),
(297, 319, 'Bahubal ', 'Active', 297, 1456217164, 1, NULL, NULL, 298),
(298, 319, 'Bhadeshwar ', 'Active', 298, 1456217164, 1, NULL, NULL, 299),
(299, 319, 'Lamatashi ', 'Active', 299, 1456217164, 1, NULL, NULL, 300),
(300, 319, 'Mirpur ', 'Active', 300, 1456217164, 1, NULL, NULL, 301),
(301, 319, 'Putijuri ', 'Active', 301, 1456217164, 1, NULL, NULL, 302),
(302, 319, 'Satkapan ', 'Active', 302, 1456217164, 1, NULL, NULL, 303),
(303, 319, 'Snanghat ', 'Active', 303, 1456217164, 1, NULL, NULL, 304),
(304, 421, 'Enayetnagar ', 'Active', 304, 1456217164, 1, NULL, NULL, 305),
(305, 421, 'Gopalpur ', 'Active', 305, 1456217164, 1, NULL, NULL, 306),
(306, 421, 'Gopalpur ', 'Active', 306, 1456217164, 1, NULL, NULL, 307),
(307, 421, 'Kayaria ', 'Active', 307, 1456217164, 1, NULL, NULL, 308),
(308, 191, 'Kushumhati', 'Active', 308, 1456217164, 1, NULL, NULL, 309),
(309, 421, 'Kazi Bakai ', 'Active', 309, 1456217164, 1, NULL, NULL, 310),
(310, 421, 'Laxmipur ', 'Active', 310, 1456217164, 1, NULL, NULL, 311),
(311, 421, 'Nabagram ', 'Active', 311, 1456217164, 1, NULL, NULL, 312),
(312, 421, 'Ramjanpur ', 'Active', 312, 1456217164, 1, NULL, NULL, 313),
(313, 421, 'Sahebrampur ', 'Active', 313, 1456217164, 1, NULL, NULL, 314),
(314, 421, 'Shikar Mangal ', 'Active', 314, 1456217164, 1, NULL, NULL, 315),
(315, 421, 'Kunia ', 'Active', 315, 1456217164, 1, NULL, NULL, 316),
(316, 191, 'Mahmudpur', 'Active', 316, 1456217164, 1, NULL, NULL, 317),
(317, 191, 'Moksedpur ', 'Active', 317, 1456217164, 1, NULL, NULL, 318),
(318, 191, 'Narisha ', 'Active', 318, 1456217164, 1, NULL, NULL, 319),
(319, 191, 'Nayabari', 'Active', 319, 1456217164, 1, NULL, NULL, 320),
(320, 191, 'Joypara', 'Active', 320, 1456217164, 1, NULL, NULL, 321),
(321, 191, 'Sutarpara ', 'Active', 321, 1456217164, 1, NULL, NULL, 322),
(322, 191, 'Bilashpur', 'Active', 322, 1456217164, 1, NULL, NULL, 323),
(323, 192, 'Ashulia', 'Active', 323, 1456217164, 1, NULL, NULL, 324),
(324, 192, 'Aminbazar', 'Active', 324, 1456217164, 1, NULL, NULL, 325),
(325, 192, 'Bangaon ', 'Active', 325, 1456217164, 1, NULL, NULL, 326),
(326, 192, 'Bhakurta ', 'Active', 326, 1456217164, 1, NULL, NULL, 327),
(327, 192, 'Birulia ', 'Active', 327, 1456217164, 1, NULL, NULL, 328),
(328, 192, 'Dhamsona ', 'Active', 328, 1456217164, 1, NULL, NULL, 329),
(329, 192, 'Kaundia ', 'Active', 329, 1456217164, 1, NULL, NULL, 330),
(330, 192, 'Pathalia ', 'Active', 330, 1456217164, 1, NULL, NULL, 331),
(331, 192, 'Shimulia ', 'Active', 331, 1456217164, 1, NULL, NULL, 332),
(332, 192, 'Tetuljhora ', 'Active', 332, 1456217164, 1, NULL, NULL, 333),
(333, 192, 'Yearpur ', 'Active', 333, 1456217164, 1, NULL, NULL, 334),
(334, 192, 'Savar ', 'Active', 334, 1456217164, 1, NULL, NULL, 335),
(335, 193, 'Agla ', 'Active', 335, 1456217164, 1, NULL, NULL, 336),
(336, 193, 'Bakshnagar ', 'Active', 336, 1456217164, 1, NULL, NULL, 337),
(337, 193, 'Bandura ', 'Active', 337, 1456217164, 1, NULL, NULL, 338),
(338, 193, 'Barrah ', 'Active', 338, 1456217164, 1, NULL, NULL, 339),
(339, 193, 'Baruakhali ', 'Active', 339, 1456217164, 1, NULL, NULL, 340),
(340, 193, 'Churain ', 'Active', 340, 1456217164, 1, NULL, NULL, 341),
(341, 193, 'Galimpur ', 'Active', 341, 1456217164, 1, NULL, NULL, 342),
(342, 193, 'Jantrail ', 'Active', 342, 1456217164, 1, NULL, NULL, 343),
(343, 193, 'Joykrishnapur ', 'Active', 343, 1456217164, 1, NULL, NULL, 344),
(344, 193, 'Koilail ', 'Active', 344, 1456217164, 1, NULL, NULL, 345),
(345, 193, 'Kalakopa ', 'Active', 345, 1456217164, 1, NULL, NULL, 346),
(346, 193, 'Nayansree ', 'Active', 346, 1456217164, 1, NULL, NULL, 347),
(347, 193, 'Shikaripara ', 'Active', 347, 1456217164, 1, NULL, NULL, 348),
(348, 193, 'Sholla ', 'Active', 348, 1456217164, 1, NULL, NULL, 349),
(349, 194, 'Aganagar ', 'Active', 349, 1456217164, 1, NULL, NULL, 350),
(350, 194, 'Basta ', 'Active', 350, 1456217164, 1, NULL, NULL, 351),
(351, 194, 'Hazratpur ', 'Active', 351, 1456217164, 1, NULL, NULL, 352),
(352, 194, 'Kalatia ', 'Active', 352, 1456217164, 1, NULL, NULL, 353),
(353, 194, 'Kalindi ', 'Active', 353, 1456217164, 1, NULL, NULL, 354),
(354, 194, 'Konda ', 'Active', 354, 1456217164, 1, NULL, NULL, 355),
(355, 194, 'Ruhitpur ', 'Active', 355, 1456217164, 1, NULL, NULL, 356),
(356, 194, 'Sakta ', 'Active', 356, 1456217164, 1, NULL, NULL, 357),
(357, 194, 'Subhadya ', 'Active', 357, 1456217164, 1, NULL, NULL, 358),
(358, 194, 'Taranagar ', 'Active', 358, 1456217164, 1, NULL, NULL, 359),
(359, 194, 'Tegharia ', 'Active', 359, 1456217164, 1, NULL, NULL, 360),
(360, 194, 'Zinjira ', 'Active', 360, 1456217164, 1, NULL, NULL, 361),
(361, 195, 'Amta ', 'Active', 361, 1456217164, 1, NULL, NULL, 362),
(362, 195, 'Baisakanda ', 'Active', 362, 1456217164, 1, NULL, NULL, 363),
(363, 195, 'Balia ', 'Active', 363, 1456217164, 1, NULL, NULL, 364),
(364, 97, 'Banwarinagar ', 'Active', 364, 1456217164, 1, NULL, NULL, 365),
(365, 195, 'Bhararia ', 'Active', 365, 1456217164, 1, NULL, NULL, 366),
(366, 97, 'B.L. Bari ', 'Active', 366, 1456217164, 1, NULL, NULL, 367),
(367, 97, 'Demra ', 'Active', 367, 1456217164, 1, NULL, NULL, 368),
(368, 195, 'Chauhati ', 'Active', 368, 1456217164, 1, NULL, NULL, 369),
(369, 97, 'Faridpur ', 'Active', 369, 1456217164, 1, NULL, NULL, 370),
(370, 97, 'Hadol ', 'Active', 370, 1456217164, 1, NULL, NULL, 371),
(371, 195, 'Dhamrai ', 'Active', 371, 1456217164, 1, NULL, NULL, 372),
(372, 97, 'Punguli ', 'Active', 372, 1456217164, 1, NULL, NULL, 373),
(373, 98, 'Dashuria ', 'Active', 373, 1456217164, 1, NULL, NULL, 374),
(374, 195, 'Gangutia ', 'Active', 374, 1456217164, 1, NULL, NULL, 375),
(375, 98, 'Laxmikundo ', 'Active', 375, 1456217164, 1, NULL, NULL, 376),
(376, 98, 'Muladuli ', 'Active', 376, 1456217164, 1, NULL, NULL, 377),
(377, 195, 'Jadabpur ', 'Active', 377, 1456217164, 1, NULL, NULL, 378),
(378, 98, 'Pakshi ', 'Active', 378, 1456217165, 1, NULL, NULL, 379),
(379, 195, 'Kulla ', 'Active', 379, 1456217165, 1, NULL, NULL, 380),
(380, 98, 'Sahapur ', 'Active', 380, 1456217165, 1, NULL, NULL, 381),
(381, 98, 'Solimpur ', 'Active', 381, 1456217165, 1, NULL, NULL, 382),
(382, 195, 'Kushura ', 'Active', 382, 1456217165, 1, NULL, NULL, 383),
(383, 98, 'Sara ', 'Active', 383, 1456217165, 1, NULL, NULL, 384),
(384, 195, 'Nannar ', 'Active', 384, 1456217165, 1, NULL, NULL, 385),
(385, 95, 'Ashtamanisha ', 'Active', 385, 1456217165, 1, NULL, NULL, 386),
(386, 95, 'Bhangura ', 'Active', 386, 1456217165, 1, NULL, NULL, 387),
(387, 195, 'Rowail ', 'Active', 387, 1456217165, 1, NULL, NULL, 388),
(388, 95, 'Dilpashar ', 'Active', 388, 1456217165, 1, NULL, NULL, 389),
(389, 95, 'Khanmarich ', 'Active', 389, 1456217165, 1, NULL, NULL, 390),
(390, 195, 'Sanora ', 'Active', 390, 1456217165, 1, NULL, NULL, 391),
(391, 95, 'Par Bhangura ', 'Active', 391, 1456217165, 1, NULL, NULL, 392),
(392, 195, 'Sombhag ', 'Active', 392, 1456217165, 1, NULL, NULL, 393),
(393, 101, 'Ahammadpur ', 'Active', 393, 1456217165, 1, NULL, NULL, 394),
(394, 101, 'Dulai ', 'Active', 394, 1456217165, 1, NULL, NULL, 395),
(395, 195, 'Suapur ', 'Active', 395, 1456217165, 1, NULL, NULL, 396),
(396, 101, 'Hatkhali ', 'Active', 396, 1456217165, 1, NULL, NULL, 397),
(397, 101, 'Manikhat ', 'Active', 397, 1456217165, 1, NULL, NULL, 398),
(398, 195, 'Sutipara ', 'Active', 398, 1456217165, 1, NULL, NULL, 399),
(399, 101, 'Nazirganj ', 'Active', 399, 1456217165, 1, NULL, NULL, 400),
(400, 101, 'Raninagar ', 'Active', 400, 1456217165, 1, NULL, NULL, 401),
(401, 101, 'Sagarkandi ', 'Active', 401, 1456217165, 1, NULL, NULL, 402),
(402, 101, 'Satbaria ', 'Active', 402, 1456217165, 1, NULL, NULL, 403),
(403, 101, 'Sujanagar ', 'Active', 403, 1456217165, 1, NULL, NULL, 404),
(404, 101, 'Tantiband ', 'Active', 404, 1456217165, 1, NULL, NULL, 405),
(405, 100, 'Ar-Ataikola ', 'Active', 405, 1456217165, 1, NULL, NULL, 406),
(406, 100, 'Bhulbaria ', 'Active', 406, 1456217165, 1, NULL, NULL, 407),
(407, 100, 'Dhopadaha ', 'Active', 407, 1456217165, 1, NULL, NULL, 408),
(408, 100, 'Dhulauri ', 'Active', 408, 1456217165, 1, NULL, NULL, 409),
(409, 100, 'Gaurigram ', 'Active', 409, 1456217165, 1, NULL, NULL, 410),
(410, 65, 'Atghar ', 'Active', 410, 1456217165, 1, NULL, NULL, 411),
(411, 100, 'Karamja ', 'Active', 411, 1456217165, 1, NULL, NULL, 412),
(412, 65, 'Ballabhdi ', 'Active', 412, 1456217165, 1, NULL, NULL, 413),
(413, 100, 'Kashinathpur ', 'Active', 413, 1456217165, 1, NULL, NULL, 414),
(414, 100, 'Khetupara ', 'Active', 414, 1456217165, 1, NULL, NULL, 415),
(415, 100, 'Nagdemra ', 'Active', 415, 1456217165, 1, NULL, NULL, 416),
(416, 100, 'Nandanpur ', 'Active', 416, 1456217165, 1, NULL, NULL, 417),
(417, 99, 'Ataikula ', 'Active', 417, 1456217165, 1, NULL, NULL, 418),
(418, 99, 'Bharara ', 'Active', 418, 1456217165, 1, NULL, NULL, 419),
(419, 99, 'Chartarapur ', 'Active', 419, 1456217165, 1, NULL, NULL, 420),
(420, 65, 'Bhawal ', 'Active', 420, 1456217165, 1, NULL, NULL, 421),
(421, 99, 'Dapunia ', 'Active', 421, 1456217165, 1, NULL, NULL, 422),
(422, 99, 'Dogachhi ', 'Active', 422, 1456217165, 1, NULL, NULL, 423),
(423, 65, 'Gatti ', 'Active', 423, 1456217165, 1, NULL, NULL, 424),
(424, 65, 'Jadunandi ', 'Active', 424, 1456217165, 1, NULL, NULL, 425),
(425, 65, 'Majhardia ', 'Active', 425, 1456217165, 1, NULL, NULL, 426),
(426, 421, 'Khoajpur ', 'Active', 426, 1456217165, 1, NULL, NULL, 427),
(427, 422, 'Bahadurpur ', 'Active', 427, 1456217165, 1, NULL, NULL, 428),
(428, 65, 'Ramkantapur ', 'Active', 428, 1456217165, 1, NULL, NULL, 429),
(429, 99, 'Gayeshpur ', 'Active', 429, 1456217165, 1, NULL, NULL, 430),
(430, 99, 'Hemayetpur ', 'Active', 430, 1456217165, 1, NULL, NULL, 431),
(431, 422, 'Chhilarchar ', 'Active', 431, 1456217165, 1, NULL, NULL, 432),
(432, 99, 'Malnanchi ', 'Active', 432, 1456217165, 1, NULL, NULL, 433),
(433, 65, 'Sonapur ', 'Active', 433, 1456217165, 1, NULL, NULL, 434),
(434, 99, 'Maligachha ', 'Active', 434, 1456217165, 1, NULL, NULL, 435),
(435, 422, 'Dhurail ', 'Active', 435, 1456217165, 1, NULL, NULL, 436),
(436, 99, 'Sadullapur ', 'Active', 436, 1456217165, 1, NULL, NULL, 437),
(437, 422, 'Dudhkhali ', 'Active', 437, 1456217165, 1, NULL, NULL, 438),
(438, 422, 'Ghatmajhi ', 'Active', 438, 1456217165, 1, NULL, NULL, 439),
(439, 422, 'Jhaudi ', 'Active', 439, 1456217165, 1, NULL, NULL, 440),
(440, 422, 'Kalikapur ', 'Active', 440, 1456217165, 1, NULL, NULL, 441),
(441, 63, 'Char Josardi ', 'Active', 441, 1456217165, 1, NULL, NULL, 442),
(442, 422, 'Kendua ', 'Active', 442, 1456217165, 1, NULL, NULL, 443),
(443, 63, 'Dangi ', 'Active', 443, 1456217165, 1, NULL, NULL, 444),
(444, 317, 'KamarChak ', 'Active', 444, 1456217165, 1, NULL, NULL, 445),
(445, 422, 'Kunia ', 'Active', 445, 1456217165, 1, NULL, NULL, 446),
(446, 253, 'Bahadurabad ', 'Active', 446, 1456217165, 1, NULL, NULL, 447),
(447, 253, 'Char Amkhaoa ', 'Active', 447, 1456217165, 1, NULL, NULL, 448),
(448, 253, 'Chikajani ', 'Active', 448, 1456217165, 1, NULL, NULL, 449),
(449, 253, 'Chukaibari ', 'Active', 449, 1456217165, 1, NULL, NULL, 450),
(450, 422, 'Mostafapur ', 'Active', 450, 1456217165, 1, NULL, NULL, 451),
(451, 422, 'Panchkhola ', 'Active', 451, 1456217165, 1, NULL, NULL, 452),
(452, 422, 'Pearpur ', 'Active', 452, 1456217165, 1, NULL, NULL, 453),
(453, 422, 'Rasti ', 'Active', 453, 1456217165, 1, NULL, NULL, 454),
(454, 253, 'Dangdhara ', 'Active', 454, 1456217165, 1, NULL, NULL, 455),
(455, 422, 'Sirkhara ', 'Active', 455, 1456217165, 1, NULL, NULL, 456),
(456, 253, 'Dewanganj ', 'Active', 456, 1456217165, 1, NULL, NULL, 457),
(457, 423, 'Amgram ', 'Active', 457, 1456217165, 1, NULL, NULL, 458),
(458, 423, 'Badarpasha ', 'Active', 458, 1456217165, 1, NULL, NULL, 459),
(459, 253, 'Hatebhanga ', 'Active', 459, 1456217165, 1, NULL, NULL, 460),
(460, 423, 'Bajitpur ', 'Active', 460, 1456217165, 1, NULL, NULL, 461),
(461, 253, 'Parramrampur ', 'Active', 461, 1456217165, 1, NULL, NULL, 462),
(462, 254, 'Belgachha ', 'Active', 462, 1456217165, 1, NULL, NULL, 463),
(463, 423, 'Hossainpur ', 'Active', 463, 1456217165, 1, NULL, NULL, 464),
(464, 254, 'Char Goalini ', 'Active', 464, 1456217165, 1, NULL, NULL, 465),
(465, 423, 'Ishibpur ', 'Active', 465, 1456217165, 1, NULL, NULL, 466),
(466, 254, 'Char Putimari ', 'Active', 466, 1456217165, 1, NULL, NULL, 467),
(467, 423, 'Kabirajpur ', 'Active', 467, 1456217165, 1, NULL, NULL, 468),
(468, 254, 'Chinaduli ', 'Active', 468, 1456217165, 1, NULL, NULL, 469),
(469, 423, 'Kadambari ', 'Active', 469, 1456217165, 1, NULL, NULL, 470),
(470, 254, 'Gaibandha ', 'Active', 470, 1456217165, 1, NULL, NULL, 471),
(471, 423, 'Khalia ', 'Active', 471, 1456217165, 1, NULL, NULL, 472),
(472, 254, 'Goaler Char ', 'Active', 472, 1456217165, 1, NULL, NULL, 473),
(473, 423, 'Paikpara ', 'Active', 473, 1456217165, 1, NULL, NULL, 474),
(474, 254, 'Islampur ', 'Active', 474, 1456217165, 1, NULL, NULL, 475),
(475, 423, 'Rajoir ', 'Active', 475, 1456217165, 1, NULL, NULL, 476),
(476, 423, 'Mahendradi-Haridasdee ', 'Active', 476, 1456217165, 1, NULL, NULL, 477),
(477, 254, 'Kulkandi ', 'Active', 477, 1456217165, 1, NULL, NULL, 478),
(478, 424, 'Bandarkhola ', 'Active', 478, 1456217165, 1, NULL, NULL, 479),
(479, 254, 'Noarpara ', 'Active', 479, 1456217165, 1, NULL, NULL, 480),
(480, 424, 'Banshkandi ', 'Active', 480, 1456217165, 1, NULL, NULL, 481),
(481, 254, 'Palbandha ', 'Active', 481, 1456217165, 1, NULL, NULL, 482),
(482, 423, 'Boheratala ', 'Active', 482, 1456217165, 1, NULL, NULL, 483),
(483, 254, 'Patharsi ', 'Active', 483, 1456217165, 1, NULL, NULL, 484),
(484, 424, 'Bhadrasan ', 'Active', 484, 1456217165, 1, NULL, NULL, 485),
(485, 254, 'Sapdhari ', 'Active', 485, 1456217165, 1, NULL, NULL, 486),
(486, 424, 'Bhandarikandi ', 'Active', 486, 1456217165, 1, NULL, NULL, 487),
(487, 424, 'Charjanajat ', 'Active', 487, 1456217165, 1, NULL, NULL, 488),
(488, 255, 'Banshchara ', 'Active', 488, 1456217165, 1, NULL, NULL, 489),
(489, 424, 'Dattapara ', 'Active', 489, 1456217165, 1, NULL, NULL, 490),
(490, 255, 'Digpaith ', 'Active', 490, 1456217165, 1, NULL, NULL, 491),
(491, 424, 'Ditiya Khanda ', 'Active', 491, 1456217165, 1, NULL, NULL, 492),
(492, 255, 'Ghoradhap ', 'Active', 492, 1456217165, 1, NULL, NULL, 493),
(493, 424, 'Kadirpur ', 'Active', 493, 1456217165, 1, NULL, NULL, 494),
(494, 255, 'Itail ', 'Active', 494, 1456217165, 1, NULL, NULL, 495),
(495, 424, 'Kanthalbari ', 'Active', 495, 1456217165, 1, NULL, NULL, 496),
(496, 255, 'Kendua ', 'Active', 496, 1456217165, 1, NULL, NULL, 497),
(497, 424, 'Kutubpur ', 'Active', 497, 1456217165, 1, NULL, NULL, 498),
(498, 255, 'Laxmir Char ', 'Active', 498, 1456217165, 1, NULL, NULL, 499),
(499, 424, 'Madaber Char ', 'Active', 499, 1456217165, 1, NULL, NULL, 500),
(500, 254, 'Meshta ', 'Active', 500, 1456217165, 1, NULL, NULL, 501),
(501, 424, 'Nilakhi ', 'Active', 501, 1456217165, 1, NULL, NULL, 502),
(502, 254, 'Narundi ', 'Active', 502, 1456217165, 1, NULL, NULL, 503),
(503, 424, 'Panchchar ', 'Active', 503, 1456217165, 1, NULL, NULL, 504),
(504, 254, 'Ranagachha ', 'Active', 504, 1456217165, 1, NULL, NULL, 505),
(505, 424, 'Sannyasir Char ', 'Active', 505, 1456217165, 1, NULL, NULL, 506),
(506, 424, 'Shibchar ', 'Active', 506, 1456217165, 1, NULL, NULL, 507),
(507, 255, 'Rashidpur ', 'Active', 507, 1456217165, 1, NULL, NULL, 508),
(508, 424, 'Siruail ', 'Active', 508, 1456217165, 1, NULL, NULL, 509),
(509, 424, 'Umedpur ', 'Active', 509, 1456217165, 1, NULL, NULL, 510),
(510, 255, 'Sahabajpur ', 'Active', 510, 1456217165, 1, NULL, NULL, 511),
(511, 255, 'Sharifpur ', 'Active', 511, 1456217165, 1, NULL, NULL, 512),
(512, 255, 'Sreepur ', 'Active', 512, 1456217165, 1, NULL, NULL, 513),
(513, 255, 'Titpalla ', 'Active', 513, 1456217165, 1, NULL, NULL, 514),
(514, 35, 'Atharokhada ', 'Active', 514, 1456217165, 1, NULL, NULL, 515),
(515, 35, 'Beroil Palita ', 'Active', 515, 1456217165, 1, NULL, NULL, 516),
(516, 35, 'Bgia ', 'Active', 516, 1456217165, 1, NULL, NULL, 517),
(517, 35, 'Chaulia ', 'Active', 517, 1456217165, 1, NULL, NULL, 518),
(518, 35, 'Golapgram ', 'Active', 518, 1456217165, 1, NULL, NULL, 519),
(519, 422, 'Hazipur ', 'Active', 519, 1456217165, 1, NULL, NULL, 520),
(520, 35, 'Hazrapur ', 'Active', 520, 1456217165, 1, NULL, NULL, 521),
(521, 255, 'Meshta ', 'Active', 521, 1456217165, 1, NULL, NULL, 522),
(522, 35, 'Jagdal ', 'Active', 522, 1456217165, 1, NULL, NULL, 523),
(523, 255, 'Narundi ', 'Active', 523, 1456217165, 1, NULL, NULL, 524),
(524, 35, 'Kachuddi ', 'Active', 524, 1456217165, 1, NULL, NULL, 525),
(525, 35, 'Kuchiamora ', 'Active', 525, 1456217165, 1, NULL, NULL, 526),
(526, 255, 'Ranagachha ', 'Active', 526, 1456217165, 1, NULL, NULL, 527),
(527, 35, 'Moghi ', 'Active', 527, 1456217165, 1, NULL, NULL, 528),
(528, 35, 'Raghobdair ', 'Active', 528, 1456217165, 1, NULL, NULL, 529),
(529, 255, 'Tulsir Char ', 'Active', 529, 1456217165, 1, NULL, NULL, 530),
(530, 35, 'Satrujitpur ', 'Active', 530, 1456217165, 1, NULL, NULL, 531),
(531, 35, 'Rajapur ', 'Active', 531, 1456217165, 1, NULL, NULL, 532),
(532, 36, 'Babukhali ', 'Active', 532, 1456217165, 1, NULL, NULL, 533),
(533, 36, 'Balidia ', 'Active', 533, 1456217165, 1, NULL, NULL, 534),
(534, 36, 'Binodepur ', 'Active', 534, 1456217165, 1, NULL, NULL, 535),
(535, 36, 'Digha ', 'Active', 535, 1456217165, 1, NULL, NULL, 536),
(536, 36, 'Mohammadpur ', 'Active', 536, 1456217165, 1, NULL, NULL, 537),
(537, 36, 'Nahata ', 'Active', 537, 1456217165, 1, NULL, NULL, 538),
(538, 36, 'Palashbaria ', 'Active', 538, 1456217165, 1, NULL, NULL, 539),
(539, 256, 'Adarbhita ', 'Active', 539, 1456217165, 1, NULL, NULL, 540),
(540, 37, 'Ambalshwar ', 'Active', 540, 1456217165, 1, NULL, NULL, 541),
(541, 256, 'Balijuri ', 'Active', 541, 1456217165, 1, NULL, NULL, 542),
(542, 37, 'Dariapur ', 'Active', 542, 1456217165, 1, NULL, NULL, 543),
(543, 256, 'Char Pakerdaha ', 'Active', 543, 1456217165, 1, NULL, NULL, 544),
(544, 37, 'Gayeshpur ', 'Active', 544, 1456217165, 1, NULL, NULL, 545),
(545, 182, 'Barashashi ', 'Active', 545, 1456217165, 1, NULL, NULL, 546),
(546, 256, 'Gunaritola ', 'Active', 546, 1456217165, 1, NULL, NULL, 547),
(547, 37, 'Kadirpara ', 'Active', 547, 1456217165, 1, NULL, NULL, 548),
(548, 256, 'Jorekhali ', 'Active', 548, 1456217165, 1, NULL, NULL, 549),
(549, 182, 'Benghari Banagram ', 'Active', 549, 1456217165, 1, NULL, NULL, 550),
(550, 37, 'Nakol ', 'Active', 550, 1456217165, 1, NULL, NULL, 551),
(551, 37, 'Sabdalpur ', 'Active', 551, 1456217165, 1, NULL, NULL, 552),
(552, 256, 'Karaichura ', 'Active', 552, 1456217165, 1, NULL, NULL, 553),
(553, 182, 'Boda ', 'Active', 553, 1456217165, 1, NULL, NULL, 554),
(554, 37, 'Sreekol ', 'Active', 554, 1456217165, 1, NULL, NULL, 555),
(555, 182, 'Chandanbari ', 'Active', 555, 1456217165, 1, NULL, NULL, 556),
(556, 256, 'Sidhuli ', 'Active', 556, 1456217165, 1, NULL, NULL, 557),
(557, 37, 'Sreepur ', 'Active', 557, 1456217165, 1, NULL, NULL, 558),
(558, 182, 'Jhaloishalshiri ', 'Active', 558, 1456217165, 1, NULL, NULL, 559),
(559, 63, 'Fulsuti ', 'Active', 559, 1456217165, 1, NULL, NULL, 560),
(560, 182, 'Kajaldighi Kaliaganj ', 'Active', 560, 1456217165, 1, NULL, NULL, 561),
(561, 257, 'Adra ', 'Active', 561, 1456217165, 1, NULL, NULL, 562),
(562, 182, 'Maidandighi ', 'Active', 562, 1456217165, 1, NULL, NULL, 563),
(563, 257, 'Char Banipakuria ', 'Active', 563, 1456217165, 1, NULL, NULL, 564),
(564, 182, 'Marea Bamanhat ', 'Active', 564, 1456217165, 1, NULL, NULL, 565),
(565, 257, 'Durmut ', 'Active', 565, 1456217165, 1, NULL, NULL, 566),
(566, 212, 'Betila-Mitra ', 'Active', 566, 1456217165, 1, NULL, NULL, 567),
(567, 182, 'Panchpir ', 'Active', 567, 1456217165, 1, NULL, NULL, 568),
(568, 257, 'Fulkocha ', 'Active', 568, 1456217165, 1, NULL, NULL, 569),
(569, 182, 'Sakoa ', 'Active', 569, 1456217165, 1, NULL, NULL, 570),
(570, 212, 'Atigram ', 'Active', 570, 1456217165, 1, NULL, NULL, 571),
(571, 257, 'Ghosher Para ', 'Active', 571, 1456217165, 1, NULL, NULL, 572),
(572, 212, 'Bhararia ', 'Active', 572, 1456217165, 1, NULL, NULL, 573),
(573, 257, 'Jhaugara ', 'Active', 573, 1456217165, 1, NULL, NULL, 574),
(574, 212, 'Dighi ', 'Active', 574, 1456217165, 1, NULL, NULL, 575),
(575, 181, 'Alowakhaowa ', 'Active', 575, 1456217165, 1, NULL, NULL, 576),
(576, 257, 'Kulia ', 'Active', 576, 1456217165, 1, NULL, NULL, 577),
(577, 212, 'Garpara ', 'Active', 577, 1456217165, 1, NULL, NULL, 578),
(578, 181, 'Balarampur ', 'Active', 578, 1456217165, 1, NULL, NULL, 579),
(579, 212, 'Hatipara ', 'Active', 579, 1456217165, 1, NULL, NULL, 580),
(580, 257, 'Mahmudpur ', 'Active', 580, 1456217165, 1, NULL, NULL, 581),
(581, 212, 'Jagir ', 'Active', 581, 1456217165, 1, NULL, NULL, 582),
(582, 257, 'Nangla ', 'Active', 582, 1456217165, 1, NULL, NULL, 583),
(583, 212, 'Krishnapur ', 'Active', 583, 1456217165, 1, NULL, NULL, 584),
(584, 181, 'Dhamor ', 'Active', 584, 1456217165, 1, NULL, NULL, 585),
(585, 257, 'Nayanagar ', 'Active', 585, 1456217165, 1, NULL, NULL, 586),
(586, 212, 'Nabagram ', 'Active', 586, 1456217165, 1, NULL, NULL, 587),
(587, 181, 'Mirzapur ', 'Active', 587, 1456217165, 1, NULL, NULL, 588),
(588, 257, 'Shyampur ', 'Active', 588, 1456217165, 1, NULL, NULL, 589),
(589, 212, 'Putail ', 'Active', 589, 1456217165, 1, NULL, NULL, 590),
(590, 181, 'Radhanagar ', 'Active', 590, 1456217165, 1, NULL, NULL, 591),
(591, 258, 'Aona ', 'Active', 591, 1456217165, 1, NULL, NULL, 592),
(592, 181, 'Toreya ', 'Active', 592, 1456217165, 1, NULL, NULL, 593),
(593, 63, 'Kaichail ', 'Active', 593, 1456217165, 1, NULL, NULL, 594),
(594, 258, 'Bhatara ', 'Active', 594, 1456217165, 1, NULL, NULL, 595),
(595, 258, 'Doail ', 'Active', 595, 1456217165, 1, NULL, NULL, 596),
(596, 183, 'Changthihazaradanga ', 'Active', 596, 1456217165, 1, NULL, NULL, 597),
(597, 209, 'Bachamara ', 'Active', 597, 1456217165, 1, NULL, NULL, 598),
(598, 258, 'Kamrabad ', 'Active', 598, 1456217165, 1, NULL, NULL, 599),
(599, 63, 'Laskardia ', 'Active', 599, 1456217165, 1, NULL, NULL, 600),
(600, 258, 'Mahadan ', 'Active', 600, 1456217165, 1, NULL, NULL, 601),
(601, 258, 'Pingna ', 'Active', 601, 1456217165, 1, NULL, NULL, 602),
(602, 209, 'Baghutia ', 'Active', 602, 1456217165, 1, NULL, NULL, 603),
(603, 63, 'Kodalia Shahid Nagar ', 'Active', 603, 1456217165, 1, NULL, NULL, 604),
(604, 258, 'Pogaldigha ', 'Active', 604, 1456217165, 1, NULL, NULL, 605),
(605, 209, 'Chakmirpur ', 'Active', 605, 1456217165, 1, NULL, NULL, 606),
(606, 258, 'Satpoa ', 'Active', 606, 1456217165, 1, NULL, NULL, 607),
(607, 209, 'Char Katari ', 'Active', 607, 1456217165, 1, NULL, NULL, 608),
(608, 183, 'Chilahati ', 'Active', 608, 1456217165, 1, NULL, NULL, 609),
(609, 209, 'Dhamswar ', 'Active', 609, 1456217165, 1, NULL, NULL, 610),
(610, 252, 'Bagar Char ', 'Active', 610, 1456217165, 1, NULL, NULL, 611),
(611, 209, 'Jiyanpur ', 'Active', 611, 1456217165, 1, NULL, NULL, 612),
(612, 252, 'Bakshiganj ', 'Active', 612, 1456217165, 1, NULL, NULL, 613),
(613, 183, 'Dandapal ', 'Active', 613, 1456217165, 1, NULL, NULL, 614),
(614, 209, 'Kolia ', 'Active', 614, 1456217165, 1, NULL, NULL, 615),
(615, 252, 'Battajore ', 'Active', 615, 1456217165, 1, NULL, NULL, 616),
(616, 183, 'Debiduba ', 'Active', 616, 1456217165, 1, NULL, NULL, 617),
(617, 63, 'Purapara ', 'Active', 617, 1456217165, 1, NULL, NULL, 618),
(618, 209, 'Khalshi ', 'Active', 618, 1456217165, 1, NULL, NULL, 619),
(619, 252, 'Dhanua Kamalpur ', 'Active', 619, 1456217165, 1, NULL, NULL, 620),
(620, 183, 'Debiganj ', 'Active', 620, 1456217165, 1, NULL, NULL, 621),
(621, 211, 'Azimnagar ', 'Active', 621, 1456217165, 1, NULL, NULL, 622),
(622, 183, 'Pamuli ', 'Active', 622, 1456217165, 1, NULL, NULL, 623),
(623, 252, 'Merur Char ', 'Active', 623, 1456217165, 1, NULL, NULL, 624),
(624, 211, 'Balla ', 'Active', 624, 1456217165, 1, NULL, NULL, 625),
(625, 63, 'Ramnagar ', 'Active', 625, 1456217165, 1, NULL, NULL, 626),
(626, 183, 'Shaldanga ', 'Active', 626, 1456217165, 1, NULL, NULL, 627),
(627, 211, 'Balra ', 'Active', 627, 1456217165, 1, NULL, NULL, 628),
(628, 252, 'Nilaxmia ', 'Active', 628, 1456217165, 1, NULL, NULL, 629),
(629, 183, 'Sonahar ', 'Active', 629, 1456217165, 1, NULL, NULL, 630),
(630, 211, 'Boyra ', 'Active', 630, 1456217165, 1, NULL, NULL, 631),
(631, 211, 'Chala ', 'Active', 631, 1456217165, 1, NULL, NULL, 632),
(632, 252, 'Sadhu Para ', 'Active', 632, 1456217165, 1, NULL, NULL, 633),
(633, 183, 'Sundardighi ', 'Active', 633, 1456217165, 1, NULL, NULL, 634),
(634, 211, 'Dhulsura ', 'Active', 634, 1456217165, 1, NULL, NULL, 635),
(635, 183, 'Tepriganj ', 'Active', 635, 1456217165, 1, NULL, NULL, 636),
(636, 211, 'Gala ', 'Active', 636, 1456217165, 1, NULL, NULL, 637),
(637, 211, 'Gopinathpur ', 'Active', 637, 1456217165, 1, NULL, NULL, 638),
(638, 184, 'Amarkhana ', 'Active', 638, 1456217165, 1, NULL, NULL, 639),
(639, 211, 'Harukandi ', 'Active', 639, 1456217165, 1, NULL, NULL, 640),
(640, 63, 'Talma ', 'Active', 640, 1456217165, 1, NULL, NULL, 641),
(641, 184, 'Chaklahat ', 'Active', 641, 1456217165, 1, NULL, NULL, 642),
(642, 211, 'Kanchanpur ', 'Active', 642, 1456217165, 1, NULL, NULL, 643),
(643, 184, 'Hafizabad ', 'Active', 643, 1456217165, 1, NULL, NULL, 644),
(644, 211, 'Lechraganj ', 'Active', 644, 1456217165, 1, NULL, NULL, 645),
(645, 184, 'Dhakkamara ', 'Active', 645, 1456217165, 1, NULL, NULL, 646),
(646, 211, 'Ramkrishnapur ', 'Active', 646, 1456217165, 1, NULL, NULL, 647),
(647, 184, 'Garinabari ', 'Active', 647, 1456217165, 1, NULL, NULL, 648),
(648, 211, 'Sutalari ', 'Active', 648, 1456217165, 1, NULL, NULL, 649),
(649, 184, 'Haribhasha ', 'Active', 649, 1456217165, 1, NULL, NULL, 650),
(650, 184, 'Kamat Kajaldighi ', 'Active', 650, 1456217165, 1, NULL, NULL, 651),
(651, 213, 'Baliati ', 'Active', 651, 1456217165, 1, NULL, NULL, 652),
(652, 184, 'Magura ', 'Active', 652, 1456217165, 1, NULL, NULL, 653),
(653, 213, 'Baraid ', 'Active', 653, 1456217165, 1, NULL, NULL, 654),
(654, 15, 'Juhurpur', 'Active', 654, 1456217165, 1, NULL, NULL, 655),
(655, 184, 'Panchagarh ', 'Active', 655, 1456217165, 1, NULL, NULL, 656),
(656, 213, 'Daragram ', 'Active', 656, 1456217165, 1, NULL, NULL, 657),
(657, 184, 'Satmera ', 'Active', 657, 1456217165, 1, NULL, NULL, 658),
(658, 15, 'Bondbila', 'Active', 658, 1456217165, 1, NULL, NULL, 659),
(659, 57, 'Alfadanga ', 'Active', 659, 1456217165, 1, NULL, NULL, 660),
(660, 15, 'Raypur', 'Active', 660, 1456217165, 1, NULL, NULL, 661),
(661, 185, 'Banglabandha ', 'Active', 661, 1456217165, 1, NULL, NULL, 662),
(662, 15, 'Narilelbaria', 'Active', 662, 1456217165, 1, NULL, NULL, 663),
(663, 15, 'Dholgram', 'Active', 663, 1456217165, 1, NULL, NULL, 664),
(664, 57, 'Bana ', 'Active', 664, 1456217165, 1, NULL, NULL, 665),
(665, 185, 'Bhajonpur ', 'Active', 665, 1456217165, 1, NULL, NULL, 666),
(666, 15, 'Dohakula', 'Active', 666, 1456217165, 1, NULL, NULL, 667),
(667, 213, 'Dighulia ', 'Active', 667, 1456217165, 1, NULL, NULL, 668),
(668, 185, 'Debnagar ', 'Active', 668, 1456217165, 1, NULL, NULL, 669),
(669, 213, 'Dhankora ', 'Active', 669, 1456217165, 1, NULL, NULL, 670),
(670, 185, 'Buraburi ', 'Active', 670, 1456217165, 1, NULL, NULL, 671),
(671, 15, 'Dorajhat', 'Active', 671, 1456217165, 1, NULL, NULL, 672),
(672, 185, 'Salbahan ', 'Active', 672, 1456217165, 1, NULL, NULL, 673),
(673, 213, 'Fukurhati ', 'Active', 673, 1456217165, 1, NULL, NULL, 674),
(674, 15, 'Basudia', 'Active', 674, 1456217165, 1, NULL, NULL, 675),
(675, 185, 'Tentulia ', 'Active', 675, 1456217165, 1, NULL, NULL, 676),
(676, 15, 'Jamdia', 'Active', 676, 1456217165, 1, NULL, NULL, 677),
(677, 185, 'Tirnoihat ', 'Active', 677, 1456217165, 1, NULL, NULL, 678),
(678, 213, 'Hargaz ', 'Active', 678, 1456217165, 1, NULL, NULL, 679),
(679, 212, 'Saturia ', 'Active', 679, 1456217165, 1, NULL, NULL, 680),
(680, 213, 'Tilli ', 'Active', 680, 1456217165, 1, NULL, NULL, 681),
(681, 214, 'Arua ', 'Active', 681, 1456217165, 1, NULL, NULL, 682),
(682, 214, 'Mohadebpur ', 'Active', 682, 1456217165, 1, NULL, NULL, 683),
(683, 14, 'Prembag Union Parishod ', 'Active', 683, 1456217165, 1, NULL, NULL, 684),
(684, 214, 'Shimulia ', 'Active', 684, 1456217165, 1, NULL, NULL, 685),
(685, 14, 'Sundli  Union Parishod ', 'Active', 685, 1456217165, 1, NULL, NULL, 686),
(686, 214, 'Shibalay ', 'Active', 686, 1456217165, 1, NULL, NULL, 687),
(687, 57, 'Buraich ', 'Active', 687, 1456217165, 1, NULL, NULL, 688),
(688, 14, 'Colishia  Union Parishod ', 'Active', 688, 1456217165, 1, NULL, NULL, 689),
(689, 214, 'Teota ', 'Active', 689, 1456217165, 1, NULL, NULL, 690),
(690, 14, 'Payra  Union Parishod ', 'Active', 690, 1456217165, 1, NULL, NULL, 691),
(691, 393, 'Amkhola ', 'Active', 691, 1456217165, 1, NULL, NULL, 692),
(692, 57, 'Gopalpur ', 'Active', 692, 1456217165, 1, NULL, NULL, 693),
(693, 14, 'Sreedhorpur Union Parishod ', 'Active', 693, 1456217165, 1, NULL, NULL, 694),
(694, 214, 'Ulail ', 'Active', 694, 1456217165, 1, NULL, NULL, 695),
(695, 393, 'Bakulbaria ', 'Active', 695, 1456217165, 1, NULL, NULL, 696),
(696, 14, 'Baghutia Union Parishod ', 'Active', 696, 1456217165, 1, NULL, NULL, 697),
(697, 214, 'Uthuli ', 'Active', 697, 1456217165, 1, NULL, NULL, 698),
(698, 57, 'Panchuria ', 'Active', 698, 1456217165, 1, NULL, NULL, 699),
(699, 393, 'Bara Baisdia ', 'Active', 699, 1456217165, 1, NULL, NULL, 700),
(700, 14, 'Shuvorada Union Parishod ', 'Active', 700, 1456217165, 1, NULL, NULL, 701),
(701, 215, 'Bayra ', 'Active', 701, 1456217165, 1, NULL, NULL, 702),
(702, 57, 'Tagarband ', 'Active', 702, 1456217165, 1, NULL, NULL, 703),
(703, 393, 'Chalitabunia ', 'Active', 703, 1456217165, 1, NULL, NULL, 704),
(704, 14, 'Siddhipasha Union Parishod ', 'Active', 704, 1456217165, 1, NULL, NULL, 705),
(705, 215, 'Baldhara ', 'Active', 705, 1456217165, 1, NULL, NULL, 706),
(706, 215, 'Chandhar ', 'Active', 706, 1456217165, 1, NULL, NULL, 707),
(707, 20, 'Rohita Union', 'Active', 707, 1456217165, 1, NULL, NULL, 708),
(708, 215, 'Charigram ', 'Active', 708, 1456217165, 1, NULL, NULL, 709),
(709, 58, 'Algi ', 'Active', 709, 1456217165, 1, NULL, NULL, 710),
(710, 20, 'Kashimnagar  Union', 'Active', 710, 1456217165, 1, NULL, NULL, 711),
(711, 215, 'Dhalla ', 'Active', 711, 1456217165, 1, NULL, NULL, 712),
(712, 58, 'Azimnagar ', 'Active', 712, 1456217165, 1, NULL, NULL, 713);
INSERT INTO `ems_unions` (`id`, `upazilla_id`, `name`, `status`, `ordering`, `date_created`, `user_created`, `date_updated`, `user_updated`, `old_union_id`) VALUES
(713, 215, 'Joymantap ', 'Active', 713, 1456217165, 1, NULL, NULL, 714),
(714, 215, 'Jarmita ', 'Active', 714, 1456217165, 1, NULL, NULL, 715),
(715, 215, 'Jamsha ', 'Active', 715, 1456217165, 1, NULL, NULL, 716),
(716, 215, 'Sayesta ', 'Active', 716, 1456217165, 1, NULL, NULL, 717),
(717, 58, 'Chumurdi ', 'Active', 717, 1456217165, 1, NULL, NULL, 718),
(718, 215, 'Singair ', 'Active', 718, 1456217165, 1, NULL, NULL, 719),
(719, 215, 'Talebpur ', 'Active', 719, 1456217165, 1, NULL, NULL, 720),
(720, 210, 'Baliakhora ', 'Active', 720, 1456217165, 1, NULL, NULL, 721),
(721, 58, 'Chandra ', 'Active', 721, 1456217165, 1, NULL, NULL, 722),
(722, 210, 'Baniajuri ', 'Active', 722, 1456217165, 1, NULL, NULL, 723),
(723, 58, 'Gharua ', 'Active', 723, 1456217165, 1, NULL, NULL, 724),
(724, 210, 'Baratia ', 'Active', 724, 1456217165, 1, NULL, NULL, 725),
(725, 210, 'Ghior ', 'Active', 725, 1456217165, 1, NULL, NULL, 726),
(726, 210, 'Nali ', 'Active', 726, 1456217165, 1, NULL, NULL, 727),
(727, 58, 'Hamirdi ', 'Active', 727, 1456217165, 1, NULL, NULL, 728),
(728, 210, 'Poyla ', 'Active', 728, 1456217165, 1, NULL, NULL, 729),
(729, 58, 'Kalamridha ', 'Active', 729, 1456217165, 1, NULL, NULL, 730),
(730, 210, 'Singjuri ', 'Active', 730, 1456217165, 1, NULL, NULL, 731),
(731, 58, 'Kaolibera ', 'Active', 731, 1456217165, 1, NULL, NULL, 732),
(732, 19, 'Hoibotpur  ', 'Active', 732, 1456217165, 1, NULL, NULL, 733),
(733, 19, 'Lebutola  ', 'Active', 733, 1456217165, 1, NULL, NULL, 734),
(734, 19, 'Ichali   ', 'Active', 734, 1456217165, 1, NULL, NULL, 735),
(735, 58, 'Manikdaha ', 'Active', 735, 1456217165, 1, NULL, NULL, 736),
(736, 58, 'Nasirabad ', 'Active', 736, 1456217165, 1, NULL, NULL, 737),
(737, 58, 'Nurullaganj ', 'Active', 737, 1456217165, 1, NULL, NULL, 738),
(738, 58, 'Tuzarpur ', 'Active', 738, 1456217165, 1, NULL, NULL, 739),
(739, 19, 'Nowapara   ', 'Active', 739, 1456217165, 1, NULL, NULL, 740),
(740, 19, 'Uposohor  ', 'Active', 740, 1456217165, 1, NULL, NULL, 741),
(741, 59, 'Boalmari ', 'Active', 741, 1456217165, 1, NULL, NULL, 742),
(742, 19, 'Kashimpurv  ', 'Active', 742, 1456217165, 1, NULL, NULL, 743),
(743, 59, 'Chandpur ', 'Active', 743, 1456217165, 1, NULL, NULL, 744),
(744, 19, 'Churdamon kathi   ', 'Active', 744, 1456217165, 1, NULL, NULL, 745),
(745, 59, 'Chatul ', 'Active', 745, 1456217165, 1, NULL, NULL, 746),
(746, 42, 'gangni Upazila ', 'Active', 746, 1456217165, 1, NULL, NULL, 747),
(747, 19, 'Dewora   ', 'Active', 747, 1456217165, 1, NULL, NULL, 748),
(748, 59, 'Dadpur ', 'Active', 748, 1456217165, 1, NULL, NULL, 749),
(749, 19, 'Arobpur   ', 'Active', 749, 1456217165, 1, NULL, NULL, 750),
(750, 19, ' Cachra  ', 'Active', 750, 1456217165, 1, NULL, NULL, 751),
(751, 59, 'Ghoshpur ', 'Active', 751, 1456217165, 1, NULL, NULL, 752),
(752, 19, 'Ramnagor   ', 'Active', 752, 1456217165, 1, NULL, NULL, 753),
(753, 42, 'Bamundi ', 'Active', 753, 1456217165, 1, NULL, NULL, 754),
(754, 59, 'Gunbaha ', 'Active', 754, 1456217165, 1, NULL, NULL, 755),
(755, 19, 'Fothepur   ', 'Active', 755, 1456217165, 1, NULL, NULL, 756),
(756, 59, 'Moyna ', 'Active', 756, 1456217165, 1, NULL, NULL, 757),
(757, 19, 'Kochua   ', 'Active', 757, 1456217165, 1, NULL, NULL, 758),
(758, 19, 'Norendrpur   ', 'Active', 758, 1456217165, 1, NULL, NULL, 759),
(759, 59, 'Parameshwardi ', 'Active', 759, 1456217165, 1, NULL, NULL, 760),
(760, 59, 'Rupapat ', 'Active', 760, 1456217165, 1, NULL, NULL, 761),
(761, 19, ' Boshundia   ', 'Active', 761, 1456217165, 1, NULL, NULL, 762),
(762, 59, 'Satair ', 'Active', 762, 1456217165, 1, NULL, NULL, 763),
(763, 42, 'Dhankhola ', 'Active', 763, 1456217165, 1, NULL, NULL, 764),
(764, 393, 'Char Kajal ', 'Active', 764, 1456217165, 1, NULL, NULL, 765),
(765, 59, 'Shekhar ', 'Active', 765, 1456217165, 1, NULL, NULL, 766),
(766, 20, 'Vojgati  Union', 'Active', 766, 1456217165, 1, NULL, NULL, 767),
(767, 42, 'Roypur ', 'Active', 767, 1456217165, 1, NULL, NULL, 768),
(768, 393, 'Chhota Baisdia ', 'Active', 768, 1456217165, 1, NULL, NULL, 769),
(769, 20, 'Dakuria  Union', 'Active', 769, 1456217165, 1, NULL, NULL, 770),
(770, 393, 'Chiknikandi ', 'Active', 770, 1456217165, 1, NULL, NULL, 771),
(771, 393, 'Dakua ', 'Active', 771, 1456217165, 1, NULL, NULL, 772),
(772, 20, 'Horidaskati  Union', 'Active', 772, 1456217165, 1, NULL, NULL, 773),
(773, 393, 'Galachipa ', 'Active', 773, 1456217165, 1, NULL, NULL, 774),
(774, 42, 'Kathuli ', 'Active', 774, 1456217165, 1, NULL, NULL, 775),
(775, 20, 'Monirampur  Union', 'Active', 775, 1456217165, 1, NULL, NULL, 776),
(776, 393, 'Golkhali ', 'Active', 776, 1456217165, 1, NULL, NULL, 777),
(777, 60, 'Charbhadrasan ', 'Active', 777, 1456217165, 1, NULL, NULL, 778),
(778, 20, ' Khedapar  Union', 'Active', 778, 1456217165, 1, NULL, NULL, 779),
(779, 42, 'Kazipur ', 'Active', 779, 1456217165, 1, NULL, NULL, 780),
(780, 20, 'Horihoron  Union', 'Active', 780, 1456217165, 1, NULL, NULL, 781),
(781, 42, 'Mothmura ', 'Active', 781, 1456217165, 1, NULL, NULL, 782),
(782, 60, 'Char Harirampur ', 'Active', 782, 1456217165, 1, NULL, NULL, 783),
(783, 393, 'Golkhali ', 'Active', 783, 1456217165, 1, NULL, NULL, 784),
(784, 20, 'Jahapa  Union', 'Active', 784, 1456217165, 1, NULL, NULL, 785),
(785, 42, 'Shaharbati ', 'Active', 785, 1456217165, 1, NULL, NULL, 786),
(786, 42, 'Sholataka ', 'Active', 786, 1456217165, 1, NULL, NULL, 787),
(787, 393, 'Panpatty ', 'Active', 787, 1456217165, 1, NULL, NULL, 788),
(788, 20, 'Mashimnagar  Union', 'Active', 788, 1456217165, 1, NULL, NULL, 789),
(789, 60, 'Char Jhaukanda ', 'Active', 789, 1456217165, 1, NULL, NULL, 790),
(790, 393, 'Rangabali ', 'Active', 790, 1456217165, 1, NULL, NULL, 791),
(791, 42, 'Tentulbaria ', 'Active', 791, 1456217165, 1, NULL, NULL, 792),
(792, 20, 'Caluahati  Union', 'Active', 792, 1456217165, 1, NULL, NULL, 793),
(793, 43, 'Bagoan ', 'Active', 793, 1456217165, 1, NULL, NULL, 794),
(794, 20, 'Sayemkurd  Union', 'Active', 794, 1456217165, 1, NULL, NULL, 795),
(795, 60, 'Gazirtek ', 'Active', 795, 1456217165, 1, NULL, NULL, 796),
(796, 20, 'Khanpur Union', 'Active', 796, 1456217165, 1, NULL, NULL, 797),
(797, 43, 'Dariapur ', 'Active', 797, 1456217165, 1, NULL, NULL, 798),
(798, 393, 'Ratandi Taltali ', 'Active', 798, 1456217165, 1, NULL, NULL, 799),
(799, 43, 'Mahajonpur ', 'Active', 799, 1456217165, 1, NULL, NULL, 800),
(800, 20, 'Durbadanga Union', 'Active', 800, 1456217165, 1, NULL, NULL, 801),
(801, 393, 'Char Bishwas ', 'Active', 801, 1456217165, 1, NULL, NULL, 802),
(802, 43, 'Monakhali ', 'Active', 802, 1456217165, 1, NULL, NULL, 803),
(803, 20, 'kultia Union', 'Active', 803, 1456217165, 1, NULL, NULL, 804),
(804, 393, 'Char Montaj ', 'Active', 804, 1456217165, 1, NULL, NULL, 805),
(805, 44, 'Amdaha ', 'Active', 805, 1456217165, 1, NULL, NULL, 806),
(806, 20, 'Nehalpur Union', 'Active', 806, 1456217165, 1, NULL, NULL, 807),
(807, 393, 'Gazalia ', 'Active', 807, 1456217165, 1, NULL, NULL, 808),
(808, 20, 'Monuharpur Union', 'Active', 808, 1456217165, 1, NULL, NULL, 809),
(809, 44, 'Amjhupi ', 'Active', 809, 1456217165, 1, NULL, NULL, 810),
(810, 61, 'Aliabad ', 'Active', 810, 1456217165, 1, NULL, NULL, 811),
(811, 393, 'Kallyankalas ', 'Active', 811, 1456217165, 1, NULL, NULL, 812),
(812, 44, 'Buripota ', 'Active', 812, 1456217165, 1, NULL, NULL, 813),
(813, 18, 'Trimohini Union ', 'Active', 813, 1456217165, 1, NULL, NULL, 814),
(814, 61, 'Ambikapur ', 'Active', 814, 1456217165, 1, NULL, NULL, 815),
(815, 44, 'Kutubpur ', 'Active', 815, 1456217165, 1, NULL, NULL, 816),
(816, 18, 'Sagordari  Union ', 'Active', 816, 1456217165, 1, NULL, NULL, 817),
(817, 44, 'Pirojpur ', 'Active', 817, 1456217165, 1, NULL, NULL, 818),
(818, 61, 'Charmadhabdia ', 'Active', 818, 1456217165, 1, NULL, NULL, 819),
(819, 18, 'Mojidpur  Union ', 'Active', 819, 1456217165, 1, NULL, NULL, 820),
(820, 61, 'Dikrirchar ', 'Active', 820, 1456217165, 1, NULL, NULL, 821),
(821, 18, 'Bidannondkati  Union ', 'Active', 821, 1456217165, 1, NULL, NULL, 822),
(822, 18, 'Mongolkot Union ', 'Active', 822, 1456217165, 1, NULL, NULL, 823),
(823, 18, 'Keshobpur Union ', 'Active', 823, 1456217165, 1, NULL, NULL, 824),
(824, 61, 'Gerda ', 'Active', 824, 1456217165, 1, NULL, NULL, 825),
(825, 18, 'Pajia Union ', 'Active', 825, 1456217165, 1, NULL, NULL, 826),
(826, 18, 'Shufolakati Union ', 'Active', 826, 1456217165, 1, NULL, NULL, 827),
(827, 61, 'Ishangopalpur ', 'Active', 827, 1456217165, 1, NULL, NULL, 828),
(828, 61, 'Koijuri ', 'Active', 828, 1456217165, 1, NULL, NULL, 829),
(829, 61, 'Kanaipur ', 'Active', 829, 1456217165, 1, NULL, NULL, 830),
(830, 390, 'Alipura ', 'Active', 830, 1456217165, 1, NULL, NULL, 831),
(831, 390, 'Bahrampur ', 'Active', 831, 1456217165, 1, NULL, NULL, 832),
(832, 390, 'Banshbaria ', 'Active', 832, 1456217165, 1, NULL, NULL, 833),
(833, 390, 'Betagi Sankipur ', 'Active', 833, 1456217165, 1, NULL, NULL, 834),
(834, 18, 'Gourighana Union ', 'Active', 834, 1456217165, 1, NULL, NULL, 835),
(835, 390, 'Dashmina ', 'Active', 835, 1456217165, 1, NULL, NULL, 836),
(836, 390, 'Rangopaldi ', 'Active', 836, 1456217165, 1, NULL, NULL, 837),
(837, 394, 'Chakamaiya ', 'Active', 837, 1456217165, 1, NULL, NULL, 838),
(838, 394, 'Khaprabhanga ', 'Active', 838, 1456217165, 1, NULL, NULL, 839),
(839, 394, 'Dhulaswar ', 'Active', 839, 1456217165, 1, NULL, NULL, 840),
(840, 394, 'Lalua ', 'Active', 840, 1456217165, 1, NULL, NULL, 841),
(841, 393, 'Lata Chapli ', 'Active', 841, 1456217165, 1, NULL, NULL, 842),
(842, 61, 'Krishnanagar ', 'Active', 842, 1456217165, 1, NULL, NULL, 843),
(843, 61, 'Machhar ', 'Active', 843, 1456217165, 1, NULL, NULL, 844),
(844, 394, 'Lata Chapli ', 'Active', 844, 1456217165, 1, NULL, NULL, 845),
(845, 61, 'Northchannel ', 'Active', 845, 1456217165, 1, NULL, NULL, 846),
(846, 394, 'Dhankhali ', 'Active', 846, 1456217165, 1, NULL, NULL, 847),
(847, 393, 'Mithaganj ', 'Active', 847, 1456217165, 1, NULL, NULL, 848),
(848, 394, 'Nilganj ', 'Active', 848, 1456217165, 1, NULL, NULL, 849),
(849, 394, 'Tiakhali ', 'Active', 849, 1456217165, 1, NULL, NULL, 850),
(850, 395, 'Amragachhia ', 'Active', 850, 1456217165, 1, NULL, NULL, 851),
(851, 17, 'Bankura ', 'Active', 851, 1456217165, 1, NULL, NULL, 852),
(852, 64, 'Akoter Char ', 'Active', 852, 1456217165, 1, NULL, NULL, 853),
(853, 395, 'Deuli Subidkhali ', 'Active', 853, 1456217165, 1, NULL, NULL, 854),
(854, 17, 'Ganganandapur ', 'Active', 854, 1456217165, 1, NULL, NULL, 855),
(855, 395, 'Kakrabunia ', 'Active', 855, 1456217165, 1, NULL, NULL, 856),
(856, 64, 'Bhashanchar ', 'Active', 856, 1456217165, 1, NULL, NULL, 857),
(857, 395, 'Mazidbaria ', 'Active', 857, 1456217165, 1, NULL, NULL, 858),
(858, 17, 'Gadkhali ', 'Active', 858, 1456217165, 1, NULL, NULL, 859),
(859, 395, 'Madhabkhali ', 'Active', 859, 1456217165, 1, NULL, NULL, 860),
(860, 17, 'Hajirbag ', 'Active', 860, 1456217165, 1, NULL, NULL, 861),
(861, 64, 'Char Bishnupur ', 'Active', 861, 1456217165, 1, NULL, NULL, 862),
(862, 395, 'Mirzaganj ', 'Active', 862, 1456217165, 1, NULL, NULL, 863),
(863, 17, 'Jhikargachha ', 'Active', 863, 1456217165, 1, NULL, NULL, 864),
(864, 64, 'Char Manair ', 'Active', 864, 1456217165, 1, NULL, NULL, 865),
(865, 396, 'Badarpur ', 'Active', 865, 1456217165, 1, NULL, NULL, 866),
(866, 64, 'Char Nasirpur ', 'Active', 866, 1456217165, 1, NULL, NULL, 867),
(867, 396, 'Chhota Bighai ', 'Active', 867, 1456217165, 1, NULL, NULL, 868),
(868, 64, 'Dheukhali ', 'Active', 868, 1456217165, 1, NULL, NULL, 869),
(869, 396, 'Auliapur ', 'Active', 869, 1456217165, 1, NULL, NULL, 870),
(870, 64, 'Krishnapur ', 'Active', 870, 1456217165, 1, NULL, NULL, 871),
(871, 396, 'Itabaria ', 'Active', 871, 1456217165, 1, NULL, NULL, 872),
(872, 396, 'Jainkathi ', 'Active', 872, 1456217165, 1, NULL, NULL, 873),
(873, 396, 'Bara Bighai ', 'Active', 873, 1456217165, 1, NULL, NULL, 874),
(874, 396, 'Kalikapur ', 'Active', 874, 1456217165, 1, NULL, NULL, 875),
(875, 64, 'Narikelbaria ', 'Active', 875, 1456217165, 1, NULL, NULL, 876),
(876, 396, 'Kamalapur ', 'Active', 876, 1456217165, 1, NULL, NULL, 877),
(877, 17, 'Magura ', 'Active', 877, 1456217165, 1, NULL, NULL, 878),
(878, 396, 'Lowkathi ', 'Active', 878, 1456217165, 1, NULL, NULL, 879),
(879, 64, 'Sadarpur ', 'Active', 879, 1456217165, 1, NULL, NULL, 880),
(880, 396, 'Lohalia ', 'Active', 880, 1456217165, 1, NULL, NULL, 881),
(881, 396, 'Madarbunia ', 'Active', 881, 1456217165, 1, NULL, NULL, 882),
(882, 17, 'Navaron ', 'Active', 882, 1456217165, 1, NULL, NULL, 883),
(883, 396, 'Marichbunia ', 'Active', 883, 1456217165, 1, NULL, NULL, 884),
(884, 17, 'Nirbaskhola ', 'Active', 884, 1456217165, 1, NULL, NULL, 885),
(885, 391, 'Angaria ', 'Active', 885, 1456217165, 1, NULL, NULL, 886),
(886, 62, 'Bagat ', 'Active', 886, 1456217165, 1, NULL, NULL, 887),
(887, 391, 'Lebukhali ', 'Active', 887, 1456217165, 1, NULL, NULL, 888),
(888, 17, 'Panisara ', 'Active', 888, 1456217165, 1, NULL, NULL, 889),
(889, 62, 'Dumain ', 'Active', 889, 1456217165, 1, NULL, NULL, 890),
(890, 391, 'Muradia ', 'Active', 890, 1456217165, 1, NULL, NULL, 891),
(891, 17, 'Shankarpur ', 'Active', 891, 1456217165, 1, NULL, NULL, 892),
(892, 391, 'Pangashia ', 'Active', 892, 1456217165, 1, NULL, NULL, 893),
(893, 62, 'Gajna ', 'Active', 893, 1456217165, 1, NULL, NULL, 894),
(894, 17, 'Shimulia ', 'Active', 894, 1456217165, 1, NULL, NULL, 895),
(895, 62, 'Jahapur ', 'Active', 895, 1456217165, 1, NULL, NULL, 896),
(896, 389, 'Adabaria ', 'Active', 896, 1456217165, 1, NULL, NULL, 897),
(897, 17, 'Bagachra ', 'Active', 897, 1456217165, 1, NULL, NULL, 898),
(898, 62, 'Kamarkhali ', 'Active', 898, 1456217165, 1, NULL, NULL, 899),
(899, 62, 'Madhukhali ', 'Active', 899, 1456217165, 1, NULL, NULL, 900),
(900, 389, 'Boga ', 'Active', 900, 1456217165, 1, NULL, NULL, 901),
(901, 389, 'Bauphal ', 'Active', 901, 1456217165, 1, NULL, NULL, 902),
(902, 62, 'Meghdhami ', 'Active', 902, 1456217165, 1, NULL, NULL, 903),
(903, 389, 'Daspara ', 'Active', 903, 1456217165, 1, NULL, NULL, 904),
(904, 314, 'Adampur ', 'Active', 904, 1456217165, 1, NULL, NULL, 905),
(905, 62, 'Nawapara ', 'Active', 905, 1456217165, 1, NULL, NULL, 906),
(906, 17, 'Bahadurpur ', 'Active', 906, 1456217165, 1, NULL, NULL, 907),
(907, 62, 'Roypur ', 'Active', 907, 1456217165, 1, NULL, NULL, 908),
(908, 21, 'Benapole ', 'Active', 908, 1456217165, 1, NULL, NULL, 909),
(909, 21, 'Dihi ', 'Active', 909, 1456217165, 1, NULL, NULL, 910),
(910, 314, 'Alinagar ', 'Active', 910, 1456217165, 1, NULL, NULL, 911),
(911, 21, 'Goga ', 'Active', 911, 1456217165, 1, NULL, NULL, 912),
(912, 21, 'Kayba ', 'Active', 912, 1456217165, 1, NULL, NULL, 913),
(913, 314, 'Islampur ', 'Active', 913, 1456217165, 1, NULL, NULL, 914),
(914, 208, 'Barmi ', 'Active', 914, 1456217165, 1, NULL, NULL, 915),
(915, 21, 'Laxmanpur ', 'Active', 915, 1456217165, 1, NULL, NULL, 916),
(916, 314, 'Kamalganj ', 'Active', 916, 1456217165, 1, NULL, NULL, 917),
(917, 21, 'Nizampur ', 'Active', 917, 1456217165, 1, NULL, NULL, 918),
(918, 208, 'Gazipur ', 'Active', 918, 1456217165, 1, NULL, NULL, 919),
(919, 21, 'Putkhali ', 'Active', 919, 1456217165, 1, NULL, NULL, 920),
(920, 314, 'Madhabpur ', 'Active', 920, 1456217165, 1, NULL, NULL, 921),
(921, 208, 'Gosinga ', 'Active', 921, 1456217165, 1, NULL, NULL, 922),
(922, 21, 'Sharsha ', 'Active', 922, 1456217165, 1, NULL, NULL, 923),
(923, 314, 'Munshi Bazar ', 'Active', 923, 1456217165, 1, NULL, NULL, 924),
(924, 208, 'Kaoraid ', 'Active', 924, 1456217165, 1, NULL, NULL, 925),
(925, 21, 'Ulshi ', 'Active', 925, 1456217165, 1, NULL, NULL, 926),
(926, 314, 'Patanushar ', 'Active', 926, 1456217165, 1, NULL, NULL, 927),
(927, 21, 'Chowgacha ', 'Active', 927, 1456217165, 1, NULL, NULL, 928),
(928, 208, 'Maona ', 'Active', 928, 1456217165, 1, NULL, NULL, 929),
(929, 314, 'Rahimpur ', 'Active', 929, 1456217165, 1, NULL, NULL, 930),
(930, 208, 'Prahlladpur ', 'Active', 930, 1456217165, 1, NULL, NULL, 931),
(931, 314, 'Shamshernagar ', 'Active', 931, 1456217165, 1, NULL, NULL, 932),
(932, 16, 'Dhuliani ', 'Active', 932, 1456217165, 1, NULL, NULL, 933),
(933, 208, 'Rajabari ', 'Active', 933, 1456217165, 1, NULL, NULL, 934),
(934, 208, 'Telihati ', 'Active', 934, 1456217165, 1, NULL, NULL, 935),
(935, 208, 'Barishab ', 'Active', 935, 1456217165, 1, NULL, NULL, 936),
(936, 16, 'Hakimpur ', 'Active', 936, 1456217165, 1, NULL, NULL, 937),
(937, 16, 'Chowgacha ', 'Active', 937, 1456217165, 1, NULL, NULL, 938),
(938, 220, 'Anehola ', 'Active', 938, 1456217165, 1, NULL, NULL, 939),
(939, 16, 'Jagadishpur ', 'Active', 939, 1456217165, 1, NULL, NULL, 940),
(940, 389, 'Dhulia ', 'Active', 940, 1456217165, 1, NULL, NULL, 941),
(941, 16, 'Swarupdaha ', 'Active', 941, 1456217165, 1, NULL, NULL, 942),
(942, 389, 'Kanchi Para ', 'Active', 942, 1456217165, 1, NULL, NULL, 943),
(943, 16, 'Narayanpur ', 'Active', 943, 1456217165, 1, NULL, NULL, 944),
(944, 389, 'Kalaiya ', 'Active', 944, 1456217165, 1, NULL, NULL, 945),
(945, 16, 'Pashapole ', 'Active', 945, 1456217165, 1, NULL, NULL, 946),
(946, 389, 'Kalisuri ', 'Active', 946, 1456217165, 1, NULL, NULL, 947),
(947, 16, 'Patibila ', 'Active', 947, 1456217165, 1, NULL, NULL, 948),
(948, 16, 'Phulsara ', 'Active', 948, 1456217165, 1, NULL, NULL, 949),
(949, 16, 'Singhajhuli ', 'Active', 949, 1456217165, 1, NULL, NULL, 950),
(950, 16, 'Sukpukuria ', 'Active', 950, 1456217165, 1, NULL, NULL, 951),
(951, 318, 'Ashidron ', 'Active', 951, 1456217165, 1, NULL, NULL, 952),
(952, 318, 'Bhunabir ', 'Active', 952, 1456217165, 1, NULL, NULL, 953),
(953, 318, 'Kashipur ', 'Active', 953, 1456217165, 1, NULL, NULL, 954),
(954, 220, 'Deulabari', 'Active', 954, 1456217165, 1, NULL, NULL, 955),
(955, 220, 'Dhala Para', 'Active', 955, 1456217165, 1, NULL, NULL, 956),
(956, 220, 'Deopara', 'Active', 956, 1456217165, 1, NULL, NULL, 957),
(957, 220, 'Digalkandi', 'Active', 957, 1456217165, 1, NULL, NULL, 958),
(958, 318, 'Kalighat ', 'Active', 958, 1456217165, 1, NULL, NULL, 959),
(959, 220, 'Digar', 'Active', 959, 1456217165, 1, NULL, NULL, 960),
(960, 397, 'Sekherhat ', 'Active', 960, 1456217165, 1, NULL, NULL, 961),
(961, 318, 'Mirzapur ', 'Active', 961, 1456217165, 1, NULL, NULL, 962),
(962, 318, 'Rajghat ', 'Active', 962, 1456217165, 1, NULL, NULL, 963),
(963, 318, 'Satgoan ', 'Active', 963, 1456217165, 1, NULL, NULL, 964),
(964, 397, 'Ponabalia ', 'Active', 964, 1456217165, 1, NULL, NULL, 965),
(965, 220, 'Ghatail', 'Active', 965, 1456217165, 1, NULL, NULL, 966),
(966, 318, 'Sindurkhan ', 'Active', 966, 1456217165, 1, NULL, NULL, 967),
(967, 397, 'Nathullabad ', 'Active', 967, 1456217165, 1, NULL, NULL, 968),
(968, 220, 'Jamuria', 'Active', 968, 1456217165, 1, NULL, NULL, 969),
(969, 318, 'Sreemangal ', 'Active', 969, 1456217165, 1, NULL, NULL, 970),
(970, 397, 'Nabagram ', 'Active', 970, 1456217165, 1, NULL, NULL, 971),
(971, 220, 'Luker Para', 'Active', 971, 1456217165, 1, NULL, NULL, 972),
(972, 397, 'Kirtipasha ', 'Active', 972, 1456217165, 1, NULL, NULL, 973),
(973, 220, 'Rasulpur', 'Active', 973, 1456217165, 1, NULL, NULL, 974),
(974, 397, 'Keora ', 'Active', 974, 1456217165, 1, NULL, NULL, 975),
(975, 397, 'Gabha Ramchandrapur ', 'Active', 975, 1456217165, 1, NULL, NULL, 976),
(976, 220, 'Sandhanpur', 'Active', 976, 1456217165, 1, NULL, NULL, 977),
(977, 489, 'Chhanua ', 'Active', 977, 1456217165, 1, NULL, NULL, 978),
(978, 397, 'Gabkhan Dhansiri ', 'Active', 978, 1456217165, 1, NULL, NULL, 979),
(979, 489, 'Gandamara ', 'Active', 979, 1456217165, 1, NULL, NULL, 980),
(980, 229, 'Bejgaon ', 'Active', 980, 1456217165, 1, NULL, NULL, 981),
(981, 489, 'Kalipur ', 'Active', 981, 1456217165, 1, NULL, NULL, 982),
(982, 229, 'Boultali ', 'Active', 982, 1456217165, 1, NULL, NULL, 983),
(983, 489, 'Katharia ', 'Active', 983, 1456217165, 1, NULL, NULL, 984),
(984, 489, 'Khankhanabad ', 'Active', 984, 1456217165, 1, NULL, NULL, 985),
(985, 229, 'Gaodia ', 'Active', 985, 1456217165, 1, NULL, NULL, 986),
(986, 229, 'Haldia ', 'Active', 986, 1456217165, 1, NULL, NULL, 987),
(987, 489, 'Puichhari ', 'Active', 987, 1456217165, 1, NULL, NULL, 988),
(988, 397, 'Bijoykati ', 'Active', 988, 1456217165, 1, NULL, NULL, 989),
(989, 489, 'Pukuria ', 'Active', 989, 1456217165, 1, NULL, NULL, 990),
(990, 229, 'Kalma ', 'Active', 990, 1456217165, 1, NULL, NULL, 991),
(991, 397, 'Basanda ', 'Active', 991, 1456217165, 1, NULL, NULL, 992),
(992, 489, 'Sadhanpur ', 'Active', 992, 1456217165, 1, NULL, NULL, 993),
(993, 229, 'Kanaksar ', 'Active', 993, 1456217165, 1, NULL, NULL, 994),
(994, 489, 'Saral ', 'Active', 994, 1456217165, 1, NULL, NULL, 995),
(995, 398, 'Amua ', 'Active', 995, 1456217165, 1, NULL, NULL, 996),
(996, 229, 'Khidirpara ', 'Active', 996, 1456217165, 1, NULL, NULL, 997),
(997, 489, 'Sekherkhil ', 'Active', 997, 1456217165, 1, NULL, NULL, 998),
(998, 229, 'Kumarbhag ', 'Active', 998, 1456217165, 1, NULL, NULL, 999),
(999, 398, 'Awrabunia ', 'Active', 999, 1456217165, 1, NULL, NULL, 1000),
(1000, 489, 'Silkup ', 'Active', 1000, 1456217165, 1, NULL, NULL, 1001),
(1001, 229, 'Medinimondal ', 'Active', 1001, 1456217165, 1, NULL, NULL, 1002),
(1002, 398, 'Chenchri Rampur ', 'Active', 1002, 1456217165, 1, NULL, NULL, 1003),
(1003, 229, 'Teotia ', 'Active', 1003, 1456217165, 1, NULL, NULL, 1004),
(1004, 486, 'Anowara ', 'Active', 1004, 1456217165, 1, NULL, NULL, 1005),
(1005, 486, 'Bairag ', 'Active', 1005, 1456217165, 1, NULL, NULL, 1006),
(1006, 230, 'Adhara ', 'Active', 1006, 1456217165, 1, NULL, NULL, 1007),
(1007, 486, 'Barakhain ', 'Active', 1007, 1456217165, 1, NULL, NULL, 1008),
(1008, 230, 'Bajrajogini ', 'Active', 1008, 1456217165, 1, NULL, NULL, 1009),
(1009, 486, 'Barasat ', 'Active', 1009, 1456217165, 1, NULL, NULL, 1010),
(1010, 398, 'Kanthalia ', 'Active', 1010, 1456217165, 1, NULL, NULL, 1011),
(1011, 230, 'Charkewar ', 'Active', 1011, 1456217165, 1, NULL, NULL, 1012),
(1012, 486, 'Battali ', 'Active', 1012, 1456217165, 1, NULL, NULL, 1013),
(1013, 230, 'Shiloye ', 'Active', 1013, 1456217165, 1, NULL, NULL, 1014),
(1014, 486, 'Chatari ', 'Active', 1014, 1456217165, 1, NULL, NULL, 1015),
(1015, 230, 'Mahakali ', 'Active', 1015, 1456217165, 1, NULL, NULL, 1016),
(1016, 230, 'Mollahkandi ', 'Active', 1016, 1456217165, 1, NULL, NULL, 1017),
(1017, 486, 'Haildhar ', 'Active', 1017, 1456217165, 1, NULL, NULL, 1018),
(1018, 230, 'Panchasar ', 'Active', 1018, 1456217165, 1, NULL, NULL, 1019),
(1019, 486, 'Paraikora ', 'Active', 1019, 1456217165, 1, NULL, NULL, 1020),
(1020, 398, 'Patikhalghata ', 'Active', 1020, 1456217165, 1, NULL, NULL, 1021),
(1021, 230, 'Rampal ', 'Active', 1021, 1456217165, 1, NULL, NULL, 1022),
(1022, 486, 'Roypur ', 'Active', 1022, 1456217165, 1, NULL, NULL, 1023),
(1023, 398, 'Sauljalia ', 'Active', 1023, 1456217165, 1, NULL, NULL, 1024),
(1024, 230, 'Banglabazar ', 'Active', 1024, 1456217165, 1, NULL, NULL, 1025),
(1025, 486, 'Juindandi ', 'Active', 1025, 1456217165, 1, NULL, NULL, 1026),
(1026, 232, 'Atpara ', 'Active', 1026, 1456217165, 1, NULL, NULL, 1027),
(1027, 399, 'Bhairabpasha ', 'Active', 1027, 1456217165, 1, NULL, NULL, 1028),
(1028, 228, 'Baluakandi ', 'Active', 1028, 1456217165, 1, NULL, NULL, 1029),
(1029, 228, 'Bausia ', 'Active', 1029, 1456217165, 1, NULL, NULL, 1030),
(1030, 399, 'Dapdapia ', 'Active', 1030, 1456217165, 1, NULL, NULL, 1031),
(1031, 232, 'Baghra ', 'Active', 1031, 1456217165, 1, NULL, NULL, 1032),
(1032, 232, 'Baraikhali ', 'Active', 1032, 1456217165, 1, NULL, NULL, 1033),
(1033, 399, 'Kulkathi ', 'Active', 1033, 1456217165, 1, NULL, NULL, 1034),
(1034, 228, 'Bhaberchar ', 'Active', 1034, 1456217165, 1, NULL, NULL, 1035),
(1035, 232, 'Bhagyakul ', 'Active', 1035, 1456217165, 1, NULL, NULL, 1036),
(1036, 228, 'Gazaria ', 'Active', 1036, 1456217165, 1, NULL, NULL, 1037),
(1037, 232, 'Birtara ', 'Active', 1037, 1456217165, 1, NULL, NULL, 1038),
(1038, 228, 'Guagachhia ', 'Active', 1038, 1456217165, 1, NULL, NULL, 1039),
(1039, 232, 'Hasara ', 'Active', 1039, 1456217165, 1, NULL, NULL, 1040),
(1040, 486, 'Burumchara ', 'Active', 1040, 1456217165, 1, NULL, NULL, 1041),
(1041, 232, 'Kolapara ', 'Active', 1041, 1456217165, 1, NULL, NULL, 1042),
(1042, 228, 'Hossaindi ', 'Active', 1042, 1456217165, 1, NULL, NULL, 1043),
(1043, 232, 'Kukutia ', 'Active', 1043, 1456217165, 1, NULL, NULL, 1044),
(1044, 389, 'Kanakdia ', 'Active', 1044, 1456217165, 1, NULL, NULL, 1045),
(1045, 232, 'Patabhog ', 'Active', 1045, 1456217165, 1, NULL, NULL, 1046),
(1046, 228, 'Imampur ', 'Active', 1046, 1456217165, 1, NULL, NULL, 1047),
(1047, 232, 'Rarikhal ', 'Active', 1047, 1456217165, 1, NULL, NULL, 1048),
(1048, 389, 'Keshabpur ', 'Active', 1048, 1456217165, 1, NULL, NULL, 1049),
(1049, 232, 'Sreenagar ', 'Active', 1049, 1456217165, 1, NULL, NULL, 1050),
(1050, 228, 'Tengerchar ', 'Active', 1050, 1456217165, 1, NULL, NULL, 1051),
(1051, 389, 'Madanpura ', 'Active', 1051, 1456217165, 1, NULL, NULL, 1052),
(1052, 232, 'Sholaghar ', 'Active', 1052, 1456217165, 1, NULL, NULL, 1053),
(1053, 389, 'Nowmala ', 'Active', 1053, 1456217165, 1, NULL, NULL, 1054),
(1054, 232, 'Shyamsiddhi ', 'Active', 1054, 1456217165, 1, NULL, NULL, 1055),
(1055, 232, 'Tantar ', 'Active', 1055, 1456217165, 1, NULL, NULL, 1056),
(1056, 389, 'Nazirpur ', 'Active', 1056, 1456217165, 1, NULL, NULL, 1057),
(1057, 389, 'Surjyamani ', 'Active', 1057, 1456217165, 1, NULL, NULL, 1058),
(1058, 233, 'Abdullahpur ', 'Active', 1058, 1456217165, 1, NULL, NULL, 1059),
(1059, 233, 'Baligaon ', 'Active', 1059, 1456217165, 1, NULL, NULL, 1060),
(1060, 233, 'Autshahi ', 'Active', 1060, 1456217165, 1, NULL, NULL, 1061),
(1061, 233, 'Betka ', 'Active', 1061, 1456217165, 1, NULL, NULL, 1062),
(1062, 233, 'Dhipur ', 'Active', 1062, 1456217165, 1, NULL, NULL, 1063),
(1063, 399, 'Kusanghal ', 'Active', 1063, 1456217165, 1, NULL, NULL, 1064),
(1064, 233, 'Dighirpar ', 'Active', 1064, 1456217165, 1, NULL, NULL, 1065),
(1065, 233, 'Hasainbanari ', 'Active', 1065, 1456217165, 1, NULL, NULL, 1066),
(1066, 399, 'Mollarhat ', 'Active', 1066, 1456217165, 1, NULL, NULL, 1067),
(1067, 399, 'Magar ', 'Active', 1067, 1456217165, 1, NULL, NULL, 1068),
(1068, 233, 'Jashalong ', 'Active', 1068, 1456217165, 1, NULL, NULL, 1069),
(1069, 233, 'Kamarkhara ', 'Active', 1069, 1456217165, 1, NULL, NULL, 1070),
(1070, 399, 'Nachan Mohal ', 'Active', 1070, 1456217165, 1, NULL, NULL, 1071),
(1071, 233, 'Kathalia Shimulia ', 'Active', 1071, 1456217165, 1, NULL, NULL, 1072),
(1072, 399, 'Ranapasha ', 'Active', 1072, 1456217165, 1, NULL, NULL, 1073),
(1073, 233, 'Panchgaon ', 'Active', 1073, 1456217165, 1, NULL, NULL, 1074),
(1074, 233, 'Sonarang ', 'Active', 1074, 1456217165, 1, NULL, NULL, 1075),
(1075, 399, 'Siddhakathi ', 'Active', 1075, 1456217165, 1, NULL, NULL, 1076),
(1076, 231, 'Balurchar ', 'Active', 1076, 1456217165, 1, NULL, NULL, 1077),
(1077, 399, 'Subidpur ', 'Active', 1077, 1456217165, 1, NULL, NULL, 1078),
(1078, 399, 'Baruia ', 'Active', 1078, 1456217165, 1, NULL, NULL, 1079),
(1079, 231, 'Bashail ', 'Active', 1079, 1456217165, 1, NULL, NULL, 1080),
(1080, 231, 'Boyaragadi ', 'Active', 1080, 1456217165, 1, NULL, NULL, 1081),
(1081, 400, 'Galua ', 'Active', 1081, 1456217165, 1, NULL, NULL, 1082),
(1082, 231, 'Chitrakot ', 'Active', 1082, 1456217165, 1, NULL, NULL, 1083),
(1083, 231, 'Ichhapur ', 'Active', 1083, 1456217165, 1, NULL, NULL, 1084),
(1084, 231, 'Jainsar ', 'Active', 1084, 1456217165, 1, NULL, NULL, 1085),
(1085, 231, 'Keyain ', 'Active', 1085, 1456217165, 1, NULL, NULL, 1086),
(1086, 400, 'Mathbari ', 'Active', 1086, 1456217165, 1, NULL, NULL, 1087),
(1087, 216, 'Basail', 'Active', 1087, 1456217165, 1, NULL, NULL, 1088),
(1088, 231, 'Kola ', 'Active', 1088, 1456217165, 1, NULL, NULL, 1089),
(1089, 216, 'Fulki', 'Active', 1089, 1456217165, 1, NULL, NULL, 1090),
(1090, 231, 'Latabdi ', 'Active', 1090, 1456217165, 1, NULL, NULL, 1091),
(1091, 216, 'Habla', 'Active', 1091, 1456217165, 1, NULL, NULL, 1092),
(1092, 231, 'Madhyapara ', 'Active', 1092, 1456217165, 1, NULL, NULL, 1093),
(1093, 216, 'Kanchanpur', 'Active', 1093, 1456217165, 1, NULL, NULL, 1094),
(1094, 231, 'Malkhanagar ', 'Active', 1094, 1456217165, 1, NULL, NULL, 1095),
(1095, 216, 'Kashil', 'Active', 1095, 1456217165, 1, NULL, NULL, 1096),
(1096, 400, 'Baruia ', 'Active', 1096, 1456217165, 1, NULL, NULL, 1097),
(1097, 216, 'Kauljani', 'Active', 1097, 1456217165, 1, NULL, NULL, 1098),
(1098, 231, 'Rajnagar ', 'Active', 1098, 1456217165, 1, NULL, NULL, 1099),
(1099, 231, 'Rasunia ', 'Active', 1099, 1456217165, 1, NULL, NULL, 1100),
(1100, 400, 'Rajapur ', 'Active', 1100, 1456217165, 1, NULL, NULL, 1101),
(1101, 231, 'Sekharnagar ', 'Active', 1101, 1456217165, 1, NULL, NULL, 1102),
(1102, 400, 'Saturia ', 'Active', 1102, 1456217165, 1, NULL, NULL, 1103),
(1103, 217, 'Arjuna', 'Active', 1103, 1456217165, 1, NULL, NULL, 1104),
(1104, 400, 'Suktagarh ', 'Active', 1104, 1456217165, 1, NULL, NULL, 1105),
(1105, 217, 'Falda', 'Active', 1105, 1456217165, 1, NULL, NULL, 1106),
(1106, 217, 'Gaksara', 'Active', 1106, 1456217165, 1, NULL, NULL, 1107),
(1107, 217, 'Gobindabasi', 'Active', 1107, 1456217165, 1, NULL, NULL, 1108),
(1108, 208, 'Barmi ', 'Active', 1108, 1456217165, 1, NULL, NULL, 1109),
(1109, 217, 'Nikrail', 'Active', 1109, 1456217165, 1, NULL, NULL, 1110),
(1110, 217, 'Aloa', 'Active', 1110, 1456217165, 1, NULL, NULL, 1111),
(1111, 208, 'Gazipur ', 'Active', 1111, 1456217165, 1, NULL, NULL, 1112),
(1112, 243, 'Achargaon ', 'Active', 1112, 1456217165, 1, NULL, NULL, 1113),
(1113, 243, 'Betagair ', 'Active', 1113, 1456217165, 1, NULL, NULL, 1114),
(1114, 418, 'Chandpai ', 'Active', 1114, 1456217165, 1, NULL, NULL, 1115),
(1115, 208, 'Gosinga ', 'Active', 1115, 1456217165, 1, NULL, NULL, 1116),
(1116, 56, 'Abaipur ', 'Active', 1116, 1456217165, 1, NULL, NULL, 1117),
(1117, 218, 'Atia', 'Active', 1117, 1456217165, 1, NULL, NULL, 1118),
(1118, 243, 'Chandipasha ', 'Active', 1118, 1456217165, 1, NULL, NULL, 1119),
(1119, 208, 'Kaoraid ', 'Active', 1119, 1456217165, 1, NULL, NULL, 1120),
(1120, 418, 'Burirdanga ', 'Active', 1120, 1456217165, 1, NULL, NULL, 1121),
(1121, 56, 'Bogra ', 'Active', 1121, 1456217165, 1, NULL, NULL, 1122),
(1122, 218, 'Delduar', 'Active', 1122, 1456217165, 1, NULL, NULL, 1123),
(1123, 243, 'Gangail ', 'Active', 1123, 1456217165, 1, NULL, NULL, 1124),
(1124, 208, 'Maona ', 'Active', 1124, 1456217165, 1, NULL, NULL, 1125),
(1125, 56, 'Balharachandra ', 'Active', 1125, 1456217165, 1, NULL, NULL, 1126),
(1126, 218, 'Deoli', 'Active', 1126, 1456217165, 1, NULL, NULL, 1127),
(1127, 243, 'Jahangirpur ', 'Active', 1127, 1456217165, 1, NULL, NULL, 1128),
(1128, 208, 'Prahlladpur ', 'Active', 1128, 1456217165, 1, NULL, NULL, 1129),
(1129, 56, 'Dignagar ', 'Active', 1129, 1456217165, 1, NULL, NULL, 1130),
(1130, 218, 'Dubail', 'Active', 1130, 1456217165, 1, NULL, NULL, 1131),
(1131, 418, 'Chila ', 'Active', 1131, 1456217165, 1, NULL, NULL, 1132),
(1132, 243, 'Kharua ', 'Active', 1132, 1456217165, 1, NULL, NULL, 1133),
(1133, 56, 'Dudhsammata ', 'Active', 1133, 1456217165, 1, NULL, NULL, 1134),
(1134, 208, 'Rajabari ', 'Active', 1134, 1456217165, 1, NULL, NULL, 1135),
(1135, 418, 'Mithakhali ', 'Active', 1135, 1456217165, 1, NULL, NULL, 1136),
(1136, 56, 'Fulhar ', 'Active', 1136, 1456217165, 1, NULL, NULL, 1137),
(1137, 418, 'Sonailtola ', 'Active', 1137, 1456217165, 1, NULL, NULL, 1138),
(1138, 56, 'Hakimpur ', 'Active', 1138, 1456217165, 1, NULL, NULL, 1139),
(1139, 418, 'Sundarban ', 'Active', 1139, 1456217165, 1, NULL, NULL, 1140),
(1140, 56, 'Kachekol ', 'Active', 1140, 1456217165, 1, NULL, NULL, 1141),
(1141, 243, 'Moazzempur ', 'Active', 1141, 1456217165, 1, NULL, NULL, 1142),
(1142, 56, 'Mirzapur ', 'Active', 1142, 1456217165, 1, NULL, NULL, 1143),
(1143, 243, 'Musulli ', 'Active', 1143, 1456217165, 1, NULL, NULL, 1144),
(1144, 56, 'Monohorpur ', 'Active', 1144, 1456217165, 1, NULL, NULL, 1145),
(1145, 243, 'Nandail ', 'Active', 1145, 1456217165, 1, NULL, NULL, 1146),
(1146, 414, 'Charbaniari ', 'Active', 1146, 1456217165, 1, NULL, NULL, 1147),
(1147, 56, 'Nityanandapur ', 'Active', 1147, 1456217165, 1, NULL, NULL, 1148),
(1148, 243, 'Rajgati ', 'Active', 1148, 1456217165, 1, NULL, NULL, 1149),
(1149, 56, 'Sarutia ', 'Active', 1149, 1456217165, 1, NULL, NULL, 1150),
(1150, 243, 'Sherpur ', 'Active', 1150, 1456217165, 1, NULL, NULL, 1151),
(1151, 56, 'Tribeni ', 'Active', 1151, 1456217165, 1, NULL, NULL, 1152),
(1152, 243, 'Singrail ', 'Active', 1152, 1456217165, 1, NULL, NULL, 1153),
(1153, 56, 'Umedpur ', 'Active', 1153, 1456217165, 1, NULL, NULL, 1154),
(1154, 55, 'Azampur ', 'Active', 1154, 1456217165, 1, NULL, NULL, 1155),
(1155, 55, 'Banshbaria ', 'Active', 1155, 1456217165, 1, NULL, NULL, 1156),
(1156, 414, 'Barabaria ', 'Active', 1156, 1456217165, 1, NULL, NULL, 1157),
(1157, 56, 'Fatepur ', 'Active', 1157, 1456217165, 1, NULL, NULL, 1158),
(1158, 218, 'Elasin', 'Active', 1158, 1456217165, 1, NULL, NULL, 1159),
(1159, 414, 'Chitalmari ', 'Active', 1159, 1456217165, 1, NULL, NULL, 1160),
(1160, 56, 'Jadabpur ', 'Active', 1160, 1456217165, 1, NULL, NULL, 1161),
(1161, 218, 'Fazilhati', 'Active', 1161, 1456217165, 1, NULL, NULL, 1162),
(1162, 414, 'Hizla ', 'Active', 1162, 1456217165, 1, NULL, NULL, 1163),
(1163, 218, 'Lauhati', 'Active', 1163, 1456217165, 1, NULL, NULL, 1164),
(1164, 56, 'Kazirber ', 'Active', 1164, 1456217165, 1, NULL, NULL, 1165),
(1165, 218, 'Pathrail', 'Active', 1165, 1456217165, 1, NULL, NULL, 1166),
(1166, 56, 'Panthapara ', 'Active', 1166, 1456217165, 1, NULL, NULL, 1167),
(1167, 414, 'Santoshpur ', 'Active', 1167, 1456217165, 1, NULL, NULL, 1168),
(1168, 56, 'Natima ', 'Active', 1168, 1456217165, 1, NULL, NULL, 1169),
(1169, 56, 'Nepa ', 'Active', 1169, 1456217165, 1, NULL, NULL, 1170),
(1170, 414, 'Kalatala ', 'Active', 1170, 1456217165, 1, NULL, NULL, 1171),
(1171, 56, 'Manderbaria ', 'Active', 1171, 1456217165, 1, NULL, NULL, 1172),
(1172, 219, 'Birtara', 'Active', 1172, 1456217165, 1, NULL, NULL, 1173),
(1173, 414, 'Shibpur ', 'Active', 1173, 1456217165, 1, NULL, NULL, 1174),
(1174, 219, 'Dhanbari', 'Active', 1174, 1456217165, 1, NULL, NULL, 1175),
(1175, 219, 'Dhopakhali', 'Active', 1175, 1456217165, 1, NULL, NULL, 1176),
(1176, 55, 'Shyamkur ', 'Active', 1176, 1456217165, 1, NULL, NULL, 1177),
(1177, 219, 'Musuddi', 'Active', 1177, 1456217165, 1, NULL, NULL, 1178),
(1178, 420, 'Dhansagar ', 'Active', 1178, 1456217165, 1, NULL, NULL, 1179),
(1179, 219, 'Paiska', 'Active', 1179, 1456217165, 1, NULL, NULL, 1180),
(1180, 420, 'Khontakata ', 'Active', 1180, 1456217165, 1, NULL, NULL, 1181),
(1181, 438, 'Bali Para ', 'Active', 1181, 1456217165, 1, NULL, NULL, 1182),
(1182, 55, 'Fatepur ', 'Active', 1182, 1456217165, 1, NULL, NULL, 1183),
(1183, 438, 'Parerhat ', 'Active', 1183, 1456217165, 1, NULL, NULL, 1184),
(1184, 438, 'Pattashi ', 'Active', 1184, 1456217165, 1, NULL, NULL, 1185),
(1185, 420, 'Rayenda ', 'Active', 1185, 1456217165, 1, NULL, NULL, 1186),
(1186, 221, 'Alamnagar', 'Active', 1186, 1456217165, 1, NULL, NULL, 1187),
(1187, 55, 'Jadabpur ', 'Active', 1187, 1456217165, 1, NULL, NULL, 1188),
(1188, 221, 'Dhopakandi', 'Active', 1188, 1456217165, 1, NULL, NULL, 1189),
(1189, 248, 'Baneshwardi ', 'Active', 1189, 1456217165, 1, NULL, NULL, 1190),
(1190, 55, 'Kazirber ', 'Active', 1190, 1456217165, 1, NULL, NULL, 1191),
(1191, 221, 'Hadia', 'Active', 1191, 1456217165, 1, NULL, NULL, 1192),
(1192, 436, 'Durgapur ', 'Active', 1192, 1456217165, 1, NULL, NULL, 1193),
(1193, 420, 'Southkhali ', 'Active', 1193, 1456217165, 1, NULL, NULL, 1194),
(1194, 221, 'Hemnagar', 'Active', 1194, 1456217165, 1, NULL, NULL, 1195),
(1195, 55, 'Panthapara ', 'Active', 1195, 1456217165, 1, NULL, NULL, 1196),
(1196, 438, 'Kadamtola ', 'Active', 1196, 1456217165, 1, NULL, NULL, 1197),
(1197, 221, 'Jhaoail', 'Active', 1197, 1456217165, 1, NULL, NULL, 1198),
(1198, 248, 'Chandrakona', 'Active', 1198, 1456217165, 1, NULL, NULL, 1199),
(1199, 438, 'Kalakhali ', 'Active', 1199, 1456217165, 1, NULL, NULL, 1200),
(1200, 221, 'Mirzapur', 'Active', 1200, 1456217165, 1, NULL, NULL, 1201),
(1201, 438, 'Shankarpasha ', 'Active', 1201, 1456217165, 1, NULL, NULL, 1202),
(1202, 55, 'Natima ', 'Active', 1202, 1456217165, 1, NULL, NULL, 1203),
(1203, 221, 'Nagla Simla', 'Active', 1203, 1456217165, 1, NULL, NULL, 1204),
(1204, 438, 'Sariktola ', 'Active', 1204, 1456217165, 1, NULL, NULL, 1205),
(1205, 248, 'Char Ashtadhar ', 'Active', 1205, 1456217165, 1, NULL, NULL, 1206),
(1206, 438, 'Sikdar Mollik ', 'Active', 1206, 1456217165, 1, NULL, NULL, 1207),
(1207, 438, 'Toana ', 'Active', 1207, 1456217165, 1, NULL, NULL, 1208),
(1208, 248, 'Ganapaddi ', 'Active', 1208, 1456217165, 1, NULL, NULL, 1209),
(1209, 222, 'Balla', 'Active', 1209, 1456217165, 1, NULL, NULL, 1210),
(1210, 222, 'Bangra', 'Active', 1210, 1456217165, 1, NULL, NULL, 1211),
(1211, 248, 'Gourdwar ', 'Active', 1211, 1456217165, 1, NULL, NULL, 1212),
(1212, 222, 'Bir Basinda', 'Active', 1212, 1456217165, 1, NULL, NULL, 1213),
(1213, 248, 'Nakla ', 'Active', 1213, 1456217165, 1, NULL, NULL, 1214),
(1214, 222, 'Durgapur', 'Active', 1214, 1456217165, 1, NULL, NULL, 1215),
(1215, 222, 'Elenga', 'Active', 1215, 1456217165, 1, NULL, NULL, 1216),
(1216, 248, 'Pathakata ', 'Active', 1216, 1456217165, 1, NULL, NULL, 1217),
(1217, 222, 'Kok Dahara', 'Active', 1217, 1456217165, 1, NULL, NULL, 1218),
(1218, 222, 'Nagbari', 'Active', 1218, 1456217165, 1, NULL, NULL, 1219),
(1219, 222, 'Narandia', 'Active', 1219, 1456217165, 1, NULL, NULL, 1220),
(1220, 248, 'Talki ', 'Active', 1220, 1456217165, 1, NULL, NULL, 1221),
(1221, 222, 'Paikara', 'Active', 1221, 1456217165, 1, NULL, NULL, 1222),
(1222, 222, 'Salla', 'Active', 1222, 1456217165, 1, NULL, NULL, 1223),
(1223, 222, 'Sahadebpur', 'Active', 1223, 1456217165, 1, NULL, NULL, 1224),
(1224, 248, 'Urpha ', 'Active', 1224, 1456217165, 1, NULL, NULL, 1225),
(1225, 417, 'Atjuri ', 'Active', 1225, 1456217165, 1, NULL, NULL, 1226),
(1226, 417, 'Chunkhola ', 'Active', 1226, 1456217165, 1, NULL, NULL, 1227),
(1227, 226, 'Baheratail', 'Active', 1227, 1456217165, 1, NULL, NULL, 1228),
(1228, 417, 'Gangni ', 'Active', 1228, 1456217165, 1, NULL, NULL, 1229),
(1229, 226, 'Gazaria', 'Active', 1229, 1456217165, 1, NULL, NULL, 1230),
(1230, 247, 'Dhansail ', 'Active', 1230, 1456217165, 1, NULL, NULL, 1231),
(1231, 226, 'Hatibandha', 'Active', 1231, 1456217165, 1, NULL, NULL, 1232),
(1232, 417, 'Gaola ', 'Active', 1232, 1456217165, 1, NULL, NULL, 1233),
(1233, 226, 'Jadabpur', 'Active', 1233, 1456217165, 1, NULL, NULL, 1234),
(1234, 417, 'Kodalia ', 'Active', 1234, 1456217165, 1, NULL, NULL, 1235),
(1235, 226, 'Kakrajan', 'Active', 1235, 1456217165, 1, NULL, NULL, 1236),
(1236, 226, 'Kalia', 'Active', 1236, 1456217165, 1, NULL, NULL, 1237),
(1237, 247, 'Gauripur ', 'Active', 1237, 1456217165, 1, NULL, NULL, 1238),
(1238, 417, 'Kulia ', 'Active', 1238, 1456217165, 1, NULL, NULL, 1239),
(1239, 417, 'Udaypur ', 'Active', 1239, 1456217165, 1, NULL, NULL, 1240),
(1240, 247, 'Hatibandha ', 'Active', 1240, 1456217165, 1, NULL, NULL, 1241),
(1241, 227, 'Baghil', 'Active', 1241, 1456217165, 1, NULL, NULL, 1242),
(1242, 227, 'Danya', 'Active', 1242, 1456217165, 1, NULL, NULL, 1243),
(1243, 247, 'Malijhikanda ', 'Active', 1243, 1456217165, 1, NULL, NULL, 1244),
(1244, 227, 'Gharinda', 'Active', 1244, 1456217165, 1, NULL, NULL, 1245),
(1245, 416, 'Badhal ', 'Active', 1245, 1456217165, 1, NULL, NULL, 1246),
(1246, 416, 'Dhopakhali ', 'Active', 1246, 1456217165, 1, NULL, NULL, 1247),
(1247, 227, 'Gala', 'Active', 1247, 1456217165, 1, NULL, NULL, 1248),
(1248, 416, 'Gazalia ', 'Active', 1248, 1456217165, 1, NULL, NULL, 1249),
(1249, 227, 'Hugra', 'Active', 1249, 1456217165, 1, NULL, NULL, 1250),
(1250, 227, 'Karatia', 'Active', 1250, 1456217165, 1, NULL, NULL, 1251),
(1251, 416, 'Gopalpur ', 'Active', 1251, 1456217165, 1, NULL, NULL, 1252),
(1252, 227, 'Katuli', 'Active', 1252, 1456217165, 1, NULL, NULL, 1253),
(1253, 227, 'Kakua', 'Active', 1253, 1456217165, 1, NULL, NULL, 1254),
(1254, 416, 'Kachua ', 'Active', 1254, 1456217165, 1, NULL, NULL, 1255),
(1255, 227, 'Mahera', 'Active', 1255, 1456217165, 1, NULL, NULL, 1256),
(1256, 227, 'Silimpur', 'Active', 1256, 1456217165, 1, NULL, NULL, 1257),
(1257, 416, 'Moghia ', 'Active', 1257, 1456217165, 1, NULL, NULL, 1258),
(1258, 416, 'Raripara ', 'Active', 1258, 1456217165, 1, NULL, NULL, 1259),
(1259, 227, 'Porabari', 'Active', 1259, 1456217165, 1, NULL, NULL, 1260),
(1260, 227, 'Mahmood Nagar', 'Active', 1260, 1456217165, 1, NULL, NULL, 1261),
(1261, 415, 'Bahirdimansa ', 'Active', 1261, 1456217165, 1, NULL, NULL, 1262),
(1262, 247, 'Jhenaigati ', 'Active', 1262, 1456217165, 1, NULL, NULL, 1263),
(1263, 247, 'Kangsa ', 'Active', 1263, 1456217165, 1, NULL, NULL, 1264),
(1264, 247, 'Nalkura ', 'Active', 1264, 1456217165, 1, NULL, NULL, 1265),
(1265, 415, 'Betaga ', 'Active', 1265, 1456217165, 1, NULL, NULL, 1266),
(1266, 415, 'Fakirhat ', 'Active', 1266, 1456217165, 1, NULL, NULL, 1267),
(1267, 415, 'Lakhpur ', 'Active', 1267, 1456217165, 1, NULL, NULL, 1268),
(1268, 415, 'Mulghar ', 'Active', 1268, 1456217165, 1, NULL, NULL, 1269),
(1269, 415, 'Naldha-Maubhog ', 'Active', 1269, 1456217165, 1, NULL, NULL, 1270),
(1270, 415, 'Piljanga ', 'Active', 1270, 1456217165, 1, NULL, NULL, 1271),
(1271, 415, 'Subhadia ', 'Active', 1271, 1456217165, 1, NULL, NULL, 1272),
(1272, 223, 'Alokdia', 'Active', 1272, 1456217165, 1, NULL, NULL, 1273),
(1273, 223, 'Alokdia', 'Active', 1273, 1456217165, 1, NULL, NULL, 1274),
(1274, 239, 'Amtail ', 'Active', 1274, 1456217165, 1, NULL, NULL, 1275),
(1275, 239, 'Bhubankura ', 'Active', 1275, 1456217165, 1, NULL, NULL, 1276),
(1276, 249, 'Baghber ', 'Active', 1276, 1456217165, 1, NULL, NULL, 1277),
(1277, 223, 'Arankhola', 'Active', 1277, 1456217165, 1, NULL, NULL, 1278),
(1278, 239, 'Bildoara ', 'Active', 1278, 1456217165, 1, NULL, NULL, 1279),
(1279, 223, 'Ausnara', 'Active', 1279, 1456217165, 1, NULL, NULL, 1280),
(1280, 239, 'Dhara ', 'Active', 1280, 1456217165, 1, NULL, NULL, 1281),
(1281, 223, 'Birtara', 'Active', 1281, 1456217165, 1, NULL, NULL, 1282),
(1282, 223, 'Dhanbari', 'Active', 1282, 1456217165, 1, NULL, NULL, 1283),
(1283, 239, 'Dhurail ', 'Active', 1283, 1456217165, 1, NULL, NULL, 1284),
(1284, 223, 'Dhopakhali', 'Active', 1284, 1456217165, 1, NULL, NULL, 1285),
(1285, 239, 'Gazirbhita ', 'Active', 1285, 1456217165, 1, NULL, NULL, 1286),
(1286, 223, 'Golabari', 'Active', 1286, 1456217165, 1, NULL, NULL, 1287),
(1287, 239, 'Haluaghat ', 'Active', 1287, 1456217165, 1, NULL, NULL, 1288),
(1288, 249, 'Jogania ', 'Active', 1288, 1456217165, 1, NULL, NULL, 1289),
(1289, 223, 'Musuddi', 'Active', 1289, 1456217165, 1, NULL, NULL, 1290),
(1290, 55, 'Nepa ', 'Active', 1290, 1456217165, 1, NULL, NULL, 1291),
(1291, 239, 'Jugli ', 'Active', 1291, 1456217165, 1, NULL, NULL, 1292),
(1292, 223, 'Paiska', 'Active', 1292, 1456217165, 1, NULL, NULL, 1293),
(1293, 239, 'Kaichapur ', 'Active', 1293, 1456217165, 1, NULL, NULL, 1294),
(1294, 223, 'Sholakuri', 'Active', 1294, 1456217165, 1, NULL, NULL, 1295),
(1295, 223, 'Mirzabari', 'Active', 1295, 1456217165, 1, NULL, NULL, 1296),
(1296, 239, 'Narail ', 'Active', 1296, 1456217165, 1, NULL, NULL, 1297),
(1297, 55, 'Manderbaria ', 'Active', 1297, 1456217165, 1, NULL, NULL, 1298),
(1298, 239, 'Sakuai ', 'Active', 1298, 1456217165, 1, NULL, NULL, 1299),
(1299, 239, 'Swadeshi ', 'Active', 1299, 1456217165, 1, NULL, NULL, 1300),
(1300, 55, 'S.B.k ', 'Active', 1300, 1456217165, 1, NULL, NULL, 1301),
(1301, 224, 'Ajgana', 'Active', 1301, 1456217165, 1, NULL, NULL, 1302),
(1302, 224, 'Anautara', 'Active', 1302, 1456217165, 1, NULL, NULL, 1303),
(1303, 55, 'Swaruppur ', 'Active', 1303, 1456217165, 1, NULL, NULL, 1304),
(1304, 224, 'Bahuria', 'Active', 1304, 1456217165, 1, NULL, NULL, 1305),
(1305, 54, 'Balohar ', 'Active', 1305, 1456217165, 1, NULL, NULL, 1306),
(1306, 224, 'Banail', 'Active', 1306, 1456217165, 1, NULL, NULL, 1307),
(1307, 54, 'Dora ', 'Active', 1307, 1456217165, 1, NULL, NULL, 1308),
(1308, 224, 'Banshtail', 'Active', 1308, 1456217165, 1, NULL, NULL, 1309),
(1309, 224, 'Bhatgram', 'Active', 1309, 1456217165, 1, NULL, NULL, 1310),
(1310, 54, 'Elangi ', 'Active', 1310, 1456217165, 1, NULL, NULL, 1311),
(1311, 224, 'Fatehpur', 'Active', 1311, 1456217165, 1, NULL, NULL, 1312),
(1312, 249, 'Kakrakandi ', 'Active', 1312, 1456217165, 1, NULL, NULL, 1313),
(1313, 54, 'Kushna ', 'Active', 1313, 1456217165, 1, NULL, NULL, 1314),
(1314, 224, 'Gorai', 'Active', 1314, 1456217165, 1, NULL, NULL, 1315),
(1315, 317, 'Fatehpur ', 'Active', 1315, 1456217165, 1, NULL, NULL, 1316),
(1316, 54, 'Sabdalpur ', 'Active', 1316, 1456217165, 1, NULL, NULL, 1317),
(1317, 249, 'Marichpuran ', 'Active', 1317, 1456217165, 1, NULL, NULL, 1318),
(1318, 224, 'Jamurki', 'Active', 1318, 1456217165, 1, NULL, NULL, 1319),
(1319, 224, 'Mahera', 'Active', 1319, 1456217165, 1, NULL, NULL, 1320),
(1320, 51, 'Bhayna ', 'Active', 1320, 1456217165, 1, NULL, NULL, 1321),
(1321, 242, 'Baragram ', 'Active', 1321, 1456217165, 1, NULL, NULL, 1322),
(1322, 224, 'Tarafpur', 'Active', 1322, 1456217165, 1, NULL, NULL, 1323),
(1323, 249, 'Nalitabari ', 'Active', 1323, 1456217165, 1, NULL, NULL, 1324),
(1324, 51, 'Chandpur ', 'Active', 1324, 1456217165, 1, NULL, NULL, 1325),
(1325, 224, 'Uarsi', 'Active', 1325, 1456217165, 1, NULL, NULL, 1326),
(1326, 240, 'Basati ', 'Active', 1326, 1456217165, 1, NULL, NULL, 1327),
(1327, 51, 'Daulatpur ', 'Active', 1327, 1456217165, 1, NULL, NULL, 1328),
(1328, 249, 'Poragaon ', 'Active', 1328, 1456217165, 1, NULL, NULL, 1329),
(1329, 249, 'Nunni ', 'Active', 1329, 1456217165, 1, NULL, NULL, 1330),
(1330, 225, 'Bhadra', 'Active', 1330, 1456217165, 1, NULL, NULL, 1331),
(1331, 51, 'Falshi ', 'Active', 1331, 1456217165, 1, NULL, NULL, 1332),
(1332, 225, 'Bharara', 'Active', 1332, 1456217165, 1, NULL, NULL, 1333),
(1333, 225, 'Doptiair', 'Active', 1333, 1456217165, 1, NULL, NULL, 1334),
(1334, 249, 'Nayabil ', 'Active', 1334, 1456217165, 1, NULL, NULL, 1335),
(1335, 51, 'Joradaha ', 'Active', 1335, 1456217165, 1, NULL, NULL, 1336),
(1336, 225, 'Dhubaria', 'Active', 1336, 1456217165, 1, NULL, NULL, 1337),
(1337, 51, 'Kapashtia ', 'Active', 1337, 1456217165, 1, NULL, NULL, 1338),
(1338, 225, 'Gayhata', 'Active', 1338, 1456217165, 1, NULL, NULL, 1339),
(1339, 242, 'Dattagaon ', 'Active', 1339, 1456217165, 1, NULL, NULL, 1340),
(1340, 225, 'Mamudnagar', 'Active', 1340, 1456217165, 1, NULL, NULL, 1341),
(1341, 51, 'Raghunathpur ', 'Active', 1341, 1456217165, 1, NULL, NULL, 1342),
(1342, 225, 'Mokna', 'Active', 1342, 1456217165, 1, NULL, NULL, 1343),
(1343, 225, 'Nagarpur', 'Active', 1343, 1456217165, 1, NULL, NULL, 1344),
(1344, 51, 'Taherhuda ', 'Active', 1344, 1456217165, 1, NULL, NULL, 1345),
(1345, 225, 'Pakutia', 'Active', 1345, 1456217165, 1, NULL, NULL, 1346),
(1346, 225, 'Sahabatpur', 'Active', 1346, 1456217165, 1, NULL, NULL, 1347),
(1347, 52, 'Dogachhi ', 'Active', 1347, 1456217165, 1, NULL, NULL, 1348),
(1348, 249, 'Rajnagar ', 'Active', 1348, 1456217165, 1, NULL, NULL, 1349),
(1349, 225, 'Salimabad', 'Active', 1349, 1456217165, 1, NULL, NULL, 1350),
(1350, 225, 'Bekrhi Atgram', 'Active', 1350, 1456217165, 1, NULL, NULL, 1351),
(1351, 52, 'Fursundi ', 'Active', 1351, 1456217165, 1, NULL, NULL, 1352),
(1352, 52, 'Ganna ', 'Active', 1352, 1456217165, 1, NULL, NULL, 1353),
(1353, 249, 'Ramchandrakura ', 'Active', 1353, 1456217165, 1, NULL, NULL, 1354),
(1354, 52, 'Ghorashal ', 'Active', 1354, 1456217165, 1, NULL, NULL, 1355),
(1355, 52, 'Halidhani ', 'Active', 1355, 1456217165, 1, NULL, NULL, 1356),
(1356, 249, 'Rupnarayankura ', 'Active', 1356, 1456217165, 1, NULL, NULL, 1357),
(1357, 52, 'Harishankarpur ', 'Active', 1357, 1456217165, 1, NULL, NULL, 1358),
(1358, 52, 'Kalicharanpur ', 'Active', 1358, 1456217165, 1, NULL, NULL, 1359),
(1359, 249, 'Kalaspar ', 'Active', 1359, 1456217165, 1, NULL, NULL, 1360),
(1360, 52, 'Kumrabaria ', 'Active', 1360, 1456217165, 1, NULL, NULL, 1361),
(1361, 52, 'Madhuhati ', 'Active', 1361, 1456217165, 1, NULL, NULL, 1362),
(1362, 52, 'Moharajpur ', 'Active', 1362, 1456217165, 1, NULL, NULL, 1363),
(1363, 52, 'Naldanga ', 'Active', 1363, 1456217165, 1, NULL, NULL, 1364),
(1364, 250, 'Bajitkhila ', 'Active', 1364, 1456217165, 1, NULL, NULL, 1365),
(1365, 52, 'Padmakar ', 'Active', 1365, 1456217165, 1, NULL, NULL, 1366),
(1366, 52, 'Paglakanai ', 'Active', 1366, 1456217165, 1, NULL, NULL, 1367),
(1367, 250, 'Balyer Char ', 'Active', 1367, 1456217165, 1, NULL, NULL, 1368),
(1368, 52, 'Porahati ', 'Active', 1368, 1456217165, 1, NULL, NULL, 1369),
(1369, 250, 'Bhatsala ', 'Active', 1369, 1456217165, 1, NULL, NULL, 1370),
(1370, 250, 'Betmari Ghughurakandi ', 'Active', 1370, 1456217165, 1, NULL, NULL, 1371),
(1371, 250, 'Char Mucharia ', 'Active', 1371, 1456217165, 1, NULL, NULL, 1372),
(1372, 250, 'Char Pakshimari ', 'Active', 1372, 1456217165, 1, NULL, NULL, 1373),
(1373, 250, 'Char Sherpur ', 'Active', 1373, 1456217165, 1, NULL, NULL, 1374),
(1374, 250, 'Dhala ', 'Active', 1374, 1456217165, 1, NULL, NULL, 1375),
(1375, 250, 'Gazir Khamar ', 'Active', 1375, 1456217165, 1, NULL, NULL, 1376),
(1376, 52, 'Saganna ', 'Active', 1376, 1456217165, 1, NULL, NULL, 1377),
(1377, 242, 'Dulla ', 'Active', 1377, 1456217165, 1, NULL, NULL, 1378),
(1378, 250, 'Kamarer Char ', 'Active', 1378, 1456217165, 1, NULL, NULL, 1379),
(1379, 52, 'Sadhuhati ', 'Active', 1379, 1456217165, 1, NULL, NULL, 1380),
(1380, 242, 'Ghoga ', 'Active', 1380, 1456217165, 1, NULL, NULL, 1381),
(1381, 52, 'Surat ', 'Active', 1381, 1456217165, 1, NULL, NULL, 1382),
(1382, 250, 'Kamaria ', 'Active', 1382, 1456217165, 1, NULL, NULL, 1383),
(1383, 250, 'Laxmanpur ', 'Active', 1383, 1456217165, 1, NULL, NULL, 1384),
(1384, 250, 'Pakuria ', 'Active', 1384, 1456217165, 1, NULL, NULL, 1385),
(1385, 250, 'Rauha Betmari ', 'Active', 1385, 1456217165, 1, NULL, NULL, 1386),
(1386, 251, 'Bhelua ', 'Active', 1386, 1456217165, 1, NULL, NULL, 1387),
(1387, 251, 'Garjaripa ', 'Active', 1387, 1456217165, 1, NULL, NULL, 1388),
(1388, 251, 'Gosaipur ', 'Active', 1388, 1456217165, 1, NULL, NULL, 1389),
(1389, 251, 'Kakilakura ', 'Active', 1389, 1456217165, 1, NULL, NULL, 1390),
(1390, 251, 'Kharia Kazir Char ', 'Active', 1390, 1456217165, 1, NULL, NULL, 1391),
(1391, 251, 'Kurikahania ', 'Active', 1391, 1456217165, 1, NULL, NULL, 1392),
(1392, 53, 'Barabazar ', 'Active', 1392, 1456217165, 1, NULL, NULL, 1393),
(1393, 251, 'Rani Shimul ', 'Active', 1393, 1456217165, 1, NULL, NULL, 1394),
(1394, 53, 'Jamal ', 'Active', 1394, 1456217165, 1, NULL, NULL, 1395),
(1395, 53, 'Kashtobhanga ', 'Active', 1395, 1456217165, 1, NULL, NULL, 1396),
(1396, 251, 'Singa Baruna ', 'Active', 1396, 1456217165, 1, NULL, NULL, 1397),
(1397, 53, 'Kola ', 'Active', 1397, 1456217165, 1, NULL, NULL, 1398),
(1398, 53, 'Maliat ', 'Active', 1398, 1456217165, 1, NULL, NULL, 1399),
(1399, 251, 'Sreebardi ', 'Active', 1399, 1456217165, 1, NULL, NULL, 1400),
(1400, 53, 'Niamatpur ', 'Active', 1400, 1456217165, 1, NULL, NULL, 1401),
(1401, 53, 'Roygram ', 'Active', 1401, 1456217165, 1, NULL, NULL, 1402),
(1402, 251, 'Tantihati ', 'Active', 1402, 1456217165, 1, NULL, NULL, 1403),
(1403, 53, 'Rakhalgachhi ', 'Active', 1403, 1456217165, 1, NULL, NULL, 1404),
(1404, 53, 'Sundarpur-Durgapur ', 'Active', 1404, 1456217165, 1, NULL, NULL, 1405);
INSERT INTO `ems_unions` (`id`, `upazilla_id`, `name`, `status`, `ordering`, `date_created`, `user_created`, `date_updated`, `user_updated`, `old_union_id`) VALUES
(1405, 53, 'Shimla-Rokonpur ', 'Active', 1405, 1456217165, 1, NULL, NULL, 1406),
(1406, 53, 'Trilochanpur ', 'Active', 1406, 1456217165, 1, NULL, NULL, 1407),
(1407, 131, 'Amdoi ', 'Active', 1407, 1456217165, 1, NULL, NULL, 1408),
(1408, 131, 'Banbu ', 'Active', 1408, 1456217165, 1, NULL, NULL, 1409),
(1409, 131, 'Chakbarkat ', 'Active', 1409, 1456217165, 1, NULL, NULL, 1410),
(1410, 131, 'Bhadsa ', 'Active', 1410, 1456217165, 1, NULL, NULL, 1411),
(1411, 131, 'Dhalahar ', 'Active', 1411, 1456217165, 1, NULL, NULL, 1412),
(1412, 131, 'Dogachhi ', 'Active', 1412, 1456217165, 1, NULL, NULL, 1413),
(1413, 131, 'Jamalpur ', 'Active', 1413, 1456217165, 1, NULL, NULL, 1414),
(1414, 131, 'Mohammadabad ', 'Active', 1414, 1456217165, 1, NULL, NULL, 1415),
(1415, 131, 'Puranapoil ', 'Active', 1415, 1456217165, 1, NULL, NULL, 1416),
(1416, 130, 'Gopinathpur ', 'Active', 1416, 1456217165, 1, NULL, NULL, 1417),
(1417, 130, 'Roykali ', 'Active', 1417, 1456217165, 1, NULL, NULL, 1418),
(1418, 130, 'Rukindipur ', 'Active', 1418, 1456217165, 1, NULL, NULL, 1419),
(1419, 130, 'Sonamukhi ', 'Active', 1419, 1456217165, 1, NULL, NULL, 1420),
(1420, 130, 'Tilakpur ', 'Active', 1420, 1456217165, 1, NULL, NULL, 1421),
(1421, 133, 'Alampur ', 'Active', 1421, 1456217165, 1, NULL, NULL, 1422),
(1422, 133, 'Baratara ', 'Active', 1422, 1456217165, 1, NULL, NULL, 1423),
(1423, 131, 'Barail ', 'Active', 1423, 1456217165, 1, NULL, NULL, 1424),
(1424, 133, 'Khetlal ', 'Active', 1424, 1456217165, 1, NULL, NULL, 1425),
(1425, 133, 'Mamudpur ', 'Active', 1425, 1456217165, 1, NULL, NULL, 1426),
(1426, 134, 'Awlai ', 'Active', 1426, 1456217165, 1, NULL, NULL, 1427),
(1427, 134, 'Atapur ', 'Active', 1427, 1456217165, 1, NULL, NULL, 1428),
(1428, 134, 'Ayma Rasulpur ', 'Active', 1428, 1456217165, 1, NULL, NULL, 1429),
(1429, 134, 'Bagjana ', 'Active', 1429, 1456217165, 1, NULL, NULL, 1430),
(1430, 134, 'Balighata ', 'Active', 1430, 1456217165, 1, NULL, NULL, 1431),
(1431, 134, 'Dharanji ', 'Active', 1431, 1456217165, 1, NULL, NULL, 1432),
(1432, 134, 'Kusumba ', 'Active', 1432, 1456217165, 1, NULL, NULL, 1433),
(1433, 134, 'Mohammudpur ', 'Active', 1433, 1456217165, 1, NULL, NULL, 1434),
(1434, 132, 'Matrai ', 'Active', 1434, 1456217165, 1, NULL, NULL, 1435),
(1435, 132, 'Punat ', 'Active', 1435, 1456217165, 1, NULL, NULL, 1436),
(1436, 132, 'Udaypur ', 'Active', 1436, 1456217165, 1, NULL, NULL, 1437),
(1437, 132, 'Zindarpur ', 'Active', 1437, 1456217165, 1, NULL, NULL, 1438),
(1438, 132, 'Ahmmadabad ', 'Active', 1438, 1456217165, 1, NULL, NULL, 1439),
(1439, 460, 'Bhaibonchhara ', 'Active', 1439, 1456217165, 1, NULL, NULL, 1440),
(1440, 460, 'Golabari ', 'Active', 1440, 1456217165, 1, NULL, NULL, 1441),
(1441, 460, 'Kamalchhari ', 'Active', 1441, 1456217165, 1, NULL, NULL, 1442),
(1442, 460, 'Khagrachhari ', 'Active', 1442, 1456217165, 1, NULL, NULL, 1443),
(1443, 460, 'Perachhara ', 'Active', 1443, 1456217165, 1, NULL, NULL, 1444),
(1444, 462, 'Kayangghat ', 'Active', 1444, 1456217165, 1, NULL, NULL, 1445),
(1445, 462, 'Mahalchhari ', 'Active', 1445, 1456217165, 1, NULL, NULL, 1446),
(1446, 462, 'Maschhari ', 'Active', 1446, 1456217165, 1, NULL, NULL, 1447),
(1447, 463, 'Mubachhari ', 'Active', 1447, 1456217165, 1, NULL, NULL, 1448),
(1448, 463, 'Sindukchhari ', 'Active', 1448, 1456217165, 1, NULL, NULL, 1449),
(1449, 459, 'Babuchhara ', 'Active', 1449, 1456217165, 1, NULL, NULL, 1450),
(1450, 459, 'Boalkhali ', 'Active', 1450, 1456217165, 1, NULL, NULL, 1451),
(1451, 459, 'Dighinala ', 'Active', 1451, 1456217165, 1, NULL, NULL, 1452),
(1452, 459, 'Kabakhali ', 'Active', 1452, 1456217165, 1, NULL, NULL, 1453),
(1453, 459, 'Merun ', 'Active', 1453, 1456217165, 1, NULL, NULL, 1454),
(1454, 465, 'Chengi ', 'Active', 1454, 1456217165, 1, NULL, NULL, 1455),
(1455, 465, 'Latiban ', 'Active', 1455, 1456217165, 1, NULL, NULL, 1456),
(1456, 465, 'Logang ', 'Active', 1456, 1456217165, 1, NULL, NULL, 1457),
(1457, 465, 'Panchhari ', 'Active', 1457, 1456217165, 1, NULL, NULL, 1458),
(1458, 465, 'Halfchhari ', 'Active', 1458, 1456217165, 1, NULL, NULL, 1459),
(1459, 440, 'Bandarban ', 'Active', 1459, 1456217165, 1, NULL, NULL, 1460),
(1460, 440, 'Kuhalong ', 'Active', 1460, 1456217165, 1, NULL, NULL, 1461),
(1461, 440, 'Rajvila ', 'Active', 1461, 1456217165, 1, NULL, NULL, 1462),
(1462, 440, 'Sholaka ', 'Active', 1462, 1456217165, 1, NULL, NULL, 1463),
(1463, 440, 'Tankabati ', 'Active', 1463, 1456217165, 1, NULL, NULL, 1464),
(1464, 442, 'Alikhong ', 'Active', 1464, 1456217165, 1, NULL, NULL, 1465),
(1465, 442, 'Nowa Patang ', 'Active', 1465, 1456217165, 1, NULL, NULL, 1466),
(1466, 442, 'Rowangchhari ', 'Active', 1466, 1456217165, 1, NULL, NULL, 1467),
(1467, 442, 'Tarachha ', 'Active', 1467, 1456217165, 1, NULL, NULL, 1468),
(1468, 445, 'Bali Para ', 'Active', 1468, 1456217165, 1, NULL, NULL, 1469),
(1469, 445, 'Remakri ', 'Active', 1469, 1456217165, 1, NULL, NULL, 1470),
(1470, 445, 'Thanchi ', 'Active', 1470, 1456217165, 1, NULL, NULL, 1471),
(1471, 445, 'Tindu ', 'Active', 1471, 1456217165, 1, NULL, NULL, 1472),
(1472, 441, 'Aziznagar ', 'Active', 1472, 1456217165, 1, NULL, NULL, 1473),
(1473, 441, 'Fasyakhali ', 'Active', 1473, 1456217165, 1, NULL, NULL, 1474),
(1474, 441, 'Gajalia ', 'Active', 1474, 1456217165, 1, NULL, NULL, 1475),
(1475, 441, 'Lama ', 'Active', 1475, 1456217165, 1, NULL, NULL, 1476),
(1476, 441, 'Sarai ', 'Active', 1476, 1456217165, 1, NULL, NULL, 1477),
(1477, 441, 'Rupashipara ', 'Active', 1477, 1456217165, 1, NULL, NULL, 1478),
(1478, 443, 'Baishari ', 'Active', 1478, 1456217165, 1, NULL, NULL, 1479),
(1479, 443, 'Dochhari ', 'Active', 1479, 1456217165, 1, NULL, NULL, 1480),
(1480, 443, 'Ghumdhum ', 'Active', 1480, 1456217165, 1, NULL, NULL, 1481),
(1481, 443, 'Naikhongchhari ', 'Active', 1481, 1456217165, 1, NULL, NULL, 1482),
(1482, 439, 'Alikadam ', 'Active', 1482, 1456217165, 1, NULL, NULL, 1483),
(1483, 439, 'Chokhyong ', 'Active', 1483, 1456217165, 1, NULL, NULL, 1484),
(1484, 444, 'Ghyalanga ', 'Active', 1484, 1456217165, 1, NULL, NULL, 1485),
(1485, 444, 'Paindu ', 'Active', 1485, 1456217165, 1, NULL, NULL, 1486),
(1486, 444, 'Remakri ', 'Active', 1486, 1456217165, 1, NULL, NULL, 1487),
(1487, 444, 'Ruma ', 'Active', 1487, 1456217165, 1, NULL, NULL, 1488),
(1488, 387, 'Betagi ', 'Active', 1488, 1456217165, 1, NULL, NULL, 1489),
(1489, 387, 'Bibichini ', 'Active', 1489, 1456217165, 1, NULL, NULL, 1490),
(1490, 387, 'Buramazumdar ', 'Active', 1490, 1456217165, 1, NULL, NULL, 1491),
(1491, 387, 'Hosnabad ', 'Active', 1491, 1456217165, 1, NULL, NULL, 1492),
(1492, 387, 'Kazirabad ', 'Active', 1492, 1456217165, 1, NULL, NULL, 1493),
(1493, 387, 'Mokamia ', 'Active', 1493, 1456217165, 1, NULL, NULL, 1494),
(1494, 387, 'Sariamuri ', 'Active', 1494, 1456217165, 1, NULL, NULL, 1495),
(1495, 383, 'Amtali ', 'Active', 1495, 1456217165, 1, NULL, NULL, 1496),
(1496, 383, 'Arpangashia ', 'Active', 1496, 1456217165, 1, NULL, NULL, 1497),
(1497, 383, 'Atharagachhia ', 'Active', 1497, 1456217165, 1, NULL, NULL, 1498),
(1498, 383, 'Barabagi ', 'Active', 1498, 1456217165, 1, NULL, NULL, 1499),
(1499, 383, 'Chowra ', 'Active', 1499, 1456217165, 1, NULL, NULL, 1500),
(1500, 383, 'Gulisakhali ', 'Active', 1500, 1456217165, 1, NULL, NULL, 1501),
(1501, 383, 'Karaibaria ', 'Active', 1501, 1456217165, 1, NULL, NULL, 1502),
(1502, 383, 'Kukua ', 'Active', 1502, 1456217165, 1, NULL, NULL, 1503),
(1503, 383, 'Pancha Koralia ', 'Active', 1503, 1456217165, 1, NULL, NULL, 1504),
(1504, 466, 'Halfchhari ', 'Active', 1504, 1456217165, 1, NULL, NULL, 1505),
(1505, 466, 'Ramgarh ', 'Active', 1505, 1456217165, 1, NULL, NULL, 1506),
(1506, 466, 'Pathachhara ', 'Active', 1506, 1456217165, 1, NULL, NULL, 1507),
(1507, 463, 'Batnatali ', 'Active', 1507, 1456217165, 1, NULL, NULL, 1508),
(1508, 463, 'Manikchhari ', 'Active', 1508, 1456217165, 1, NULL, NULL, 1509),
(1509, 461, 'Barmachhari ', 'Active', 1509, 1456217165, 1, NULL, NULL, 1510),
(1510, 461, 'Dulyatali ', 'Active', 1510, 1456217165, 1, NULL, NULL, 1511),
(1511, 461, 'Laxmichhari ', 'Active', 1511, 1456217165, 1, NULL, NULL, 1512),
(1512, 464, 'Baranala ', 'Active', 1512, 1456217165, 1, NULL, NULL, 1513),
(1513, 464, 'Belchhari ', 'Active', 1513, 1456217165, 1, NULL, NULL, 1514),
(1514, 464, 'Guimara ', 'Active', 1514, 1456217165, 1, NULL, NULL, 1515),
(1515, 413, 'Baruipara ', 'Active', 1515, 1456217165, 1, NULL, NULL, 1516),
(1516, 464, 'Gumti ', 'Active', 1516, 1456217165, 1, NULL, NULL, 1517),
(1517, 464, 'Matiranga ', 'Active', 1517, 1456217165, 1, NULL, NULL, 1518),
(1518, 413, 'Bemarta ', 'Active', 1518, 1456217165, 1, NULL, NULL, 1519),
(1519, 464, 'Tubalchhari ', 'Active', 1519, 1456217165, 1, NULL, NULL, 1520),
(1520, 464, 'Taindang ', 'Active', 1520, 1456217165, 1, NULL, NULL, 1521),
(1521, 413, 'Bishnupur ', 'Active', 1521, 1456217165, 1, NULL, NULL, 1522),
(1522, 413, 'Gotapara ', 'Active', 1522, 1456217165, 1, NULL, NULL, 1523),
(1523, 413, 'Jatrapur ', 'Active', 1523, 1456217165, 1, NULL, NULL, 1524),
(1524, 413, 'Karapara ', 'Active', 1524, 1456217165, 1, NULL, NULL, 1525),
(1525, 413, 'Khanpur ', 'Active', 1525, 1456217165, 1, NULL, NULL, 1526),
(1526, 413, 'Rakhalgachhi ', 'Active', 1526, 1456217165, 1, NULL, NULL, 1527),
(1527, 413, 'Shatgambuj ', 'Active', 1527, 1456217165, 1, NULL, NULL, 1528),
(1528, 413, 'Dema ', 'Active', 1528, 1456217165, 1, NULL, NULL, 1529),
(1529, 32, 'Aicgati  ', 'Active', 1529, 1456217165, 1, NULL, NULL, 1530),
(1530, 32, 'Sreelotla   ', 'Active', 1530, 1456217165, 1, NULL, NULL, 1531),
(1531, 32, 'Noyhati   ', 'Active', 1531, 1456217165, 1, NULL, NULL, 1532),
(1532, 32, 'T S Bahirdia   ', 'Active', 1532, 1456217165, 1, NULL, NULL, 1533),
(1533, 32, 'Gathvog  ', 'Active', 1533, 1456217165, 1, NULL, NULL, 1534),
(1534, 33, 'Aajgora', 'Active', 1534, 1456217165, 1, NULL, NULL, 1535),
(1535, 33, 'Barasat', 'Active', 1535, 1456217165, 1, NULL, NULL, 1536),
(1536, 419, 'Bohorbunia ', 'Active', 1536, 1456217165, 1, NULL, NULL, 1537),
(1537, 33, 'Chagodaha', 'Active', 1537, 1456217165, 1, NULL, NULL, 1538),
(1538, 33, 'Terkhada', 'Active', 1538, 1456217165, 1, NULL, NULL, 1539),
(1539, 419, 'Boloibunia ', 'Active', 1539, 1456217165, 1, NULL, NULL, 1540),
(1540, 33, 'Sachyadoho', 'Active', 1540, 1456217165, 1, NULL, NULL, 1541),
(1541, 33, 'Modhupur', 'Active', 1541, 1456217165, 1, NULL, NULL, 1542),
(1542, 419, 'Banagram ', 'Active', 1542, 1456217165, 1, NULL, NULL, 1543),
(1543, 28, 'Gazirhat  ', 'Active', 1543, 1456217165, 1, NULL, NULL, 1544),
(1544, 28, 'Barakpur  ', 'Active', 1544, 1456217165, 1, NULL, NULL, 1545),
(1545, 28, 'Dighilia  ', 'Active', 1545, 1456217165, 1, NULL, NULL, 1546),
(1546, 419, 'Baroikhali ', 'Active', 1546, 1456217165, 1, NULL, NULL, 1547),
(1547, 28, 'Senhati  ', 'Active', 1547, 1456217165, 1, NULL, NULL, 1548),
(1548, 28, 'Arong gatha  ', 'Active', 1548, 1456217165, 1, NULL, NULL, 1549),
(1549, 28, 'Jogipol  ', 'Active', 1549, 1456217165, 1, NULL, NULL, 1550),
(1550, 31, 'Fultola  ', 'Active', 1550, 1456217165, 1, NULL, NULL, 1551),
(1551, 31, 'Damodora  ', 'Active', 1551, 1456217165, 1, NULL, NULL, 1552),
(1552, 109, 'Baruhas ', 'Active', 1552, 1456217165, 1, NULL, NULL, 1553),
(1553, 31, 'Atoragor gilatola ', 'Active', 1553, 1456217165, 1, NULL, NULL, 1554),
(1554, 31, 'Jamira  ', 'Active', 1554, 1456217165, 1, NULL, NULL, 1555),
(1555, 109, 'Deshigram ', 'Active', 1555, 1456217165, 1, NULL, NULL, 1556),
(1556, 27, 'Dhamalia  ', 'Active', 1556, 1456217165, 1, NULL, NULL, 1557),
(1557, 109, 'Maidnagar ', 'Active', 1557, 1456217165, 1, NULL, NULL, 1558),
(1558, 27, 'Roghunathpur  ', 'Active', 1558, 1456217165, 1, NULL, NULL, 1559),
(1559, 27, 'Rudhaghora  ', 'Active', 1559, 1456217165, 1, NULL, NULL, 1560),
(1560, 109, 'Magurabinod ', 'Active', 1560, 1456217165, 1, NULL, NULL, 1561),
(1561, 27, 'Khornia  ', 'Active', 1561, 1456217165, 1, NULL, NULL, 1562),
(1562, 109, 'Naogaon ', 'Active', 1562, 1456217165, 1, NULL, NULL, 1563),
(1563, 27, 'Atalia  ', 'Active', 1563, 1456217165, 1, NULL, NULL, 1564),
(1564, 109, 'Saguna ', 'Active', 1564, 1456217165, 1, NULL, NULL, 1565),
(1565, 27, 'Maghur ghuna  ', 'Active', 1565, 1456217165, 1, NULL, NULL, 1566),
(1566, 27, 'Shuvon  ', 'Active', 1566, 1456217165, 1, NULL, NULL, 1567),
(1567, 109, 'Talom ', 'Active', 1567, 1456217165, 1, NULL, NULL, 1568),
(1568, 27, 'Shorofpur  ', 'Active', 1568, 1456217165, 1, NULL, NULL, 1569),
(1569, 109, 'Tarash ', 'Active', 1569, 1456217165, 1, NULL, NULL, 1570),
(1570, 27, 'Sahosh  ', 'Active', 1570, 1456217165, 1, NULL, NULL, 1571),
(1571, 27, 'Vandarpara  ', 'Active', 1571, 1456217165, 1, NULL, NULL, 1572),
(1572, 27, 'Dumuria  ', 'Active', 1572, 1456217165, 1, NULL, NULL, 1573),
(1573, 27, 'Rongpur  ', 'Active', 1573, 1456217165, 1, NULL, NULL, 1574),
(1574, 27, 'Gutudia  ', 'Active', 1574, 1456217165, 1, NULL, NULL, 1575),
(1575, 27, 'Magurkhali  ', 'Active', 1575, 1456217165, 1, NULL, NULL, 1576),
(1576, 25, 'Jomla  Union Porisho', 'Active', 1576, 1456217165, 1, NULL, NULL, 1577),
(1577, 25, 'Batiaghata   ', 'Active', 1577, 1456217165, 1, NULL, NULL, 1578),
(1578, 25, 'Gongarampur   ', 'Active', 1578, 1456217165, 1, NULL, NULL, 1579),
(1579, 25, 'Surkhali   ', 'Active', 1579, 1456217165, 1, NULL, NULL, 1580),
(1580, 25, 'Vandarkuta   ', 'Active', 1580, 1456217165, 1, NULL, NULL, 1581),
(1581, 25, 'Baliadanga   ', 'Active', 1581, 1456217165, 1, NULL, NULL, 1582),
(1582, 25, 'Amirpur   ', 'Active', 1582, 1456217165, 1, NULL, NULL, 1583),
(1583, 26, 'Pankhali Union', 'Active', 1583, 1456217165, 1, NULL, NULL, 1584),
(1584, 26, ' Dacope', 'Active', 1584, 1456217165, 1, NULL, NULL, 1585),
(1585, 186, 'Amjankhore ', 'Active', 1585, 1456217165, 1, NULL, NULL, 1586),
(1586, 186, 'Barabari ', 'Active', 1586, 1456217165, 1, NULL, NULL, 1587),
(1587, 186, 'Barapalashbari ', 'Active', 1587, 1456217165, 1, NULL, NULL, 1588),
(1588, 186, 'Bhanor ', 'Active', 1588, 1456217165, 1, NULL, NULL, 1589),
(1589, 26, 'Lawdop Union ', 'Active', 1589, 1456217165, 1, NULL, NULL, 1590),
(1590, 186, 'Charol ', 'Active', 1590, 1456217165, 1, NULL, NULL, 1591),
(1591, 186, 'Dhantola ', 'Active', 1591, 1456217165, 1, NULL, NULL, 1592),
(1592, 26, 'Koilas Union ', 'Active', 1592, 1456217165, 1, NULL, NULL, 1593),
(1593, 242, 'Kashempur ', 'Active', 1593, 1456217165, 1, NULL, NULL, 1594),
(1594, 186, 'Duosuo ', 'Active', 1594, 1456217165, 1, NULL, NULL, 1595),
(1595, 186, 'Paria ', 'Active', 1595, 1456217165, 1, NULL, NULL, 1596),
(1596, 26, 'Suterkhali Union ', 'Active', 1596, 1456217165, 1, NULL, NULL, 1597),
(1597, 242, 'Kheruajani ', 'Active', 1597, 1456217165, 1, NULL, NULL, 1598),
(1598, 242, 'Kumarghata ', 'Active', 1598, 1456217165, 1, NULL, NULL, 1599),
(1599, 30, 'Horidali  ', 'Active', 1599, 1456217165, 1, NULL, NULL, 1600),
(1600, 240, 'Mankon ', 'Active', 1600, 1456217165, 1, NULL, NULL, 1601),
(1601, 30, 'Kopilmuni   ', 'Active', 1601, 1456217165, 1, NULL, NULL, 1602),
(1602, 242, 'Tarati ', 'Active', 1602, 1456217165, 1, NULL, NULL, 1603),
(1603, 30, 'Lota   ', 'Active', 1603, 1456217165, 1, NULL, NULL, 1604),
(1604, 30, 'Deluti   ', 'Active', 1604, 1456217165, 1, NULL, NULL, 1605),
(1605, 246, 'Amiabari ', 'Active', 1605, 1456217165, 1, NULL, NULL, 1606),
(1606, 30, 'Soladana   ', 'Active', 1606, 1456217165, 1, NULL, NULL, 1607),
(1607, 246, 'Bailar ', 'Active', 1607, 1456217165, 1, NULL, NULL, 1608),
(1608, 419, 'Chingrakhali ', 'Active', 1608, 1456217165, 1, NULL, NULL, 1609),
(1609, 30, 'Loskor   ', 'Active', 1609, 1456217165, 1, NULL, NULL, 1610),
(1610, 246, 'Bali Para ', 'Active', 1610, 1456217165, 1, NULL, NULL, 1611),
(1611, 30, 'Godaypur   ', 'Active', 1611, 1456217165, 1, NULL, NULL, 1612),
(1612, 246, 'Dhanikhola ', 'Active', 1612, 1456217165, 1, NULL, NULL, 1613),
(1613, 30, 'Larduli   ', 'Active', 1613, 1456217165, 1, NULL, NULL, 1614),
(1614, 246, 'Harirampur ', 'Active', 1614, 1456217165, 1, NULL, NULL, 1615),
(1615, 30, 'Chadkhali   ', 'Active', 1615, 1456217165, 1, NULL, NULL, 1616),
(1616, 246, 'Kanihari ', 'Active', 1616, 1456217165, 1, NULL, NULL, 1617),
(1617, 30, 'Gorduikhali   ', 'Active', 1617, 1456217165, 1, NULL, NULL, 1618),
(1618, 246, 'Kanthal ', 'Active', 1618, 1456217165, 1, NULL, NULL, 1619),
(1619, 187, 'Amgaon', 'Active', 1619, 1456217165, 1, NULL, NULL, 1620),
(1620, 29, 'Amadi   ', 'Active', 1620, 1456217165, 1, NULL, NULL, 1621),
(1621, 246, 'Mathbaria ', 'Active', 1621, 1456217165, 1, NULL, NULL, 1622),
(1622, 187, 'Bakua', 'Active', 1622, 1456217165, 1, NULL, NULL, 1623),
(1623, 29, 'Bagali   ', 'Active', 1623, 1456217165, 1, NULL, NULL, 1624),
(1624, 187, 'Bhaturia', 'Active', 1624, 1456217165, 1, NULL, NULL, 1625),
(1625, 246, 'Mokshapur ', 'Active', 1625, 1456217165, 1, NULL, NULL, 1626),
(1626, 187, 'Dangipara', 'Active', 1626, 1456217165, 1, NULL, NULL, 1627),
(1627, 187, 'Gedura', 'Active', 1627, 1456217165, 1, NULL, NULL, 1628),
(1628, 29, 'Mahesshorpur  ', 'Active', 1628, 1456217165, 1, NULL, NULL, 1629),
(1629, 246, 'Rampur ', 'Active', 1629, 1456217165, 1, NULL, NULL, 1630),
(1630, 187, 'Haripur', 'Active', 1630, 1456217165, 1, NULL, NULL, 1631),
(1631, 29, 'Moharajpur  ', 'Active', 1631, 1456217165, 1, NULL, NULL, 1632),
(1632, 246, 'Sakhua ', 'Active', 1632, 1456217165, 1, NULL, NULL, 1633),
(1633, 29, 'Koyra  ', 'Active', 1633, 1456217165, 1, NULL, NULL, 1634),
(1634, 246, 'Trishal ', 'Active', 1634, 1456217165, 1, NULL, NULL, 1635),
(1635, 29, 'North Bedkashi  ', 'Active', 1635, 1456217165, 1, NULL, NULL, 1636),
(1636, 235, 'Bagber ', 'Active', 1636, 1456217165, 1, NULL, NULL, 1637),
(1637, 29, 'South Bedkashi  ', 'Active', 1637, 1456217165, 1, NULL, NULL, 1638),
(1638, 235, 'Dakshin Maijpara ', 'Active', 1638, 1456217165, 1, NULL, NULL, 1639),
(1639, 235, 'Dobaura ', 'Active', 1639, 1456217165, 1, NULL, NULL, 1640),
(1640, 419, 'Daibanjgati ', 'Active', 1640, 1456217165, 1, NULL, NULL, 1641),
(1641, 188, 'Beerchuna', 'Active', 1641, 1456217165, 1, NULL, NULL, 1642),
(1642, 188, 'Bhomradaha', 'Active', 1642, 1456217165, 1, NULL, NULL, 1643),
(1643, 188, 'Daulatpur', 'Active', 1643, 1456217165, 1, NULL, NULL, 1644),
(1644, 188, 'Hajipur', 'Active', 1644, 1456217165, 1, NULL, NULL, 1645),
(1645, 188, 'Jabarhat', 'Active', 1645, 1456217165, 1, NULL, NULL, 1646),
(1646, 188, 'Khangaon', 'Active', 1646, 1456217165, 1, NULL, NULL, 1647),
(1647, 188, 'Kosharaniganj', 'Active', 1647, 1456217165, 1, NULL, NULL, 1648),
(1648, 188, 'Sayedpur', 'Active', 1648, 1456217165, 1, NULL, NULL, 1649),
(1649, 188, 'Sengaon', 'Active', 1649, 1456217165, 1, NULL, NULL, 1650),
(1650, 188, 'Pirganj', 'Active', 1650, 1456217165, 1, NULL, NULL, 1651),
(1651, 276, 'Binnati ', 'Active', 1651, 1456217165, 1, NULL, NULL, 1652),
(1652, 419, 'Hoglabunia ', 'Active', 1652, 1456217165, 1, NULL, NULL, 1653),
(1653, 276, 'Bawlai ', 'Active', 1653, 1456217165, 1, NULL, NULL, 1654),
(1654, 235, 'Guatala ', 'Active', 1654, 1456217165, 1, NULL, NULL, 1655),
(1655, 235, 'Ghoshgaon ', 'Active', 1655, 1456217165, 1, NULL, NULL, 1656),
(1656, 276, 'Chauddasata ', 'Active', 1656, 1456217165, 1, NULL, NULL, 1657),
(1657, 235, 'Pora Kandulia ', 'Active', 1657, 1456217165, 1, NULL, NULL, 1658),
(1658, 189, 'Bachor', 'Active', 1658, 1456217165, 1, NULL, NULL, 1659),
(1659, 419, 'Hoglapasha ', 'Active', 1659, 1456217165, 1, NULL, NULL, 1660),
(1660, 189, 'Dharmagarh', 'Active', 1660, 1456217165, 1, NULL, NULL, 1661),
(1661, 276, 'Dana Patuli ', 'Active', 1661, 1456217165, 1, NULL, NULL, 1662),
(1662, 189, 'Hossaingaon', 'Active', 1662, 1456217165, 1, NULL, NULL, 1663),
(1663, 235, 'Barobaria ', 'Active', 1663, 1456217165, 1, NULL, NULL, 1664),
(1664, 189, 'Lehemba', 'Active', 1664, 1456217165, 1, NULL, NULL, 1665),
(1665, 276, 'Jasodal ', 'Active', 1665, 1456217165, 1, NULL, NULL, 1666),
(1666, 189, 'Nekmarad', 'Active', 1666, 1456217165, 1, NULL, NULL, 1667),
(1667, 189, 'Nanduar', 'Active', 1667, 1456217165, 1, NULL, NULL, 1668),
(1668, 189, 'Rator', 'Active', 1668, 1456217165, 1, NULL, NULL, 1669),
(1669, 237, 'Barobaria ', 'Active', 1669, 1456217165, 1, NULL, NULL, 1670),
(1670, 276, 'Korsha Kariail ', 'Active', 1670, 1456217165, 1, NULL, NULL, 1671),
(1671, 237, 'Char Algi ', 'Active', 1671, 1456217165, 1, NULL, NULL, 1672),
(1672, 276, 'Latibabad ', 'Active', 1672, 1456217165, 1, NULL, NULL, 1673),
(1673, 276, 'Mahinanda ', 'Active', 1673, 1456217165, 1, NULL, NULL, 1674),
(1674, 237, 'Datter Bazar ', 'Active', 1674, 1456217165, 1, NULL, NULL, 1675),
(1675, 276, 'Maij Khapan ', 'Active', 1675, 1456217165, 1, NULL, NULL, 1676),
(1676, 237, 'Gaffargaon ', 'Active', 1676, 1456217165, 1, NULL, NULL, 1677),
(1677, 276, 'Maria ', 'Active', 1677, 1456217165, 1, NULL, NULL, 1678),
(1678, 237, 'Jessora ', 'Active', 1678, 1456217165, 1, NULL, NULL, 1679),
(1679, 419, 'Jiudhara ', 'Active', 1679, 1456217165, 1, NULL, NULL, 1680),
(1680, 237, 'Langair ', 'Active', 1680, 1456217165, 1, NULL, NULL, 1681),
(1681, 419, 'Khaulia ', 'Active', 1681, 1456217165, 1, NULL, NULL, 1682),
(1682, 237, 'Mashakhali ', 'Active', 1682, 1456217165, 1, NULL, NULL, 1683),
(1683, 237, 'Niguari ', 'Active', 1683, 1456217165, 1, NULL, NULL, 1684),
(1684, 276, 'Rashidabad ', 'Active', 1684, 1456217165, 1, NULL, NULL, 1685),
(1685, 237, 'Paithal ', 'Active', 1685, 1456217165, 1, NULL, NULL, 1686),
(1686, 419, 'Morrelganj ', 'Active', 1686, 1456217165, 1, NULL, NULL, 1687),
(1687, 278, 'Dhaki ', 'Active', 1687, 1456217165, 1, NULL, NULL, 1688),
(1688, 237, 'Panchbag ', 'Active', 1688, 1456217165, 1, NULL, NULL, 1689),
(1689, 237, 'Rasulpur ', 'Active', 1689, 1456217165, 1, NULL, NULL, 1690),
(1690, 278, 'Ghagra ', 'Active', 1690, 1456217165, 1, NULL, NULL, 1691),
(1691, 237, 'Raona ', 'Active', 1691, 1456217165, 1, NULL, NULL, 1692),
(1692, 190, 'Akacha', 'Active', 1692, 1456217165, 1, NULL, NULL, 1693),
(1693, 278, 'Gopedighi ', 'Active', 1693, 1456217165, 1, NULL, NULL, 1694),
(1694, 190, 'Akhanagar', 'Active', 1694, 1456217165, 1, NULL, NULL, 1695),
(1695, 237, 'Saltia ', 'Active', 1695, 1456217165, 1, NULL, NULL, 1696),
(1696, 190, 'Auliapur', 'Active', 1696, 1456217165, 1, NULL, NULL, 1697),
(1697, 419, 'Nishanbaria ', 'Active', 1697, 1456217165, 1, NULL, NULL, 1698),
(1698, 278, 'Katkhal ', 'Active', 1698, 1456217165, 1, NULL, NULL, 1699),
(1699, 190, 'Begunbari', 'Active', 1699, 1456217165, 1, NULL, NULL, 1700),
(1700, 237, 'Tengabu ', 'Active', 1700, 1456217165, 1, NULL, NULL, 1701),
(1701, 190, 'Balia', 'Active', 1701, 1456217165, 1, NULL, NULL, 1702),
(1702, 278, 'Kewarjore ', 'Active', 1702, 1456217165, 1, NULL, NULL, 1703),
(1703, 190, 'Baragaon', 'Active', 1703, 1456217165, 1, NULL, NULL, 1704),
(1704, 419, 'Panchakaran ', 'Active', 1704, 1456217165, 1, NULL, NULL, 1705),
(1705, 237, 'Usthi ', 'Active', 1705, 1456217165, 1, NULL, NULL, 1706),
(1706, 190, 'Chilarang', 'Active', 1706, 1456217165, 1, NULL, NULL, 1707),
(1707, 278, 'Mithamoin ', 'Active', 1707, 1456217165, 1, NULL, NULL, 1708),
(1708, 190, 'Debipur', 'Active', 1708, 1456217165, 1, NULL, NULL, 1709),
(1709, 236, 'Achhim Patuli ', 'Active', 1709, 1456217165, 1, NULL, NULL, 1710),
(1710, 419, 'Putikhali ', 'Active', 1710, 1456217165, 1, NULL, NULL, 1711),
(1711, 278, 'Boirati ', 'Active', 1711, 1456217165, 1, NULL, NULL, 1712),
(1712, 190, 'Goreya', 'Active', 1712, 1456217165, 1, NULL, NULL, 1713),
(1713, 190, 'Jagannathpur', 'Active', 1713, 1456217165, 1, NULL, NULL, 1714),
(1714, 236, 'Bakta ', 'Active', 1714, 1456217165, 1, NULL, NULL, 1715),
(1715, 419, 'Ramchandrapur ', 'Active', 1715, 1456217165, 1, NULL, NULL, 1716),
(1716, 419, 'Teligati ', 'Active', 1716, 1456217165, 1, NULL, NULL, 1717),
(1717, 236, 'Balian ', 'Active', 1717, 1456217165, 1, NULL, NULL, 1718),
(1718, 236, 'Bhabanipur ', 'Active', 1718, 1456217165, 1, NULL, NULL, 1719),
(1719, 110, 'Bangala ', 'Active', 1719, 1456217165, 1, NULL, NULL, 1720),
(1720, 236, 'Dewkhola ', 'Active', 1720, 1456217165, 1, NULL, NULL, 1721),
(1721, 190, 'Jamalpur', 'Active', 1721, 1456217165, 1, NULL, NULL, 1722),
(1722, 190, 'Mohammadpur', 'Active', 1722, 1456217165, 1, NULL, NULL, 1723),
(1723, 281, 'Damiha ', 'Active', 1723, 1456217165, 1, NULL, NULL, 1724),
(1724, 236, 'Enayetpur ', 'Active', 1724, 1456217165, 1, NULL, NULL, 1725),
(1725, 190, 'Nargun', 'Active', 1725, 1456217165, 1, NULL, NULL, 1726),
(1726, 110, 'Barahar ', 'Active', 1726, 1456217165, 1, NULL, NULL, 1727),
(1727, 190, 'Rahimanpur', 'Active', 1727, 1456217165, 1, NULL, NULL, 1728),
(1728, 236, 'Fulbaria ', 'Active', 1728, 1456217165, 1, NULL, NULL, 1729),
(1729, 281, 'Dhala ', 'Active', 1729, 1456217165, 1, NULL, NULL, 1730),
(1730, 190, 'Roypur', 'Active', 1730, 1456217165, 1, NULL, NULL, 1731),
(1731, 190, 'Rajagaon', 'Active', 1731, 1456217165, 1, NULL, NULL, 1732),
(1732, 236, 'Kaladaha ', 'Active', 1732, 1456217165, 1, NULL, NULL, 1733),
(1733, 236, 'Kushmail ', 'Active', 1733, 1456217165, 1, NULL, NULL, 1734),
(1734, 110, 'Bara Pangashi ', 'Active', 1734, 1456217165, 1, NULL, NULL, 1735),
(1735, 110, 'Durganagar ', 'Active', 1735, 1456217165, 1, NULL, NULL, 1736),
(1736, 110, 'Hati Kumrul ', 'Active', 1736, 1456217165, 1, NULL, NULL, 1737),
(1737, 281, 'Digdair ', 'Active', 1737, 1456217165, 1, NULL, NULL, 1738),
(1738, 110, 'Mohanpur ', 'Active', 1738, 1456217165, 1, NULL, NULL, 1739),
(1739, 281, 'Jawar ', 'Active', 1739, 1456217165, 1, NULL, NULL, 1740),
(1740, 110, 'Panchakroshi ', 'Active', 1740, 1456217165, 1, NULL, NULL, 1741),
(1741, 236, 'Naogaon ', 'Active', 1741, 1456217165, 1, NULL, NULL, 1742),
(1742, 281, 'Rauti ', 'Active', 1742, 1456217165, 1, NULL, NULL, 1743),
(1743, 281, 'Talganga ', 'Active', 1743, 1456217165, 1, NULL, NULL, 1744),
(1744, 110, 'Purnimagati ', 'Active', 1744, 1456217165, 1, NULL, NULL, 1745),
(1745, 281, 'Tarail Sachail ', 'Active', 1745, 1456217165, 1, NULL, NULL, 1746),
(1746, 110, 'Ramkrishnapur ', 'Active', 1746, 1456217165, 1, NULL, NULL, 1747),
(1747, 384, 'Bamna ', 'Active', 1747, 1456217165, 1, NULL, NULL, 1748),
(1748, 110, 'Salonga ', 'Active', 1748, 1456217165, 1, NULL, NULL, 1749),
(1749, 384, 'Bukabunia ', 'Active', 1749, 1456217165, 1, NULL, NULL, 1750),
(1750, 384, 'Dauatala ', 'Active', 1750, 1456217165, 1, NULL, NULL, 1751),
(1751, 110, 'Salap ', 'Active', 1751, 1456217165, 1, NULL, NULL, 1752),
(1752, 384, 'Ramna ', 'Active', 1752, 1456217165, 1, NULL, NULL, 1753),
(1753, 110, 'Udunia ', 'Active', 1753, 1456217165, 1, NULL, NULL, 1754),
(1754, 236, 'Putijana ', 'Active', 1754, 1456217165, 1, NULL, NULL, 1755),
(1755, 280, 'Burdia ', 'Active', 1755, 1456217165, 1, NULL, NULL, 1756),
(1756, 110, 'Ullapara ', 'Active', 1756, 1456217165, 1, NULL, NULL, 1757),
(1757, 236, 'Radhakanai ', 'Active', 1757, 1456217165, 1, NULL, NULL, 1758),
(1758, 236, 'Rangamatia ', 'Active', 1758, 1456217165, 1, NULL, NULL, 1759),
(1759, 386, 'Aylapatakata ', 'Active', 1759, 1456217165, 1, NULL, NULL, 1760),
(1760, 280, 'Chandipasha ', 'Active', 1760, 1456217165, 1, NULL, NULL, 1761),
(1761, 108, 'Bagbati ', 'Active', 1761, 1456217165, 1, NULL, NULL, 1762),
(1762, 241, 'Akua ', 'Active', 1762, 1456217165, 1, NULL, NULL, 1763),
(1763, 280, 'Char Faradi ', 'Active', 1763, 1456217165, 1, NULL, NULL, 1764),
(1764, 386, 'Badarkhali ', 'Active', 1764, 1456217165, 1, NULL, NULL, 1765),
(1765, 241, 'Ashtadhar ', 'Active', 1765, 1456217165, 1, NULL, NULL, 1766),
(1766, 280, 'Egarasindur ', 'Active', 1766, 1456217165, 1, NULL, NULL, 1767),
(1767, 386, 'Barguna ', 'Active', 1767, 1456217165, 1, NULL, NULL, 1768),
(1768, 108, 'Bahuli ', 'Active', 1768, 1456217165, 1, NULL, NULL, 1769),
(1769, 241, 'Bhabkhali ', 'Active', 1769, 1456217165, 1, NULL, NULL, 1770),
(1770, 108, 'Kaliaharipur ', 'Active', 1770, 1456217165, 1, NULL, NULL, 1771),
(1771, 386, 'Burir Char ', 'Active', 1771, 1456217165, 1, NULL, NULL, 1772),
(1772, 108, 'Kawrakhola ', 'Active', 1772, 1456217165, 1, NULL, NULL, 1773),
(1773, 108, 'Khoksabari ', 'Active', 1773, 1456217165, 1, NULL, NULL, 1774),
(1774, 190, 'Ruheea', 'Active', 1774, 1456217165, 1, NULL, NULL, 1775),
(1775, 190, 'Salandar', 'Active', 1775, 1456217165, 1, NULL, NULL, 1776),
(1776, 190, 'Sukanpukuri', 'Active', 1776, 1456217165, 1, NULL, NULL, 1777),
(1777, 108, 'Mechhra ', 'Active', 1777, 1456217165, 1, NULL, NULL, 1778),
(1778, 241, 'Borar Char ', 'Active', 1778, 1456217165, 1, NULL, NULL, 1779),
(1779, 386, 'Fuljhury ', 'Active', 1779, 1456217165, 1, NULL, NULL, 1780),
(1780, 108, 'Ratankandi ', 'Active', 1780, 1456217165, 1, NULL, NULL, 1781),
(1781, 241, 'Char Ishwardia ', 'Active', 1781, 1456217165, 1, NULL, NULL, 1782),
(1782, 386, 'Gaurichana ', 'Active', 1782, 1456217165, 1, NULL, NULL, 1783),
(1783, 241, 'Char Nilaxmia ', 'Active', 1783, 1456217165, 1, NULL, NULL, 1784),
(1784, 280, 'Hosendi ', 'Active', 1784, 1456217165, 1, NULL, NULL, 1785),
(1785, 386, 'Keorabunia ', 'Active', 1785, 1456217165, 1, NULL, NULL, 1786),
(1786, 241, 'Dapunia ', 'Active', 1786, 1456217165, 1, NULL, NULL, 1787),
(1787, 280, 'Jangalia ', 'Active', 1787, 1456217165, 1, NULL, NULL, 1788),
(1788, 108, 'Sardabad ', 'Active', 1788, 1456217165, 1, NULL, NULL, 1789),
(1789, 241, 'Ghagra ', 'Active', 1789, 1456217165, 1, NULL, NULL, 1790),
(1790, 280, 'Narandi ', 'Active', 1790, 1456217165, 1, NULL, NULL, 1791),
(1791, 241, 'Boyera (Kewatkhali) ', 'Active', 1791, 1456217165, 1, NULL, NULL, 1792),
(1792, 386, 'M.baliatali ', 'Active', 1792, 1456217165, 1, NULL, NULL, 1793),
(1793, 108, 'Shialkol ', 'Active', 1793, 1456217165, 1, NULL, NULL, 1794),
(1794, 241, 'Khagdahar ', 'Active', 1794, 1456217165, 1, NULL, NULL, 1795),
(1795, 280, 'Pakundia ', 'Active', 1795, 1456217165, 1, NULL, NULL, 1796),
(1796, 386, 'Naltona ', 'Active', 1796, 1456217165, 1, NULL, NULL, 1797),
(1797, 241, 'Kushtia ', 'Active', 1797, 1456217165, 1, NULL, NULL, 1798),
(1798, 108, 'Chhangachh ', 'Active', 1798, 1456217165, 1, NULL, NULL, 1799),
(1799, 280, 'Patuabhanga ', 'Active', 1799, 1456217165, 1, NULL, NULL, 1800),
(1800, 241, 'Paranganj ', 'Active', 1800, 1456217165, 1, NULL, NULL, 1801),
(1801, 280, 'Sukhia ', 'Active', 1801, 1456217165, 1, NULL, NULL, 1802),
(1802, 241, 'Sirta ', 'Active', 1802, 1456217165, 1, NULL, NULL, 1803),
(1803, 388, 'Charduani ', 'Active', 1803, 1456217165, 1, NULL, NULL, 1804),
(1804, 277, 'Chhaysuti ', 'Active', 1804, 1456217165, 1, NULL, NULL, 1805),
(1805, 107, 'Beltail ', 'Active', 1805, 1456217165, 1, NULL, NULL, 1806),
(1806, 240, 'Atharabari ', 'Active', 1806, 1456217165, 1, NULL, NULL, 1807),
(1807, 240, 'Barahit ', 'Active', 1807, 1456217165, 1, NULL, NULL, 1808),
(1808, 277, 'Faridpur ', 'Active', 1808, 1456217165, 1, NULL, NULL, 1809),
(1809, 388, 'Kakchira ', 'Active', 1809, 1456217165, 1, NULL, NULL, 1810),
(1810, 107, 'Gala ', 'Active', 1810, 1456217165, 1, NULL, NULL, 1811),
(1811, 240, 'Ishwarganj ', 'Active', 1811, 1456217165, 1, NULL, NULL, 1812),
(1812, 277, 'Gubaria Abdullahpur ', 'Active', 1812, 1456217165, 1, NULL, NULL, 1813),
(1813, 388, 'Kalmegha ', 'Active', 1813, 1456217165, 1, NULL, NULL, 1814),
(1814, 107, 'Garadaha ', 'Active', 1814, 1456217165, 1, NULL, NULL, 1815),
(1815, 240, 'Jatia ', 'Active', 1815, 1456217165, 1, NULL, NULL, 1816),
(1816, 277, 'Osmanpur ', 'Active', 1816, 1456217165, 1, NULL, NULL, 1817),
(1817, 388, 'Kanthaltali ', 'Active', 1817, 1456217165, 1, NULL, NULL, 1818),
(1818, 240, 'Maijbag ', 'Active', 1818, 1456217165, 1, NULL, NULL, 1819),
(1819, 107, 'Jalalpur ', 'Active', 1819, 1456217165, 1, NULL, NULL, 1820),
(1820, 277, 'Ramdi ', 'Active', 1820, 1456217165, 1, NULL, NULL, 1821),
(1821, 240, 'Maktola ', 'Active', 1821, 1456217165, 1, NULL, NULL, 1822),
(1822, 388, 'Nachna Para ', 'Active', 1822, 1456217165, 1, NULL, NULL, 1823),
(1823, 277, 'Salua ', 'Active', 1823, 1456217165, 1, NULL, NULL, 1824),
(1824, 107, 'Koijuri ', 'Active', 1824, 1456217165, 1, NULL, NULL, 1825),
(1825, 240, 'Rajibpur ', 'Active', 1825, 1456217165, 1, NULL, NULL, 1826),
(1826, 240, 'Sarisha ', 'Active', 1826, 1456217165, 1, NULL, NULL, 1827),
(1827, 388, 'Patharghata ', 'Active', 1827, 1456217165, 1, NULL, NULL, 1828),
(1828, 275, 'Achmita ', 'Active', 1828, 1456217165, 1, NULL, NULL, 1829),
(1829, 107, 'Kayempur ', 'Active', 1829, 1456217165, 1, NULL, NULL, 1830),
(1830, 240, 'Sohagi ', 'Active', 1830, 1456217165, 1, NULL, NULL, 1831),
(1831, 66, 'Baharpur', 'Active', 1831, 1456217165, 1, NULL, NULL, 1832),
(1832, 275, 'Banagram ', 'Active', 1832, 1456217165, 1, NULL, NULL, 1833),
(1833, 66, 'Baliakandi', 'Active', 1833, 1456217165, 1, NULL, NULL, 1834),
(1834, 107, 'Khukni ', 'Active', 1834, 1456217165, 1, NULL, NULL, 1835),
(1835, 66, 'Jamalpur', 'Active', 1835, 1456217165, 1, NULL, NULL, 1836),
(1836, 388, 'Raihanpur ', 'Active', 1836, 1456217165, 1, NULL, NULL, 1837),
(1837, 275, 'Chandpur ', 'Active', 1837, 1456217165, 1, NULL, NULL, 1838),
(1838, 240, 'Tarundia ', 'Active', 1838, 1456217165, 1, NULL, NULL, 1839),
(1839, 66, 'Jangal', 'Active', 1839, 1456217165, 1, NULL, NULL, 1840),
(1840, 240, 'Uchakhila Union Parisha', 'Active', 1840, 1456217165, 1, NULL, NULL, 1841),
(1841, 275, 'Jalalpur ', 'Active', 1841, 1456217165, 1, NULL, NULL, 1842),
(1842, 66, 'Narua', 'Active', 1842, 1456217165, 1, NULL, NULL, 1843),
(1843, 107, 'Narina ', 'Active', 1843, 1456217165, 1, NULL, NULL, 1844),
(1844, 275, 'Kargaon ', 'Active', 1844, 1456217165, 1, NULL, NULL, 1845),
(1845, 66, 'Nawabpur', 'Active', 1845, 1456217165, 1, NULL, NULL, 1846),
(1846, 66, 'Islampur', 'Active', 1846, 1456217165, 1, NULL, NULL, 1847),
(1847, 107, 'Porajona ', 'Active', 1847, 1456217165, 1, NULL, NULL, 1848),
(1848, 244, 'Balia ', 'Active', 1848, 1456217165, 1, NULL, NULL, 1849),
(1849, 275, 'Luhajuri ', 'Active', 1849, 1456217165, 1, NULL, NULL, 1850),
(1850, 244, 'Balikhan ', 'Active', 1850, 1456217165, 1, NULL, NULL, 1851),
(1851, 107, 'Potajia ', 'Active', 1851, 1456217165, 1, NULL, NULL, 1852),
(1852, 275, 'Masua ', 'Active', 1852, 1456217165, 1, NULL, NULL, 1853),
(1853, 244, 'Banihala ', 'Active', 1853, 1456217165, 1, NULL, NULL, 1854),
(1854, 275, 'Mumurdia ', 'Active', 1854, 1456217165, 1, NULL, NULL, 1855),
(1855, 107, 'Rupabati ', 'Active', 1855, 1456217165, 1, NULL, NULL, 1856),
(1856, 244, 'Bhaitkandi ', 'Active', 1856, 1456217165, 1, NULL, NULL, 1857),
(1857, 244, 'Bishka ', 'Active', 1857, 1456217165, 1, NULL, NULL, 1858),
(1858, 275, 'Shaha Dhulia ', 'Active', 1858, 1456217165, 1, NULL, NULL, 1859),
(1859, 376, 'Banari Para ', 'Active', 1859, 1456217165, 1, NULL, NULL, 1860),
(1860, 107, 'Habullah Nagar ', 'Active', 1860, 1456217165, 1, NULL, NULL, 1861),
(1861, 244, 'Baola ', 'Active', 1861, 1456217165, 1, NULL, NULL, 1862),
(1862, 376, 'Baisari Para ', 'Active', 1862, 1456217165, 1, NULL, NULL, 1863),
(1863, 279, 'Dampara ', 'Active', 1863, 1456217165, 1, NULL, NULL, 1864),
(1864, 244, 'Dhakua ', 'Active', 1864, 1456217165, 1, NULL, NULL, 1865),
(1865, 244, 'Galagaon ', 'Active', 1865, 1456217165, 1, NULL, NULL, 1866),
(1866, 279, 'Gurue ', 'Active', 1866, 1456217165, 1, NULL, NULL, 1867),
(1867, 107, 'Sonatani ', 'Active', 1867, 1456217165, 1, NULL, NULL, 1868),
(1868, 67, 'Chhotabhakla', 'Active', 1868, 1456217165, 1, NULL, NULL, 1869),
(1869, 376, 'Bisar Kandi ', 'Active', 1869, 1456217165, 1, NULL, NULL, 1870),
(1870, 244, 'Kakni ', 'Active', 1870, 1456217165, 1, NULL, NULL, 1871),
(1871, 279, 'Jaraitala ', 'Active', 1871, 1456217165, 1, NULL, NULL, 1872),
(1872, 67, 'Daulatdia', 'Active', 1872, 1456217165, 1, NULL, NULL, 1873),
(1873, 244, 'Kamargaon ', 'Active', 1873, 1456217165, 1, NULL, NULL, 1874),
(1874, 279, 'Karpasha ', 'Active', 1874, 1456217165, 1, NULL, NULL, 1875),
(1875, 67, 'Debagram', 'Active', 1875, 1456217165, 1, NULL, NULL, 1876),
(1876, 376, 'Chakhar ', 'Active', 1876, 1456217165, 1, NULL, NULL, 1877),
(1877, 244, 'Kamaria ', 'Active', 1877, 1456217165, 1, NULL, NULL, 1878),
(1878, 67, 'Ujanchar', 'Active', 1878, 1456217165, 1, NULL, NULL, 1879),
(1879, 106, 'Brahmagachh ', 'Active', 1879, 1456217165, 1, NULL, NULL, 1880),
(1880, 279, 'Nikli ', 'Active', 1880, 1456217165, 1, NULL, NULL, 1881),
(1881, 243, 'Payari ', 'Active', 1881, 1456217165, 1, NULL, NULL, 1882),
(1882, 376, 'Udoykathi ', 'Active', 1882, 1456217165, 1, NULL, NULL, 1883),
(1883, 279, 'Singpur ', 'Active', 1883, 1456217165, 1, NULL, NULL, 1884),
(1884, 106, 'Chandaikona ', 'Active', 1884, 1456217165, 1, NULL, NULL, 1885),
(1885, 244, 'Fulpur ', 'Active', 1885, 1456217165, 1, NULL, NULL, 1886),
(1886, 279, 'Chhatirchar ', 'Active', 1886, 1456217165, 1, NULL, NULL, 1887),
(1887, 244, 'Rahimganj ', 'Active', 1887, 1456217165, 1, NULL, NULL, 1888),
(1888, 373, 'Bagdha ', 'Active', 1888, 1456217165, 1, NULL, NULL, 1889),
(1889, 106, 'Dhamainagar ', 'Active', 1889, 1456217165, 1, NULL, NULL, 1890),
(1890, 244, 'Rambhadrapur ', 'Active', 1890, 1456217165, 1, NULL, NULL, 1891),
(1891, 274, 'Baragharia ', 'Active', 1891, 1456217165, 1, NULL, NULL, 1892),
(1892, 244, 'Rampur ', 'Active', 1892, 1456217165, 1, NULL, NULL, 1893),
(1893, 106, 'Dhangara ', 'Active', 1893, 1456217165, 1, NULL, NULL, 1894),
(1894, 244, 'Rupasi ', 'Active', 1894, 1456217165, 1, NULL, NULL, 1895),
(1895, 274, 'Dehunda ', 'Active', 1895, 1456217165, 1, NULL, NULL, 1896),
(1896, 373, 'Bakal ', 'Active', 1896, 1456217165, 1, NULL, NULL, 1897),
(1897, 244, 'Sawndhara ', 'Active', 1897, 1456217165, 1, NULL, NULL, 1898),
(1898, 106, 'Dhubil ', 'Active', 1898, 1456217165, 1, NULL, NULL, 1899),
(1899, 68, 'Boalia', 'Active', 1899, 1456217165, 1, NULL, NULL, 1900),
(1900, 68, 'Kalikapur', 'Active', 1900, 1456217165, 1, NULL, NULL, 1901),
(1901, 244, 'Singheshwar ', 'Active', 1901, 1456217165, 1, NULL, NULL, 1902),
(1902, 68, 'Majbari', 'Active', 1902, 1456217165, 1, NULL, NULL, 1903),
(1903, 373, 'Gaila ', 'Active', 1903, 1456217165, 1, NULL, NULL, 1904),
(1904, 68, 'Madapur', 'Active', 1904, 1456217165, 1, NULL, NULL, 1905),
(1905, 244, 'Tarakanda ', 'Active', 1905, 1456217165, 1, NULL, NULL, 1906),
(1906, 106, 'Ghurkha ', 'Active', 1906, 1456217165, 1, NULL, NULL, 1907),
(1907, 68, 'Mrigi', 'Active', 1907, 1456217165, 1, NULL, NULL, 1908),
(1908, 68, 'Ratandia', 'Active', 1908, 1456217165, 1, NULL, NULL, 1909),
(1909, 238, 'Achintapur ', 'Active', 1909, 1456217165, 1, NULL, NULL, 1910),
(1910, 68, 'Sawrail', 'Active', 1910, 1456217165, 1, NULL, NULL, 1911),
(1911, 106, 'Nalka ', 'Active', 1911, 1456217165, 1, NULL, NULL, 1912),
(1912, 373, 'Rajiher ', 'Active', 1912, 1456217165, 1, NULL, NULL, 1913),
(1913, 238, 'Bhangnamari ', 'Active', 1913, 1456217165, 1, NULL, NULL, 1914),
(1914, 238, 'Bokainagar ', 'Active', 1914, 1456217165, 1, NULL, NULL, 1915),
(1915, 106, 'Pangashi ', 'Active', 1915, 1456217165, 1, NULL, NULL, 1916),
(1916, 274, 'Gundhar ', 'Active', 1916, 1456217165, 1, NULL, NULL, 1917),
(1917, 373, 'Ratnapur ', 'Active', 1917, 1456217165, 1, NULL, NULL, 1918),
(1918, 238, 'Dewhakhula ', 'Active', 1918, 1456217165, 1, NULL, NULL, 1919),
(1919, 106, 'Sonakhara ', 'Active', 1919, 1456217165, 1, NULL, NULL, 1920),
(1920, 238, 'Gauripur ', 'Active', 1920, 1456217165, 1, NULL, NULL, 1921),
(1921, 238, 'Myenkanda ', 'Active', 1921, 1456217165, 1, NULL, NULL, 1922),
(1922, 238, 'Maoha ', 'Active', 1922, 1456217165, 1, NULL, NULL, 1923),
(1923, 105, 'Chargirish ', 'Active', 1923, 1456217165, 1, NULL, NULL, 1924),
(1924, 238, 'Ramgopalpur ', 'Active', 1924, 1456217165, 1, NULL, NULL, 1925),
(1925, 69, 'Bahadurpur', 'Active', 1925, 1456217165, 1, NULL, NULL, 1926),
(1926, 377, 'Bardhi ', 'Active', 1926, 1456217165, 1, NULL, NULL, 1927),
(1927, 105, 'Chalitadanga ', 'Active', 1927, 1456217165, 1, NULL, NULL, 1928),
(1928, 238, 'Sahanati ', 'Active', 1928, 1456217165, 1, NULL, NULL, 1929),
(1929, 69, 'Habashpur', 'Active', 1929, 1456217165, 1, NULL, NULL, 1930),
(1930, 69, 'Jhashai', 'Active', 1930, 1456217165, 1, NULL, NULL, 1931),
(1931, 69, 'Kalimahar', 'Active', 1931, 1456217165, 1, NULL, NULL, 1932),
(1932, 238, 'Sidhla ', 'Active', 1932, 1456217165, 1, NULL, NULL, 1933),
(1933, 69, 'Kasbamajail', 'Active', 1933, 1456217165, 1, NULL, NULL, 1934),
(1934, 105, 'Gondhail ', 'Active', 1934, 1456217165, 1, NULL, NULL, 1935),
(1935, 69, 'Machhpara', 'Active', 1935, 1456217165, 1, NULL, NULL, 1936),
(1936, 274, 'Gujadia ', 'Active', 1936, 1456217165, 1, NULL, NULL, 1937),
(1937, 69, 'Maurat', 'Active', 1937, 1456217165, 1, NULL, NULL, 1938),
(1938, 234, 'Bhaluka ', 'Active', 1938, 1456217165, 1, NULL, NULL, 1939),
(1939, 69, 'Babupara', 'Active', 1939, 1456217165, 1, NULL, NULL, 1940),
(1940, 105, 'Kazipur ', 'Active', 1940, 1456217165, 1, NULL, NULL, 1941),
(1941, 69, 'Patta', 'Active', 1941, 1456217165, 1, NULL, NULL, 1942),
(1942, 234, 'Bharadoba ', 'Active', 1942, 1456217165, 1, NULL, NULL, 1943),
(1943, 69, 'Sarisha', 'Active', 1943, 1456217165, 1, NULL, NULL, 1944),
(1944, 274, 'Jafarabad ', 'Active', 1944, 1456217165, 1, NULL, NULL, 1945),
(1945, 234, 'Birunia ', 'Active', 1945, 1456217165, 1, NULL, NULL, 1946),
(1946, 105, 'Khasrabari ', 'Active', 1946, 1456217165, 1, NULL, NULL, 1947),
(1947, 274, 'Joyka ', 'Active', 1947, 1456217165, 1, NULL, NULL, 1948),
(1948, 234, 'Dakatia ', 'Active', 1948, 1456217165, 1, NULL, NULL, 1949),
(1949, 105, 'Maijbari ', 'Active', 1949, 1456217165, 1, NULL, NULL, 1950),
(1950, 234, 'Dhitpur ', 'Active', 1950, 1456217165, 1, NULL, NULL, 1951),
(1951, 274, 'Kadir Jungle ', 'Active', 1951, 1456217165, 1, NULL, NULL, 1952),
(1952, 234, 'Habirbari ', 'Active', 1952, 1456217165, 1, NULL, NULL, 1953),
(1953, 105, 'Natuarpara ', 'Active', 1953, 1456217165, 1, NULL, NULL, 1954),
(1954, 234, 'Kachina ', 'Active', 1954, 1456217165, 1, NULL, NULL, 1955),
(1955, 274, 'Karimganj ', 'Active', 1955, 1456217165, 1, NULL, NULL, 1956),
(1956, 377, 'Batajore ', 'Active', 1956, 1456217165, 1, NULL, NULL, 1957),
(1957, 234, 'Mallikbari ', 'Active', 1957, 1456217165, 1, NULL, NULL, 1958),
(1958, 274, 'Niamatpur ', 'Active', 1958, 1456217165, 1, NULL, NULL, 1959),
(1959, 105, 'Nishchintapur ', 'Active', 1959, 1456217165, 1, NULL, NULL, 1960),
(1960, 234, 'Meduary ', 'Active', 1960, 1456217165, 1, NULL, NULL, 1961),
(1961, 274, 'Noabad ', 'Active', 1961, 1456217165, 1, NULL, NULL, 1962),
(1962, 234, 'Rajai ', 'Active', 1962, 1456217165, 1, NULL, NULL, 1963),
(1963, 105, 'Sonamukhi ', 'Active', 1963, 1456217165, 1, NULL, NULL, 1964),
(1964, 274, 'Sutar Para ', 'Active', 1964, 1456217165, 1, NULL, NULL, 1965),
(1965, 234, 'Uthura ', 'Active', 1965, 1456217165, 1, NULL, NULL, 1966),
(1966, 377, 'Chandshi ', 'Active', 1966, 1456217165, 1, NULL, NULL, 1967),
(1967, 269, 'Adampur ', 'Active', 1967, 1456217165, 1, NULL, NULL, 1968),
(1968, 105, 'Subhagachha ', 'Active', 1968, 1456217165, 1, NULL, NULL, 1969),
(1969, 377, 'Mahilara ', 'Active', 1969, 1456217165, 1, NULL, NULL, 1970),
(1970, 269, 'Austagram ', 'Active', 1970, 1456217165, 1, NULL, NULL, 1971),
(1971, 105, 'Tekani ', 'Active', 1971, 1456217165, 1, NULL, NULL, 1972),
(1972, 269, 'Bangal Para ', 'Active', 1972, 1456217165, 1, NULL, NULL, 1973),
(1973, 105, 'Moonsurnagar ', 'Active', 1973, 1456217165, 1, NULL, NULL, 1974),
(1974, 269, 'Deoghar ', 'Active', 1974, 1456217165, 1, NULL, NULL, 1975),
(1975, 377, 'Nalchira ', 'Active', 1975, 1456217165, 1, NULL, NULL, 1976),
(1976, 135, 'Ahsanganj ', 'Active', 1976, 1456217165, 1, NULL, NULL, 1977),
(1977, 70, 'Alipur', 'Active', 1977, 1456217165, 1, NULL, NULL, 1978),
(1978, 269, 'Kalma ', 'Active', 1978, 1456217165, 1, NULL, NULL, 1979),
(1979, 70, 'Banibaha', 'Active', 1979, 1456217165, 1, NULL, NULL, 1980),
(1980, 70, 'Barat', 'Active', 1980, 1456217165, 1, NULL, NULL, 1981),
(1981, 377, 'Sarikal ', 'Active', 1981, 1456217165, 1, NULL, NULL, 1982),
(1982, 70, 'Basantapur', 'Active', 1982, 1456217165, 1, NULL, NULL, 1983),
(1983, 70, 'Chandani', 'Active', 1983, 1456217165, 1, NULL, NULL, 1984),
(1984, 70, 'Dadshi', 'Active', 1984, 1456217165, 1, NULL, NULL, 1985),
(1985, 269, 'Kastul ', 'Active', 1985, 1456217165, 1, NULL, NULL, 1986),
(1986, 70, 'Khankhanapur', 'Active', 1986, 1456217165, 1, NULL, NULL, 1987),
(1987, 70, 'Khanganj', 'Active', 1987, 1456217165, 1, NULL, NULL, 1988),
(1988, 269, 'Khayerpur Abdullahpur ', 'Active', 1988, 1456217165, 1, NULL, NULL, 1989),
(1989, 70, 'Mizanpur', 'Active', 1989, 1456217165, 1, NULL, NULL, 1990),
(1990, 70, 'Mulghar', 'Active', 1990, 1456217165, 1, NULL, NULL, 1991),
(1991, 70, 'Panchuria', 'Active', 1991, 1456217165, 1, NULL, NULL, 1992),
(1992, 70, 'Ramkantapur', 'Active', 1992, 1456217165, 1, NULL, NULL, 1993),
(1993, 135, 'Bhoupara ', 'Active', 1993, 1456217165, 1, NULL, NULL, 1994),
(1994, 70, 'Shahid Wahabpur', 'Active', 1994, 1456217165, 1, NULL, NULL, 1995),
(1995, 70, 'Sultanpur', 'Active', 1995, 1456217165, 1, NULL, NULL, 1996),
(1996, 135, 'Bisha ', 'Active', 1996, 1456217165, 1, NULL, NULL, 1997),
(1997, 269, 'Purba Austagram ', 'Active', 1997, 1456217165, 1, NULL, NULL, 1998),
(1998, 135, 'Hatkalupara ', 'Active', 1998, 1456217165, 1, NULL, NULL, 1999),
(1999, 135, 'Kalikapur ', 'Active', 1999, 1456217165, 1, NULL, NULL, 2000),
(2000, 270, 'Baliadi ', 'Active', 2000, 1456217165, 1, NULL, NULL, 2001),
(2001, 135, 'Maniari ', 'Active', 2001, 1456217165, 1, NULL, NULL, 2002),
(2002, 270, 'Dighirpar ', 'Active', 2002, 1456217165, 1, NULL, NULL, 2003),
(2003, 135, 'Panchupur ', 'Active', 2003, 1456217165, 1, NULL, NULL, 2004),
(2004, 270, 'Dilalpur ', 'Active', 2004, 1456217165, 1, NULL, NULL, 2005),
(2005, 135, 'Sahagol ', 'Active', 2005, 1456217165, 1, NULL, NULL, 2006),
(2006, 270, 'Gazir Char ', 'Active', 2006, 1456217165, 1, NULL, NULL, 2007),
(2007, 270, 'Halimpur ', 'Active', 2007, 1456217165, 1, NULL, NULL, 2008),
(2008, 270, 'Hilachia ', 'Active', 2008, 1456217165, 1, NULL, NULL, 2009),
(2009, 71, 'Arani', 'Active', 2009, 1456217165, 1, NULL, NULL, 2010),
(2010, 71, 'Bajubagha', 'Active', 2010, 1456217165, 1, NULL, NULL, 2011),
(2011, 71, 'Bausa', 'Active', 2011, 1456217165, 1, NULL, NULL, 2012),
(2012, 71, 'Gargari', 'Active', 2012, 1456217165, 1, NULL, NULL, 2013),
(2013, 71, 'Manigram', 'Active', 2013, 1456217165, 1, NULL, NULL, 2014),
(2014, 71, 'Pakuria', 'Active', 2014, 1456217165, 1, NULL, NULL, 2015),
(2015, 378, 'Bara Jalia ', 'Active', 2015, 1456217165, 1, NULL, NULL, 2016),
(2016, 270, 'Humaipur ', 'Active', 2016, 1456217165, 1, NULL, NULL, 2017),
(2017, 72, 'Aichpara', 'Active', 2017, 1456217165, 1, NULL, NULL, 2018),
(2018, 270, 'Kailag ', 'Active', 2018, 1456217165, 1, NULL, NULL, 2019),
(2019, 72, 'Barabihanoli', 'Active', 2019, 1456217165, 1, NULL, NULL, 2020),
(2020, 72, 'Basupara', 'Active', 2020, 1456217165, 1, NULL, NULL, 2021),
(2021, 72, 'Dwippur', 'Active', 2021, 1456217165, 1, NULL, NULL, 2022),
(2022, 270, 'Maij Char ', 'Active', 2022, 1456217165, 1, NULL, NULL, 2023),
(2023, 72, 'Goalkandi', 'Active', 2023, 1456217165, 1, NULL, NULL, 2024),
(2024, 72, 'Gobinda Para', 'Active', 2024, 1456217165, 1, NULL, NULL, 2025),
(2025, 72, 'Ganipur', 'Active', 2025, 1456217165, 1, NULL, NULL, 2026),
(2026, 270, 'Pirijpur ', 'Active', 2026, 1456217165, 1, NULL, NULL, 2027),
(2027, 72, 'Hamirkutsha', 'Active', 2027, 1456217165, 1, NULL, NULL, 2028),
(2028, 270, 'Sarar Char ', 'Active', 2028, 1456217165, 1, NULL, NULL, 2029),
(2029, 72, 'Jhikra', 'Active', 2029, 1456217165, 1, NULL, NULL, 2030),
(2030, 72, 'Jogipara', 'Active', 2030, 1456217165, 1, NULL, NULL, 2031),
(2031, 378, 'Dhulkhola ', 'Active', 2031, 1456217165, 1, NULL, NULL, 2032),
(2032, 72, 'Maria', 'Active', 2032, 1456217165, 1, NULL, NULL, 2033),
(2033, 72, 'Nordas', 'Active', 2033, 1456217165, 1, NULL, NULL, 2034),
(2034, 271, 'Aganagar ', 'Active', 2034, 1456217165, 1, NULL, NULL, 2035),
(2035, 103, 'Ghorjan ', 'Active', 2035, 1456217165, 1, NULL, NULL, 2036),
(2036, 72, 'Sreepur', 'Active', 2036, 1456217165, 1, NULL, NULL, 2037),
(2037, 72, 'Sonadanga', 'Active', 2037, 1456217165, 1, NULL, NULL, 2038),
(2038, 72, 'Subhadanga', 'Active', 2038, 1456217165, 1, NULL, NULL, 2039),
(2039, 271, 'Gazaria ', 'Active', 2039, 1456217165, 1, NULL, NULL, 2040),
(2040, 103, 'Umarpur ', 'Active', 2040, 1456217165, 1, NULL, NULL, 2041),
(2041, 72, 'Kachari-koalipara', 'Active', 2041, 1456217165, 1, NULL, NULL, 2042),
(2042, 271, 'Kalikaprashad ', 'Active', 2042, 1456217165, 1, NULL, NULL, 2043),
(2043, 103, 'Sadiachandpur ', 'Active', 2043, 1456217165, 1, NULL, NULL, 2044),
(2044, 271, 'Sadekpur ', 'Active', 2044, 1456217165, 1, NULL, NULL, 2045),
(2045, 103, 'Sthal ', 'Active', 2045, 1456217165, 1, NULL, NULL, 2046),
(2046, 271, 'Shibpur ', 'Active', 2046, 1456217165, 1, NULL, NULL, 2047),
(2047, 103, 'Khashkawlia ', 'Active', 2047, 1456217165, 1, NULL, NULL, 2048),
(2048, 271, 'Shimulkandi ', 'Active', 2048, 1456217165, 1, NULL, NULL, 2049),
(2049, 138, 'Bhalain ', 'Active', 2049, 1456217165, 1, NULL, NULL, 2050),
(2050, 103, 'Khashpukuria ', 'Active', 2050, 1456217165, 1, NULL, NULL, 2051),
(2051, 271, 'Sreenagar ', 'Active', 2051, 1456217165, 1, NULL, NULL, 2052),
(2052, 138, 'Bharson ', 'Active', 2052, 1456217165, 1, NULL, NULL, 2053),
(2053, 103, 'Baghutia ', 'Active', 2053, 1456217165, 1, NULL, NULL, 2054),
(2054, 138, 'Bishnopur ', 'Active', 2054, 1456217165, 1, NULL, NULL, 2055),
(2055, 272, 'Araibari ', 'Active', 2055, 1456217165, 1, NULL, NULL, 2056),
(2056, 272, 'Gobindapur ', 'Active', 2056, 1456217165, 1, NULL, NULL, 2057),
(2057, 138, 'Ganeshpur ', 'Active', 2057, 1456217165, 1, NULL, NULL, 2058),
(2058, 102, 'Baradhul ', 'Active', 2058, 1456217165, 1, NULL, NULL, 2059),
(2059, 272, 'Jirani ', 'Active', 2059, 1456217165, 1, NULL, NULL, 2060),
(2060, 138, 'Kalikapur ', 'Active', 2060, 1456217165, 1, NULL, NULL, 2061),
(2061, 138, 'Kansupara ', 'Active', 2061, 1456217165, 1, NULL, NULL, 2062),
(2062, 102, 'Belkuchi ', 'Active', 2062, 1456217165, 1, NULL, NULL, 2063),
(2063, 272, 'Pumdi ', 'Active', 2063, 1456217165, 1, NULL, NULL, 2064),
(2064, 138, 'Kashab ', 'Active', 2064, 1456217165, 1, NULL, NULL, 2065),
(2065, 138, 'Kusumba ', 'Active', 2065, 1456217165, 1, NULL, NULL, 2066),
(2066, 272, 'Sahedal ', 'Active', 2066, 1456217165, 1, NULL, NULL, 2067),
(2067, 102, 'Bhangabari ', 'Active', 2067, 1456217165, 1, NULL, NULL, 2068),
(2068, 138, 'Moinam ', 'Active', 2068, 1456217165, 1, NULL, NULL, 2069),
(2069, 73, 'Bhaya Laxmipur', 'Active', 2069, 1456217165, 1, NULL, NULL, 2070),
(2070, 73, 'Charghat', 'Active', 2070, 1456217165, 1, NULL, NULL, 2071),
(2071, 272, 'Sidhla ', 'Active', 2071, 1456217165, 1, NULL, NULL, 2072),
(2072, 102, 'Daulatpur ', 'Active', 2072, 1456217165, 1, NULL, NULL, 2073),
(2073, 73, 'Yousufpur', 'Active', 2073, 1456217165, 1, NULL, NULL, 2074),
(2074, 138, 'Manda ', 'Active', 2074, 1456217165, 1, NULL, NULL, 2075),
(2075, 73, 'Nimpara', 'Active', 2075, 1456217165, 1, NULL, NULL, 2076),
(2076, 73, 'Salua', 'Active', 2076, 1456217165, 1, NULL, NULL, 2077),
(2077, 138, 'Nurullabad ', 'Active', 2077, 1456217165, 1, NULL, NULL, 2078),
(2078, 73, 'Sardah', 'Active', 2078, 1456217165, 1, NULL, NULL, 2079),
(2079, 102, 'Dhakuriabera ', 'Active', 2079, 1456217165, 1, NULL, NULL, 2080),
(2080, 138, 'Paranpur ', 'Active', 2080, 1456217165, 1, NULL, NULL, 2081),
(2081, 138, 'Prasadpur ', 'Active', 2081, 1456217165, 1, NULL, NULL, 2082),
(2082, 102, 'Rajapur ', 'Active', 2082, 1456217165, 1, NULL, NULL, 2083),
(2083, 138, 'Tentulia ', 'Active', 2083, 1456217165, 1, NULL, NULL, 2084),
(2084, 273, 'Elongjuri ', 'Active', 2084, 1456217165, 1, NULL, NULL, 2085);
INSERT INTO `ems_unions` (`id`, `upazilla_id`, `name`, `status`, `ordering`, `date_created`, `user_created`, `date_updated`, `user_updated`, `old_union_id`) VALUES
(2085, 104, 'Bhadraghat ', 'Active', 2085, 1456217165, 1, NULL, NULL, 2086),
(2086, 273, 'Badla ', 'Active', 2086, 1456217165, 1, NULL, NULL, 2087),
(2087, 141, 'Bahadurpur ', 'Active', 2087, 1456217166, 1, NULL, NULL, 2088),
(2088, 104, 'Jamtair ', 'Active', 2088, 1456217166, 1, NULL, NULL, 2089),
(2089, 141, 'Bhabicha ', 'Active', 2089, 1456217166, 1, NULL, NULL, 2090),
(2090, 273, 'Baribari ', 'Active', 2090, 1456217166, 1, NULL, NULL, 2091),
(2091, 141, 'Chandan Nagar ', 'Active', 2091, 1456217166, 1, NULL, NULL, 2092),
(2092, 104, 'Baol ', 'Active', 2092, 1456217166, 1, NULL, NULL, 2093),
(2093, 273, 'Dhanpur ', 'Active', 2093, 1456217166, 1, NULL, NULL, 2094),
(2094, 141, 'Hajinagar ', 'Active', 2094, 1456217166, 1, NULL, NULL, 2095),
(2095, 273, 'Gazipur ', 'Active', 2095, 1456217166, 1, NULL, NULL, 2096),
(2096, 141, 'Niamatpur ', 'Active', 2096, 1456217166, 1, NULL, NULL, 2097),
(2097, 104, 'Roydaulatpur ', 'Active', 2097, 1456217166, 1, NULL, NULL, 2098),
(2098, 74, 'Deluabari', 'Active', 2098, 1456217166, 1, NULL, NULL, 2099),
(2099, 74, 'Pananagar', 'Active', 2099, 1456217166, 1, NULL, NULL, 2100),
(2100, 141, 'Parail ', 'Active', 2100, 1456217166, 1, NULL, NULL, 2101),
(2101, 74, 'Jhaluka', 'Active', 2101, 1456217166, 1, NULL, NULL, 2102),
(2102, 273, 'Itna ', 'Active', 2102, 1456217166, 1, NULL, NULL, 2103),
(2103, 74, 'Joynagar', 'Active', 2103, 1456217166, 1, NULL, NULL, 2104),
(2104, 141, 'Rasulpur ', 'Active', 2104, 1456217166, 1, NULL, NULL, 2105),
(2105, 74, 'Kismatgankoir', 'Active', 2105, 1456217166, 1, NULL, NULL, 2106),
(2106, 74, 'Maria', 'Active', 2106, 1456217166, 1, NULL, NULL, 2107),
(2107, 273, 'Joysiddi ', 'Active', 2107, 1456217166, 1, NULL, NULL, 2108),
(2108, 141, 'Sreemantapur ', 'Active', 2108, 1456217166, 1, NULL, NULL, 2109),
(2109, 74, 'Nowpara', 'Active', 2109, 1456217166, 1, NULL, NULL, 2110),
(2110, 143, 'Chhattor ', 'Active', 2110, 1456217166, 1, NULL, NULL, 2111),
(2111, 141, 'Ganguria ', 'Active', 2111, 1456217166, 1, NULL, NULL, 2112),
(2112, 273, 'Mrigha ', 'Active', 2112, 1456217166, 1, NULL, NULL, 2113),
(2113, 143, 'Ghatnagar ', 'Active', 2113, 1456217166, 1, NULL, NULL, 2114),
(2114, 143, 'Murshidpur ', 'Active', 2114, 1456217166, 1, NULL, NULL, 2115),
(2115, 273, 'Raituti ', 'Active', 2115, 1456217166, 1, NULL, NULL, 2116),
(2116, 143, 'Nitorpur ', 'Active', 2116, 1456217166, 1, NULL, NULL, 2117),
(2117, 143, 'Tentulia ', 'Active', 2117, 1456217166, 1, NULL, NULL, 2118),
(2118, 273, 'Chowganga ', 'Active', 2118, 1456217166, 1, NULL, NULL, 2119),
(2119, 144, 'Baragachh ', 'Active', 2119, 1456217166, 1, NULL, NULL, 2120),
(2120, 144, 'Ekdala ', 'Active', 2120, 1456217166, 1, NULL, NULL, 2121),
(2121, 143, 'Gona ', 'Active', 2121, 1456217166, 1, NULL, NULL, 2122),
(2122, 144, 'Kaligram ', 'Active', 2122, 1456217166, 1, NULL, NULL, 2123),
(2123, 144, 'Kashimpur ', 'Active', 2123, 1456217166, 1, NULL, NULL, 2124),
(2124, 144, 'Mirat ', 'Active', 2124, 1456217166, 1, NULL, NULL, 2125),
(2125, 144, 'Parail ', 'Active', 2125, 1456217166, 1, NULL, NULL, 2126),
(2126, 144, 'Raninagar ', 'Active', 2126, 1456217166, 1, NULL, NULL, 2127),
(2127, 172, 'Andharijhar ', 'Active', 2127, 1456217166, 1, NULL, NULL, 2128),
(2128, 172, 'Bhurungamari ', 'Active', 2128, 1456217166, 1, NULL, NULL, 2129),
(2129, 172, 'Boldia ', 'Active', 2129, 1456217166, 1, NULL, NULL, 2130),
(2130, 172, 'Bangasonahat ', 'Active', 2130, 1456217166, 1, NULL, NULL, 2131),
(2131, 172, 'Charbhurungamari ', 'Active', 2131, 1456217166, 1, NULL, NULL, 2132),
(2132, 172, 'Joymanirhat ', 'Active', 2132, 1456217166, 1, NULL, NULL, 2133),
(2133, 172, 'Paikerchhara ', 'Active', 2133, 1456217166, 1, NULL, NULL, 2134),
(2134, 172, 'Pathardubi ', 'Active', 2134, 1456217166, 1, NULL, NULL, 2135),
(2135, 172, 'Shilkhuri ', 'Active', 2135, 1456217166, 1, NULL, NULL, 2136),
(2136, 172, 'Tilai ', 'Active', 2136, 1456217166, 1, NULL, NULL, 2137),
(2137, 178, 'Rajibpur ', 'Active', 2137, 1456217166, 1, NULL, NULL, 2138),
(2138, 178, 'Kodalkati ', 'Active', 2138, 1456217166, 1, NULL, NULL, 2139),
(2139, 178, 'Mohanganj ', 'Active', 2139, 1456217166, 1, NULL, NULL, 2140),
(2140, 174, 'Ashtamirchar ', 'Active', 2140, 1456217166, 1, NULL, NULL, 2141),
(2141, 174, 'Chirmari ', 'Active', 2141, 1456217166, 1, NULL, NULL, 2142),
(2142, 174, 'Nayarhat ', 'Active', 2142, 1456217166, 1, NULL, NULL, 2143),
(2143, 174, 'Ramna ', 'Active', 2143, 1456217166, 1, NULL, NULL, 2144),
(2144, 174, 'Raniganj ', 'Active', 2144, 1456217166, 1, NULL, NULL, 2145),
(2145, 174, 'Thanahat ', 'Active', 2145, 1456217166, 1, NULL, NULL, 2146),
(2146, 75, 'Basudebpur', 'Active', 2146, 1456217166, 1, NULL, NULL, 2147),
(2147, 75, 'Char Ashariadaha', 'Active', 2147, 1456217166, 1, NULL, NULL, 2148),
(2148, 75, 'Dewpara', 'Active', 2148, 1456217166, 1, NULL, NULL, 2149),
(2149, 75, 'Godagari', 'Active', 2149, 1456217166, 1, NULL, NULL, 2150),
(2150, 75, 'Gogram', 'Active', 2150, 1456217166, 1, NULL, NULL, 2151),
(2151, 75, 'Matikata', 'Active', 2151, 1456217166, 1, NULL, NULL, 2152),
(2152, 175, 'Baravita ', 'Active', 2152, 1456217166, 1, NULL, NULL, 2153),
(2153, 75, 'Mohanpur', 'Active', 2153, 1456217166, 1, NULL, NULL, 2154),
(2154, 75, 'Pakri', 'Active', 2154, 1456217166, 1, NULL, NULL, 2155),
(2155, 22, 'Babrahachla ', 'Active', 2155, 1456217166, 1, NULL, NULL, 2156),
(2156, 75, 'Rishikul', 'Active', 2156, 1456217166, 1, NULL, NULL, 2157),
(2157, 175, 'Bhangamore ', 'Active', 2157, 1456217166, 1, NULL, NULL, 2158),
(2158, 22, 'Baoishona ', 'Active', 2158, 1456217166, 1, NULL, NULL, 2159),
(2159, 22, 'Chanchuri ', 'Active', 2159, 1456217166, 1, NULL, NULL, 2160),
(2160, 22, 'Hamidpur ', 'Active', 2160, 1456217166, 1, NULL, NULL, 2161),
(2161, 22, 'Joynagar ', 'Active', 2161, 1456217166, 1, NULL, NULL, 2162),
(2162, 22, 'Kalabaria ', 'Active', 2162, 1456217166, 1, NULL, NULL, 2163),
(2163, 22, 'Khasial ', 'Active', 2163, 1456217166, 1, NULL, NULL, 2164),
(2164, 22, 'Mauli ', 'Active', 2164, 1456217166, 1, NULL, NULL, 2165),
(2165, 22, 'Paharbhanga ', 'Active', 2165, 1456217166, 1, NULL, NULL, 2166),
(2166, 22, 'Peroli ', 'Active', 2166, 1456217166, 1, NULL, NULL, 2167),
(2167, 22, 'Purulia ', 'Active', 2167, 1456217166, 1, NULL, NULL, 2168),
(2168, 76, 'Bachshimuil', 'Active', 2168, 1456217166, 1, NULL, NULL, 2169),
(2169, 22, 'Salamabad ', 'Active', 2169, 1456217166, 1, NULL, NULL, 2170),
(2170, 76, 'Dhurail', 'Active', 2170, 1456217166, 1, NULL, NULL, 2171),
(2171, 76, 'Ghasigram', 'Active', 2171, 1456217166, 1, NULL, NULL, 2172),
(2172, 76, 'Jahanabad', 'Active', 2172, 1456217166, 1, NULL, NULL, 2173),
(2173, 76, 'Mougachhi', 'Active', 2173, 1456217166, 1, NULL, NULL, 2174),
(2174, 22, 'Iliasabad ', 'Active', 2174, 1456217166, 1, NULL, NULL, 2175),
(2175, 76, 'Royghati', 'Active', 2175, 1456217166, 1, NULL, NULL, 2176),
(2176, 23, 'Mallikpur ', 'Active', 2176, 1456217166, 1, NULL, NULL, 2177),
(2177, 23, 'Naldi ', 'Active', 2177, 1456217166, 1, NULL, NULL, 2178),
(2178, 23, 'Noagram ', 'Active', 2178, 1456217166, 1, NULL, NULL, 2179),
(2179, 23, 'Shalnagar ', 'Active', 2179, 1456217166, 1, NULL, NULL, 2180),
(2180, 378, 'Guabaria ', 'Active', 2180, 1456217166, 1, NULL, NULL, 2181),
(2181, 378, 'Harinathpur ', 'Active', 2181, 1456217166, 1, NULL, NULL, 2182),
(2182, 77, 'Baragachhi', 'Active', 2182, 1456217166, 1, NULL, NULL, 2183),
(2183, 77, 'Damkur', 'Active', 2183, 1456217166, 1, NULL, NULL, 2184),
(2184, 77, 'Darshan Para', 'Active', 2184, 1456217166, 1, NULL, NULL, 2185),
(2185, 77, 'Haragram', 'Active', 2185, 1456217166, 1, NULL, NULL, 2186),
(2186, 77, 'Harian', 'Active', 2186, 1456217166, 1, NULL, NULL, 2187),
(2187, 77, 'Haripur', 'Active', 2187, 1456217166, 1, NULL, NULL, 2188),
(2188, 23, 'Dighalia ', 'Active', 2188, 1456217166, 1, NULL, NULL, 2189),
(2189, 77, 'Hujuri Para', 'Active', 2189, 1456217166, 1, NULL, NULL, 2190),
(2190, 77, 'Parila', 'Active', 2190, 1456217166, 1, NULL, NULL, 2191),
(2191, 378, 'Hizla Gourabdi ', 'Active', 2191, 1456217166, 1, NULL, NULL, 2192),
(2192, 378, 'Memania ', 'Active', 2192, 1456217166, 1, NULL, NULL, 2193),
(2193, 23, 'Itna ', 'Active', 2193, 1456217166, 1, NULL, NULL, 2194),
(2194, 78, 'Baneshwar', 'Active', 2194, 1456217166, 1, NULL, NULL, 2195),
(2195, 23, 'Joypur ', 'Active', 2195, 1456217166, 1, NULL, NULL, 2196),
(2196, 78, 'Belpukuria', 'Active', 2196, 1456217166, 1, NULL, NULL, 2197),
(2197, 78, 'Bhalukgachhi', 'Active', 2197, 1456217166, 1, NULL, NULL, 2198),
(2198, 378, 'Kuchaipotty ', 'Active', 2198, 1456217166, 1, NULL, NULL, 2199),
(2199, 78, 'Jewpara', 'Active', 2199, 1456217166, 1, NULL, NULL, 2200),
(2200, 23, 'Kashipur ', 'Active', 2200, 1456217166, 1, NULL, NULL, 2201),
(2201, 78, 'Puthia', 'Active', 2201, 1456217166, 1, NULL, NULL, 2202),
(2202, 78, 'Silmaria', 'Active', 2202, 1456217166, 1, NULL, NULL, 2203),
(2203, 23, 'Kotakol ', 'Active', 2203, 1456217166, 1, NULL, NULL, 2204),
(2204, 23, 'Lahoria ', 'Active', 2204, 1456217166, 1, NULL, NULL, 2205),
(2205, 23, 'Laxmipasha ', 'Active', 2205, 1456217166, 1, NULL, NULL, 2206),
(2206, 380, 'Alimabad ', 'Active', 2206, 1456217166, 1, NULL, NULL, 2207),
(2207, 23, 'Lohagara ', 'Active', 2207, 1456217166, 1, NULL, NULL, 2208),
(2208, 175, 'Fulbari ', 'Active', 2208, 1456217166, 1, NULL, NULL, 2209),
(2209, 380, 'Andhar Manik ', 'Active', 2209, 1456217166, 1, NULL, NULL, 2210),
(2210, 175, 'Kashipur ', 'Active', 2210, 1456217166, 1, NULL, NULL, 2211),
(2211, 79, 'Badhair', 'Active', 2211, 1456217166, 1, NULL, NULL, 2212),
(2212, 79, 'Kalma', 'Active', 2212, 1456217166, 1, NULL, NULL, 2213),
(2213, 175, 'Naodanga ', 'Active', 2213, 1456217166, 1, NULL, NULL, 2214),
(2214, 79, 'Kamargaon', 'Active', 2214, 1456217166, 1, NULL, NULL, 2215),
(2215, 79, 'Pachandar', 'Active', 2215, 1456217166, 1, NULL, NULL, 2216),
(2216, 79, 'Soronjai', 'Active', 2216, 1456217166, 1, NULL, NULL, 2217),
(2217, 175, 'Shimulbari ', 'Active', 2217, 1456217166, 1, NULL, NULL, 2218),
(2218, 79, 'Talonda', 'Active', 2218, 1456217166, 1, NULL, NULL, 2219),
(2219, 79, 'Chanduria', 'Active', 2219, 1456217166, 1, NULL, NULL, 2220),
(2220, 176, 'Belgachha ', 'Active', 2220, 1456217166, 1, NULL, NULL, 2221),
(2221, 435, 'Dirgha ', 'Active', 2221, 1456217166, 1, NULL, NULL, 2222),
(2222, 176, 'Bhogdanga ', 'Active', 2222, 1456217166, 1, NULL, NULL, 2223),
(2223, 435, 'Purba Deulbaridobra ', 'Active', 2223, 1456217166, 1, NULL, NULL, 2224),
(2224, 176, 'Ghogadaha ', 'Active', 2224, 1456217166, 1, NULL, NULL, 2225),
(2225, 176, 'Holukhan ', 'Active', 2225, 1456217166, 1, NULL, NULL, 2226),
(2226, 176, 'Jatrapur ', 'Active', 2226, 1456217166, 1, NULL, NULL, 2227),
(2227, 176, 'Kanthalbari ', 'Active', 2227, 1456217166, 1, NULL, NULL, 2228),
(2228, 435, 'Matibhanga ', 'Active', 2228, 1456217166, 1, NULL, NULL, 2229),
(2229, 176, 'Mogalbasa ', 'Active', 2229, 1456217166, 1, NULL, NULL, 2230),
(2230, 176, 'Panchgachhi ', 'Active', 2230, 1456217166, 1, NULL, NULL, 2231),
(2231, 467, 'Baghai Chhari', 'Active', 2231, 1456217166, 1, NULL, NULL, 2232),
(2232, 470, 'Bangaltali', 'Active', 2232, 1456217166, 1, NULL, NULL, 2233),
(2233, 177, 'Ballaverkhas ', 'Active', 2233, 1456217166, 1, NULL, NULL, 2234),
(2234, 467, 'Saroatali', 'Active', 2234, 1456217166, 1, NULL, NULL, 2235),
(2235, 470, 'Kedarmara', 'Active', 2235, 1456217166, 1, NULL, NULL, 2236),
(2236, 467, 'Marishya', 'Active', 2236, 1456217166, 1, NULL, NULL, 2237),
(2237, 177, 'Bamandanga ', 'Active', 2237, 1456217166, 1, NULL, NULL, 2238),
(2238, 470, 'Rupakari', 'Active', 2238, 1456217166, 1, NULL, NULL, 2239),
(2239, 467, 'Sajek', 'Active', 2239, 1456217166, 1, NULL, NULL, 2240),
(2240, 435, 'Nazirpur ', 'Active', 2240, 1456217166, 1, NULL, NULL, 2241),
(2241, 177, 'Berubari ', 'Active', 2241, 1456217166, 1, NULL, NULL, 2242),
(2242, 435, 'Sekhmatia ', 'Active', 2242, 1456217166, 1, NULL, NULL, 2243),
(2243, 177, 'Bhitarband ', 'Active', 2243, 1456217166, 1, NULL, NULL, 2244),
(2244, 435, 'Shankharikathi ', 'Active', 2244, 1456217166, 1, NULL, NULL, 2245),
(2245, 177, 'Hasnabad ', 'Active', 2245, 1456217166, 1, NULL, NULL, 2246),
(2246, 435, 'Sreeramkathi ', 'Active', 2246, 1456217166, 1, NULL, NULL, 2247),
(2247, 177, 'Kachakata ', 'Active', 2247, 1456217166, 1, NULL, NULL, 2248),
(2248, 177, 'Kaliganj ', 'Active', 2248, 1456217166, 1, NULL, NULL, 2249),
(2249, 437, 'Atghar Kutiana ', 'Active', 2249, 1456217166, 1, NULL, NULL, 2250),
(2250, 177, 'Kedar ', 'Active', 2250, 1456217166, 1, NULL, NULL, 2251),
(2251, 380, 'Bhasan Char ', 'Active', 2251, 1456217166, 1, NULL, NULL, 2252),
(2252, 177, 'Narayanpur ', 'Active', 2252, 1456217166, 1, NULL, NULL, 2253),
(2253, 177, 'Newashi ', 'Active', 2253, 1456217166, 1, NULL, NULL, 2254),
(2254, 437, 'Baldia ', 'Active', 2254, 1456217166, 1, NULL, NULL, 2255),
(2255, 437, 'Daihari ', 'Active', 2255, 1456217166, 1, NULL, NULL, 2256),
(2256, 177, 'Noonkhawa ', 'Active', 2256, 1456217166, 1, NULL, NULL, 2257),
(2257, 437, 'Guarekha ', 'Active', 2257, 1456217166, 1, NULL, NULL, 2258),
(2258, 177, 'Royganj ', 'Active', 2258, 1456217166, 1, NULL, NULL, 2259),
(2259, 437, 'Jalabari ', 'Active', 2259, 1456217166, 1, NULL, NULL, 2260),
(2260, 177, 'Ramkhan ', 'Active', 2260, 1456217166, 1, NULL, NULL, 2261),
(2261, 437, 'Samudaykati ', 'Active', 2261, 1456217166, 1, NULL, NULL, 2262),
(2262, 177, 'Santoshpur ', 'Active', 2262, 1456217166, 1, NULL, NULL, 2263),
(2263, 437, 'Sarengkati ', 'Active', 2263, 1456217166, 1, NULL, NULL, 2264),
(2264, 437, 'Sohagdal ', 'Active', 2264, 1456217166, 1, NULL, NULL, 2265),
(2265, 468, 'Aima Chhara', 'Active', 2265, 1456217166, 1, NULL, NULL, 2266),
(2266, 468, 'Bara Harina', 'Active', 2266, 1456217166, 1, NULL, NULL, 2267),
(2267, 468, 'Barkal', 'Active', 2267, 1456217166, 1, NULL, NULL, 2268),
(2268, 179, 'Bandaber ', 'Active', 2268, 1456217166, 1, NULL, NULL, 2269),
(2269, 437, 'Sutiakathi ', 'Active', 2269, 1456217166, 1, NULL, NULL, 2270),
(2270, 468, 'Bhushan Chhara', 'Active', 2270, 1456217166, 1, NULL, NULL, 2271),
(2271, 468, 'Shublong', 'Active', 2271, 1456217166, 1, NULL, NULL, 2272),
(2272, 437, 'Nesarabad (Swarupkathi) ', 'Active', 2272, 1456217166, 1, NULL, NULL, 2273),
(2273, 432, 'Bhandaria ', 'Active', 2273, 1456217166, 1, NULL, NULL, 2274),
(2274, 179, 'Dantbhanga ', 'Active', 2274, 1456217166, 1, NULL, NULL, 2275),
(2275, 470, 'Belai Chhari', 'Active', 2275, 1456217166, 1, NULL, NULL, 2276),
(2276, 470, 'Farua', 'Active', 2276, 1456217166, 1, NULL, NULL, 2277),
(2277, 179, 'Jadurchar ', 'Active', 2277, 1456217166, 1, NULL, NULL, 2278),
(2278, 470, 'Kangra Chhari', 'Active', 2278, 1456217166, 1, NULL, NULL, 2279),
(2279, 179, 'Rowmari ', 'Active', 2279, 1456217166, 1, NULL, NULL, 2280),
(2280, 179, 'Shailmari ', 'Active', 2280, 1456217166, 1, NULL, NULL, 2281),
(2281, 432, 'Bhitabaria ', 'Active', 2281, 1456217166, 1, NULL, NULL, 2282),
(2282, 432, 'Dhaoa ', 'Active', 2282, 1456217166, 1, NULL, NULL, 2283),
(2283, 472, 'Banjugi Chhara', 'Active', 2283, 1456217166, 1, NULL, NULL, 2284),
(2284, 472, 'Dumdumya', 'Active', 2284, 1456217166, 1, NULL, NULL, 2285),
(2285, 472, 'Jurai Chhari', 'Active', 2285, 1456217166, 1, NULL, NULL, 2286),
(2286, 472, 'Maidang', 'Active', 2286, 1456217166, 1, NULL, NULL, 2287),
(2287, 432, 'Gauripur ', 'Active', 2287, 1456217166, 1, NULL, NULL, 2288),
(2288, 471, 'Chandraghona', 'Active', 2288, 1456217166, 1, NULL, NULL, 2289),
(2289, 178, 'Bidyananda ', 'Active', 2289, 1456217166, 1, NULL, NULL, 2290),
(2290, 471, 'Chitmarang', 'Active', 2290, 1456217166, 1, NULL, NULL, 2291),
(2291, 432, 'Ishri ', 'Active', 2291, 1456217166, 1, NULL, NULL, 2292),
(2292, 471, 'Kaptai', 'Active', 2292, 1456217166, 1, NULL, NULL, 2293),
(2293, 471, 'Raikhali', 'Active', 2293, 1456217166, 1, NULL, NULL, 2294),
(2294, 178, 'Chakirpashar ', 'Active', 2294, 1456217166, 1, NULL, NULL, 2295),
(2295, 471, 'Waggya', 'Active', 2295, 1456217166, 1, NULL, NULL, 2296),
(2296, 432, 'Nadmulla ', 'Active', 2296, 1456217166, 1, NULL, NULL, 2297),
(2297, 178, 'Chhinai ', 'Active', 2297, 1456217166, 1, NULL, NULL, 2298),
(2298, 178, 'Gharialdanga ', 'Active', 2298, 1456217166, 1, NULL, NULL, 2299),
(2299, 432, 'Telikhali ', 'Active', 2299, 1456217166, 1, NULL, NULL, 2300),
(2300, 178, 'Nazimkhan ', 'Active', 2300, 1456217166, 1, NULL, NULL, 2301),
(2301, 178, 'Rajarhat ', 'Active', 2301, 1456217166, 1, NULL, NULL, 2302),
(2302, 433, 'Amrachuri ', 'Active', 2302, 1456217166, 1, NULL, NULL, 2303),
(2303, 178, 'Umar Majid ', 'Active', 2303, 1456217166, 1, NULL, NULL, 2304),
(2304, 433, 'Chira Para Parsaturia ', 'Active', 2304, 1456217166, 1, NULL, NULL, 2305),
(2305, 180, 'Begumganj ', 'Active', 2305, 1456217166, 1, NULL, NULL, 2306),
(2306, 433, 'Kawkhali ', 'Active', 2306, 1456217166, 1, NULL, NULL, 2307),
(2307, 180, 'Bazra ', 'Active', 2307, 1456217166, 1, NULL, NULL, 2308),
(2308, 433, 'Sayna Raghunathpur ', 'Active', 2308, 1456217166, 1, NULL, NULL, 2309),
(2309, 433, 'Shialkathi ', 'Active', 2309, 1456217166, 1, NULL, NULL, 2310),
(2310, 434, 'Amragachhia ', 'Active', 2310, 1456217166, 1, NULL, NULL, 2311),
(2311, 180, 'Buraburi ', 'Active', 2311, 1456217166, 1, NULL, NULL, 2312),
(2312, 434, 'Bara Machhua ', 'Active', 2312, 1456217166, 1, NULL, NULL, 2313),
(2313, 180, 'Daldalia ', 'Active', 2313, 1456217166, 1, NULL, NULL, 2314),
(2314, 434, 'Betmore Rajpara ', 'Active', 2314, 1456217166, 1, NULL, NULL, 2315),
(2315, 180, 'Dhamosreni ', 'Active', 2315, 1456217166, 1, NULL, NULL, 2316),
(2316, 434, 'Daudkhali ', 'Active', 2316, 1456217166, 1, NULL, NULL, 2317),
(2317, 434, 'Dhanisapa ', 'Active', 2317, 1456217166, 1, NULL, NULL, 2318),
(2318, 434, 'Gulishakhali ', 'Active', 2318, 1456217166, 1, NULL, NULL, 2319),
(2319, 434, 'Mathbaria ', 'Active', 2319, 1456217166, 1, NULL, NULL, 2320),
(2320, 434, 'Mirukhali ', 'Active', 2320, 1456217166, 1, NULL, NULL, 2321),
(2321, 434, 'Sapleza ', 'Active', 2321, 1456217166, 1, NULL, NULL, 2322),
(2322, 434, 'Tushkhali ', 'Active', 2322, 1456217166, 1, NULL, NULL, 2323),
(2323, 180, 'Dharanibari ', 'Active', 2323, 1456217166, 1, NULL, NULL, 2324),
(2324, 180, 'Durgapur ', 'Active', 2324, 1456217166, 1, NULL, NULL, 2325),
(2325, 180, 'Hatia ', 'Active', 2325, 1456217166, 1, NULL, NULL, 2326),
(2326, 180, 'Gunaigachh ', 'Active', 2326, 1456217166, 1, NULL, NULL, 2327),
(2327, 180, 'Pandul ', 'Active', 2327, 1456217166, 1, NULL, NULL, 2328),
(2328, 180, 'Saheber Alga ', 'Active', 2328, 1456217166, 1, NULL, NULL, 2329),
(2329, 180, 'Tabakpur ', 'Active', 2329, 1456217166, 1, NULL, NULL, 2330),
(2330, 469, 'Betbunia', 'Active', 2330, 1456217166, 1, NULL, NULL, 2331),
(2331, 469, 'Fatik Chhari', 'Active', 2331, 1456217166, 1, NULL, NULL, 2332),
(2332, 180, 'Thetrai ', 'Active', 2332, 1456217166, 1, NULL, NULL, 2333),
(2333, 469, 'Ghagra', 'Active', 2333, 1456217166, 1, NULL, NULL, 2334),
(2334, 469, 'Kalampati', 'Active', 2334, 1456217166, 1, NULL, NULL, 2335),
(2335, 47, 'Janipur ', 'Active', 2335, 1456217166, 1, NULL, NULL, 2336),
(2336, 47, 'Khoksa ', 'Active', 2336, 1456217166, 1, NULL, NULL, 2337),
(2337, 47, 'Sumashpur ', 'Active', 2337, 1456217166, 1, NULL, NULL, 2338),
(2338, 47, 'Ambaria ', 'Active', 2338, 1456217166, 1, NULL, NULL, 2339),
(2339, 47, 'Shimulia ', 'Active', 2339, 1456217166, 1, NULL, NULL, 2340),
(2340, 47, 'Gopogram ', 'Active', 2340, 1456217166, 1, NULL, NULL, 2341),
(2341, 47, 'Joyonti Hazra ', 'Active', 2341, 1456217166, 1, NULL, NULL, 2342),
(2342, 47, 'Betbaria ', 'Active', 2342, 1456217166, 1, NULL, NULL, 2343),
(2343, 47, 'Osmanpur ', 'Active', 2343, 1456217166, 1, NULL, NULL, 2344),
(2344, 46, 'Adabaria ', 'Active', 2344, 1456217166, 1, NULL, NULL, 2345),
(2345, 46, 'Aria ', 'Active', 2345, 1456217166, 1, NULL, NULL, 2346),
(2346, 46, 'Boalia ', 'Active', 2346, 1456217166, 1, NULL, NULL, 2347),
(2347, 46, 'Chilmari ', 'Active', 2347, 1456217166, 1, NULL, NULL, 2348),
(2348, 46, 'Daulatpur ', 'Active', 2348, 1456217166, 1, NULL, NULL, 2349),
(2349, 46, 'Hogalbaria ', 'Active', 2349, 1456217166, 1, NULL, NULL, 2350),
(2350, 46, 'Kholishakundi ', 'Active', 2350, 1456217166, 1, NULL, NULL, 2351),
(2351, 46, 'Maricha ', 'Active', 2351, 1456217166, 1, NULL, NULL, 2352),
(2352, 46, 'Mathurapur ', 'Active', 2352, 1456217166, 1, NULL, NULL, 2353),
(2353, 46, 'Pearpur ', 'Active', 2353, 1456217166, 1, NULL, NULL, 2354),
(2354, 380, 'Bidyanandapur ', 'Active', 2354, 1456217166, 1, NULL, NULL, 2355),
(2355, 46, 'Philipnagar ', 'Active', 2355, 1456217166, 1, NULL, NULL, 2356),
(2356, 24, 'Auria ', 'Active', 2356, 1456217166, 1, NULL, NULL, 2357),
(2357, 24, 'Banshgram ', 'Active', 2357, 1456217166, 1, NULL, NULL, 2358),
(2358, 380, 'Chandpur ', 'Active', 2358, 1456217166, 1, NULL, NULL, 2359),
(2359, 24, 'Bhadrabila ', 'Active', 2359, 1456217166, 1, NULL, NULL, 2360),
(2360, 24, 'Bichhali ', 'Active', 2360, 1456217166, 1, NULL, NULL, 2361),
(2361, 46, 'Pragpur ', 'Active', 2361, 1456217166, 1, NULL, NULL, 2362),
(2362, 24, 'Chandibarpur ', 'Active', 2362, 1456217166, 1, NULL, NULL, 2363),
(2363, 24, 'Habakhali ', 'Active', 2363, 1456217166, 1, NULL, NULL, 2364),
(2364, 46, 'Ramkrishnapur ', 'Active', 2364, 1456217166, 1, NULL, NULL, 2365),
(2365, 24, 'Kalora ', 'Active', 2365, 1456217166, 1, NULL, NULL, 2366),
(2366, 24, 'Maijpara ', 'Active', 2366, 1456217166, 1, NULL, NULL, 2367),
(2367, 24, 'Mulia ', 'Active', 2367, 1456217166, 1, NULL, NULL, 2368),
(2368, 24, 'Sahabad ', 'Active', 2368, 1456217166, 1, NULL, NULL, 2369),
(2369, 121, 'Atmul ', 'Active', 2369, 1456217166, 1, NULL, NULL, 2370),
(2370, 24, 'Shekhhati ', 'Active', 2370, 1456217166, 1, NULL, NULL, 2371),
(2371, 46, 'Refayetpur ', 'Active', 2371, 1456217166, 1, NULL, NULL, 2372),
(2372, 24, 'Singasholelpur ', 'Active', 2372, 1456217166, 1, NULL, NULL, 2373),
(2373, 121, 'Bihar ', 'Active', 2373, 1456217166, 1, NULL, NULL, 2374),
(2374, 24, 'Tularampur ', 'Active', 2374, 1456217166, 1, NULL, NULL, 2375),
(2375, 469, 'Betbunia', 'Active', 2375, 1456217166, 1, NULL, NULL, 2376),
(2376, 380, 'Gobindapur ', 'Active', 2376, 1456217166, 1, NULL, NULL, 2377),
(2377, 469, 'Fatik Chhari', 'Active', 2377, 1456217166, 1, NULL, NULL, 2378),
(2378, 121, 'Buriganj ', 'Active', 2378, 1456217166, 1, NULL, NULL, 2379),
(2379, 48, 'Bagulat ', 'Active', 2379, 1456217166, 1, NULL, NULL, 2380),
(2380, 48, 'Charsadipur ', 'Active', 2380, 1456217166, 1, NULL, NULL, 2381),
(2381, 48, 'Chandpur ', 'Active', 2381, 1456217166, 1, NULL, NULL, 2382),
(2382, 121, 'Dewli ', 'Active', 2382, 1456217166, 1, NULL, NULL, 2383),
(2383, 48, 'Chapra ', 'Active', 2383, 1456217166, 1, NULL, NULL, 2384),
(2384, 121, 'Kichak ', 'Active', 2384, 1456217166, 1, NULL, NULL, 2385),
(2385, 48, 'Jaduboyra ', 'Active', 2385, 1456217166, 1, NULL, NULL, 2386),
(2386, 121, 'Maidanhata ', 'Active', 2386, 1456217166, 1, NULL, NULL, 2387),
(2387, 48, 'Jagannathpur ', 'Active', 2387, 1456217166, 1, NULL, NULL, 2388),
(2388, 121, 'Majhihatta ', 'Active', 2388, 1456217166, 1, NULL, NULL, 2389),
(2389, 48, 'Kaya ', 'Active', 2389, 1456217166, 1, NULL, NULL, 2390),
(2390, 121, 'Mokamtala ', 'Active', 2390, 1456217166, 1, NULL, NULL, 2391),
(2391, 469, 'Kalampati', 'Active', 2391, 1456217166, 1, NULL, NULL, 2392),
(2392, 48, 'Nandalalpur ', 'Active', 2392, 1456217166, 1, NULL, NULL, 2393),
(2393, 197, 'Araihazar ', 'Active', 2393, 1456217166, 1, NULL, NULL, 2394),
(2394, 48, 'Panti ', 'Active', 2394, 1456217166, 1, NULL, NULL, 2395),
(2395, 380, 'Char Ekkaria ', 'Active', 2395, 1456217166, 1, NULL, NULL, 2396),
(2396, 197, 'Bishnadi ', 'Active', 2396, 1456217166, 1, NULL, NULL, 2397),
(2397, 121, 'Pirab ', 'Active', 2397, 1456217166, 1, NULL, NULL, 2398),
(2398, 48, 'Sadaki ', 'Active', 2398, 1456217166, 1, NULL, NULL, 2399),
(2399, 469, 'Kalampati', 'Active', 2399, 1456217166, 1, NULL, NULL, 2400),
(2400, 121, 'Roynagar ', 'Active', 2400, 1456217166, 1, NULL, NULL, 2401),
(2401, 48, 'Shelaidaha ', 'Active', 2401, 1456217166, 1, NULL, NULL, 2402),
(2402, 469, 'Ghagra', 'Active', 2402, 1456217166, 1, NULL, NULL, 2403),
(2403, 121, 'Sayedpur ', 'Active', 2403, 1456217166, 1, NULL, NULL, 2404),
(2404, 469, 'Fatik Chhari', 'Active', 2404, 1456217166, 1, NULL, NULL, 2405),
(2405, 50, 'Ambaria ', 'Active', 2405, 1456217166, 1, NULL, NULL, 2406),
(2406, 121, 'Shibganj ', 'Active', 2406, 1456217166, 1, NULL, NULL, 2407),
(2407, 469, 'Betbunia', 'Active', 2407, 1456217166, 1, NULL, NULL, 2408),
(2408, 50, 'Amla ', 'Active', 2408, 1456217166, 1, NULL, NULL, 2409),
(2409, 50, 'Bahalbaria ', 'Active', 2409, 1456217166, 1, NULL, NULL, 2410),
(2410, 50, 'Baroipara ', 'Active', 2410, 1456217166, 1, NULL, NULL, 2411),
(2411, 380, 'Char Gopalpur ', 'Active', 2411, 1456217166, 1, NULL, NULL, 2412),
(2412, 50, 'Chhatian ', 'Active', 2412, 1456217166, 1, NULL, NULL, 2413),
(2413, 302, 'Dorgapasha ', 'Active', 2413, 1456217166, 1, NULL, NULL, 2414),
(2414, 197, 'Brahmandi ', 'Active', 2414, 1456217166, 1, NULL, NULL, 2415),
(2415, 50, 'Chitholia ', 'Active', 2415, 1456217166, 1, NULL, NULL, 2416),
(2416, 473, 'Atarkara', 'Active', 2416, 1456217166, 1, NULL, NULL, 2417),
(2417, 380, 'Darichar Khajuria ', 'Active', 2417, 1456217166, 1, NULL, NULL, 2418),
(2418, 473, 'Bhasanya Adam', 'Active', 2418, 1456217166, 1, NULL, NULL, 2419),
(2419, 197, 'Duptara ', 'Active', 2419, 1456217166, 1, NULL, NULL, 2420),
(2420, 473, 'Bagachattar', 'Active', 2420, 1456217166, 1, NULL, NULL, 2421),
(2421, 473, 'Gulshakhali', 'Active', 2421, 1456217166, 1, NULL, NULL, 2422),
(2422, 50, 'Korsha ', 'Active', 2422, 1456217166, 1, NULL, NULL, 2423),
(2423, 302, 'Joykalas ', 'Active', 2423, 1456217166, 1, NULL, NULL, 2424),
(2424, 473, 'Kalapakurjya', 'Active', 2424, 1456217166, 1, NULL, NULL, 2425),
(2425, 197, 'Fatepur ', 'Active', 2425, 1456217166, 1, NULL, NULL, 2426),
(2426, 473, 'Langadu', 'Active', 2426, 1456217166, 1, NULL, NULL, 2427),
(2427, 380, 'Jangalia ', 'Active', 2427, 1456217166, 1, NULL, NULL, 2428),
(2428, 473, 'Mayanimukh', 'Active', 2428, 1456217166, 1, NULL, NULL, 2429),
(2429, 50, 'Malidah ', 'Active', 2429, 1456217166, 1, NULL, NULL, 2430),
(2430, 197, 'Haizadi ', 'Active', 2430, 1456217166, 1, NULL, NULL, 2431),
(2431, 302, 'Patharia ', 'Active', 2431, 1456217166, 1, NULL, NULL, 2432),
(2432, 50, 'Poradaha ', 'Active', 2432, 1456217166, 1, NULL, NULL, 2433),
(2433, 380, 'Lata ', 'Active', 2433, 1456217166, 1, NULL, NULL, 2434),
(2434, 197, 'Kalaipaharia ', 'Active', 2434, 1456217166, 1, NULL, NULL, 2435),
(2435, 302, 'Shimulbak ', 'Active', 2435, 1456217166, 1, NULL, NULL, 2436),
(2436, 50, 'Sardarpur ', 'Active', 2436, 1456217166, 1, NULL, NULL, 2437),
(2437, 197, 'Khagakanda ', 'Active', 2437, 1456217166, 1, NULL, NULL, 2438),
(2438, 50, 'Talbaria ', 'Active', 2438, 1456217166, 1, NULL, NULL, 2439),
(2439, 197, 'Mahmudpur ', 'Active', 2439, 1456217166, 1, NULL, NULL, 2440),
(2440, 380, 'Mehendiganj ', 'Active', 2440, 1456217166, 1, NULL, NULL, 2441),
(2441, 302, 'PaschimBirgaon ', 'Active', 2441, 1456217166, 1, NULL, NULL, 2442),
(2442, 197, 'Sadasadi ', 'Active', 2442, 1456217166, 1, NULL, NULL, 2443),
(2443, 50, 'Fulbaria ', 'Active', 2443, 1456217166, 1, NULL, NULL, 2444),
(2444, 197, 'Satgram ', 'Active', 2444, 1456217166, 1, NULL, NULL, 2445),
(2445, 380, 'Ulania ', 'Active', 2445, 1456217166, 1, NULL, NULL, 2446),
(2446, 302, 'PaschimPagla ', 'Active', 2446, 1456217166, 1, NULL, NULL, 2447),
(2447, 197, 'Uchitpura ', 'Active', 2447, 1456217166, 1, NULL, NULL, 2448),
(2448, 302, 'PurbaBirgoan ', 'Active', 2448, 1456217166, 1, NULL, NULL, 2449),
(2449, 49, 'Abdalpur ', 'Active', 2449, 1456217166, 1, NULL, NULL, 2450),
(2450, 198, 'Bholabo ', 'Active', 2450, 1456217166, 1, NULL, NULL, 2451),
(2451, 198, 'Bhulta ', 'Active', 2451, 1456217166, 1, NULL, NULL, 2452),
(2452, 49, 'Ailchar ', 'Active', 2452, 1456217166, 1, NULL, NULL, 2453),
(2453, 302, 'PurbaPagla ', 'Active', 2453, 1456217166, 1, NULL, NULL, 2454),
(2454, 381, 'Batamara ', 'Active', 2454, 1456217166, 1, NULL, NULL, 2455),
(2455, 198, 'Daudpur ', 'Active', 2455, 1456217166, 1, NULL, NULL, 2456),
(2456, 50, 'Alampur ', 'Active', 2456, 1456217166, 1, NULL, NULL, 2457),
(2457, 198, 'Holakandail ', 'Active', 2457, 1456217166, 1, NULL, NULL, 2458),
(2458, 49, 'Barakhada ', 'Active', 2458, 1456217166, 1, NULL, NULL, 2459),
(2459, 198, 'Kayetpara ', 'Active', 2459, 1456217166, 1, NULL, NULL, 2460),
(2460, 381, 'Char Kalekhan ', 'Active', 2460, 1456217166, 1, NULL, NULL, 2461),
(2461, 198, 'Murapara ', 'Active', 2461, 1456217166, 1, NULL, NULL, 2462),
(2462, 381, 'Gachhua ', 'Active', 2462, 1456217166, 1, NULL, NULL, 2463),
(2463, 198, 'Rupganj ', 'Active', 2463, 1456217166, 1, NULL, NULL, 2464),
(2464, 199, 'Bandar ', 'Active', 2464, 1456217166, 1, NULL, NULL, 2465),
(2465, 381, 'Kazir Char ', 'Active', 2465, 1456217166, 1, NULL, NULL, 2466),
(2466, 300, 'DakshinBadaghat ', 'Active', 2466, 1456217166, 1, NULL, NULL, 2467),
(2467, 199, 'Dhamgar ', 'Active', 2467, 1456217166, 1, NULL, NULL, 2468),
(2468, 381, 'Muladi ', 'Active', 2468, 1456217166, 1, NULL, NULL, 2469),
(2469, 199, 'Kolagachia ', 'Active', 2469, 1456217166, 1, NULL, NULL, 2470),
(2470, 300, 'Dhanpur ', 'Active', 2470, 1456217166, 1, NULL, NULL, 2471),
(2471, 199, 'Madanpur ', 'Active', 2471, 1456217166, 1, NULL, NULL, 2472),
(2472, 381, 'Nazirpur ', 'Active', 2472, 1456217166, 1, NULL, NULL, 2473),
(2473, 199, 'Musapur ', 'Active', 2473, 1456217166, 1, NULL, NULL, 2474),
(2474, 49, 'Alampur ', 'Active', 2474, 1456217166, 1, NULL, NULL, 2475),
(2475, 300, 'Fatehpur ', 'Active', 2475, 1456217166, 1, NULL, NULL, 2476),
(2476, 474, 'Burighat', 'Active', 2476, 1456217166, 1, NULL, NULL, 2477),
(2477, 381, 'Safipur ', 'Active', 2477, 1456217166, 1, NULL, NULL, 2478),
(2478, 300, 'Palash ', 'Active', 2478, 1456217166, 1, NULL, NULL, 2479),
(2479, 474, 'Ghila Chhari', 'Active', 2479, 1456217166, 1, NULL, NULL, 2480),
(2480, 374, 'Agarpur ', 'Active', 2480, 1456217166, 1, NULL, NULL, 2481),
(2481, 474, 'Naniarchar', 'Active', 2481, 1456217166, 1, NULL, NULL, 2482),
(2482, 49, 'Goswami Durgapur ', 'Active', 2482, 1456217166, 1, NULL, NULL, 2483),
(2483, 300, 'Salukabad ', 'Active', 2483, 1456217166, 1, NULL, NULL, 2484),
(2484, 474, 'Sabekhyong', 'Active', 2484, 1456217166, 1, NULL, NULL, 2485),
(2485, 374, 'Chandpasha ', 'Active', 2485, 1456217166, 1, NULL, NULL, 2486),
(2486, 49, 'Harinarayanpur ', 'Active', 2486, 1456217166, 1, NULL, NULL, 2487),
(2487, 49, 'Hatshahripur ', 'Active', 2487, 1456217166, 1, NULL, NULL, 2488),
(2488, 374, 'Dehergati ', 'Active', 2488, 1456217166, 1, NULL, NULL, 2489),
(2489, 311, 'Balijuri ', 'Active', 2489, 1456217166, 1, NULL, NULL, 2490),
(2490, 49, 'Jagati ', 'Active', 2490, 1456217166, 1, NULL, NULL, 2491),
(2491, 374, 'Kedarpur ', 'Active', 2491, 1456217166, 1, NULL, NULL, 2492),
(2492, 311, 'DakshinSreepur ', 'Active', 2492, 1456217166, 1, NULL, NULL, 2493),
(2493, 475, 'Kakra Chhari (B.halia)', 'Active', 2493, 1456217166, 1, NULL, NULL, 2494),
(2494, 49, 'Jiarathi ', 'Active', 2494, 1456217166, 1, NULL, NULL, 2495),
(2495, 311, 'DakshinBaradal ', 'Active', 2495, 1456217166, 1, NULL, NULL, 2496),
(2496, 374, 'Madhabpasha ', 'Active', 2496, 1456217166, 1, NULL, NULL, 2497),
(2497, 49, 'Jhaudia ', 'Active', 2497, 1456217166, 1, NULL, NULL, 2498),
(2498, 311, 'Tahirpur ', 'Active', 2498, 1456217166, 1, NULL, NULL, 2499),
(2499, 49, 'Mazampur ', 'Active', 2499, 1456217166, 1, NULL, NULL, 2500),
(2500, 374, 'Rahmatpur ', 'Active', 2500, 1456217166, 1, NULL, NULL, 2501),
(2501, 49, 'Manohardia ', 'Active', 2501, 1456217166, 1, NULL, NULL, 2502),
(2502, 311, 'Badaghat ', 'Active', 2502, 1456217166, 1, NULL, NULL, 2503),
(2503, 49, 'Patikabari ', 'Active', 2503, 1456217166, 1, NULL, NULL, 2504),
(2504, 311, 'Uttar Baradal ', 'Active', 2504, 1456217166, 1, NULL, NULL, 2505),
(2505, 49, 'Ujangram ', 'Active', 2505, 1456217166, 1, NULL, NULL, 2506),
(2506, 311, 'Uttar Sreepur ', 'Active', 2506, 1456217166, 1, NULL, NULL, 2507),
(2507, 375, 'Bhoypasha ', 'Active', 2507, 1456217166, 1, NULL, NULL, 2508),
(2508, 200, 'Baidyerbazar ', 'Active', 2508, 1456217166, 1, NULL, NULL, 2509),
(2509, 475, 'Kakra Chhari (B.halia)', 'Active', 2509, 1456217166, 1, NULL, NULL, 2510),
(2510, 200, 'Baradi ', 'Active', 2510, 1456217166, 1, NULL, NULL, 2511),
(2511, 375, 'Charadi ', 'Active', 2511, 1456217166, 1, NULL, NULL, 2512),
(2512, 475, 'Ghila Chhari', 'Active', 2512, 1456217166, 1, NULL, NULL, 2513),
(2513, 200, 'Jampur ', 'Active', 2513, 1456217166, 1, NULL, NULL, 2514),
(2514, 310, 'Aptabnagar ', 'Active', 2514, 1456217166, 1, NULL, NULL, 2515),
(2515, 475, 'Gaindya', 'Active', 2515, 1456217166, 1, NULL, NULL, 2516),
(2516, 200, 'Jampur ', 'Active', 2516, 1456217166, 1, NULL, NULL, 2517),
(2517, 310, 'Gourararang ', 'Active', 2517, 1456217166, 1, NULL, NULL, 2518),
(2518, 476, 'Banduk Bhanga', 'Active', 2518, 1456217166, 1, NULL, NULL, 2519),
(2519, 200, 'Kachpur ', 'Active', 2519, 1456217166, 1, NULL, NULL, 2520),
(2520, 476, 'Balukhali', 'Active', 2520, 1456217166, 1, NULL, NULL, 2521),
(2521, 327, 'Bangakha ', 'Active', 2521, 1456217166, 1, NULL, NULL, 2522),
(2522, 310, 'Laxmansree ', 'Active', 2522, 1456217166, 1, NULL, NULL, 2523),
(2523, 200, 'Mograpara ', 'Active', 2523, 1456217166, 1, NULL, NULL, 2524),
(2524, 327, 'Basikpur ', 'Active', 2524, 1456217166, 1, NULL, NULL, 2525),
(2525, 476, 'Jibtali', 'Active', 2525, 1456217166, 1, NULL, NULL, 2526),
(2526, 200, 'Noagaon ', 'Active', 2526, 1456217166, 1, NULL, NULL, 2527),
(2527, 310, 'Mohanpur ', 'Active', 2527, 1456217166, 1, NULL, NULL, 2528),
(2528, 327, 'Bhabaniganj ', 'Active', 2528, 1456217166, 1, NULL, NULL, 2529),
(2529, 476, 'Kutuk Chhari', 'Active', 2529, 1456217166, 1, NULL, NULL, 2530),
(2530, 200, 'Pirojpur ', 'Active', 2530, 1456217166, 1, NULL, NULL, 2531),
(2531, 476, 'Magban', 'Active', 2531, 1456217166, 1, NULL, NULL, 2532),
(2532, 327, 'Chandraganj ', 'Active', 2532, 1456217166, 1, NULL, NULL, 2533),
(2533, 200, 'Sadipur ', 'Active', 2533, 1456217166, 1, NULL, NULL, 2534),
(2534, 476, 'Sapchhari', 'Active', 2534, 1456217166, 1, NULL, NULL, 2535),
(2535, 327, 'Charsahi ', 'Active', 2535, 1456217166, 1, NULL, NULL, 2536),
(2536, 200, 'Shambhupura ', 'Active', 2536, 1456217166, 1, NULL, NULL, 2537),
(2537, 310, 'Mollah Para ', 'Active', 2537, 1456217166, 1, NULL, NULL, 2538),
(2538, 327, 'Char Ruhita ', 'Active', 2538, 1456217166, 1, NULL, NULL, 2539),
(2539, 200, 'Sanmanadi ', 'Active', 2539, 1456217166, 1, NULL, NULL, 2540),
(2540, 310, 'Rangar Char ', 'Active', 2540, 1456217166, 1, NULL, NULL, 2541),
(2541, 327, 'Dalalbazar ', 'Active', 2541, 1456217166, 1, NULL, NULL, 2542),
(2542, 196, 'Alirtek ', 'Active', 2542, 1456217166, 1, NULL, NULL, 2543),
(2543, 375, 'Charamaddi ', 'Active', 2543, 1456217166, 1, NULL, NULL, 2544),
(2544, 327, 'Datta Para ', 'Active', 2544, 1456217166, 1, NULL, NULL, 2545),
(2545, 310, 'Surma ', 'Active', 2545, 1456217166, 1, NULL, NULL, 2546),
(2546, 196, 'Baktabali ', 'Active', 2546, 1456217166, 1, NULL, NULL, 2547),
(2547, 327, 'Dighali ', 'Active', 2547, 1456217166, 1, NULL, NULL, 2548),
(2548, 375, 'Darial ', 'Active', 2548, 1456217166, 1, NULL, NULL, 2549),
(2549, 310, 'Jahangirnagar ', 'Active', 2549, 1456217166, 1, NULL, NULL, 2550),
(2550, 196, 'Enayetnagar ', 'Active', 2550, 1456217166, 1, NULL, NULL, 2551),
(2551, 327, 'Hajir Para ', 'Active', 2551, 1456217166, 1, NULL, NULL, 2552),
(2552, 196, 'Fatulla ', 'Active', 2552, 1456217166, 1, NULL, NULL, 2553),
(2553, 327, 'Kushakhali ', 'Active', 2553, 1456217166, 1, NULL, NULL, 2554),
(2554, 309, 'Atgaon ', 'Active', 2554, 1456217166, 1, NULL, NULL, 2555),
(2555, 196, 'Godnail ', 'Active', 2555, 1456217166, 1, NULL, NULL, 2556),
(2556, 327, 'Laharkandi ', 'Active', 2556, 1456217166, 1, NULL, NULL, 2557),
(2557, 196, 'Gognagar ', 'Active', 2557, 1456217166, 1, NULL, NULL, 2558),
(2558, 309, 'Bahara ', 'Active', 2558, 1456217166, 1, NULL, NULL, 2559),
(2559, 327, 'Mandari ', 'Active', 2559, 1456217166, 1, NULL, NULL, 2560),
(2560, 196, 'Kashipur ', 'Active', 2560, 1456217166, 1, NULL, NULL, 2561),
(2561, 327, 'Uttar Hamchadi ', 'Active', 2561, 1456217166, 1, NULL, NULL, 2562),
(2562, 309, 'Habibpur ', 'Active', 2562, 1456217166, 1, NULL, NULL, 2563),
(2563, 196, 'Kutubpur ', 'Active', 2563, 1456217166, 1, NULL, NULL, 2564),
(2564, 327, 'Parbatinagar ', 'Active', 2564, 1456217166, 1, NULL, NULL, 2565),
(2565, 196, 'Siddirganj ', 'Active', 2565, 1456217166, 1, NULL, NULL, 2566),
(2566, 375, 'Dudhal ', 'Active', 2566, 1456217166, 1, NULL, NULL, 2567),
(2567, 309, 'Salla ', 'Active', 2567, 1456217166, 1, NULL, NULL, 2568),
(2568, 327, 'Shakchar ', 'Active', 2568, 1456217166, 1, NULL, NULL, 2569),
(2569, 196, 'Sumilpara ', 'Active', 2569, 1456217166, 1, NULL, NULL, 2570),
(2570, 375, 'Durgapasha ', 'Active', 2570, 1456217166, 1, NULL, NULL, 2571),
(2571, 327, 'Dakshin Hamchadi ', 'Active', 2571, 1456217166, 1, NULL, NULL, 2572),
(2572, 308, 'Beheli ', 'Active', 2572, 1456217166, 1, NULL, NULL, 2573),
(2573, 160, 'Alambiditor', 'Active', 2573, 1456217166, 1, NULL, NULL, 2574),
(2574, 160, 'Barabil', 'Active', 2574, 1456217166, 1, NULL, NULL, 2575),
(2575, 375, 'Faridpur ', 'Active', 2575, 1456217166, 1, NULL, NULL, 2576),
(2576, 308, 'Bhimkhali ', 'Active', 2576, 1456217166, 1, NULL, NULL, 2577),
(2577, 160, 'Betgari', 'Active', 2577, 1456217166, 1, NULL, NULL, 2578),
(2578, 160, 'Gangachara', 'Active', 2578, 1456217166, 1, NULL, NULL, 2579),
(2579, 160, 'Gajaghanta', 'Active', 2579, 1456217166, 1, NULL, NULL, 2580),
(2580, 160, 'Kholeya', 'Active', 2580, 1456217166, 1, NULL, NULL, 2581),
(2581, 160, 'Kolkond', 'Active', 2581, 1456217166, 1, NULL, NULL, 2582),
(2582, 308, 'Fenarbak ', 'Active', 2582, 1456217166, 1, NULL, NULL, 2583),
(2583, 160, 'Laxmitari', 'Active', 2583, 1456217166, 1, NULL, NULL, 2584),
(2584, 375, 'Garuria ', 'Active', 2584, 1456217166, 1, NULL, NULL, 2585),
(2585, 160, 'Maraneya', 'Active', 2585, 1456217166, 1, NULL, NULL, 2586),
(2586, 160, 'Nohali', 'Active', 2586, 1456217166, 1, NULL, NULL, 2587),
(2587, 308, 'Jamalganj ', 'Active', 2587, 1456217166, 1, NULL, NULL, 2588),
(2588, 375, 'Kabai ', 'Active', 2588, 1456217166, 1, NULL, NULL, 2589),
(2589, 327, 'Uttar Joypur Union P', 'Active', 2589, 1456217166, 1, NULL, NULL, 2590),
(2590, 308, 'Sachna Bazar ', 'Active', 2590, 1456217166, 1, NULL, NULL, 2591),
(2591, 375, 'Kalaskathi ', 'Active', 2591, 1456217166, 1, NULL, NULL, 2592),
(2592, 286, 'Ayubpur ', 'Active', 2592, 1456217166, 1, NULL, NULL, 2593),
(2593, 375, 'Niamati ', 'Active', 2593, 1456217166, 1, NULL, NULL, 2594),
(2594, 329, 'Bhadur ', 'Active', 2594, 1456217166, 1, NULL, NULL, 2595),
(2595, 287, 'Baghaba ', 'Active', 2595, 1456217166, 1, NULL, NULL, 2596),
(2596, 307, 'Asharkandi ', 'Active', 2596, 1456217166, 1, NULL, NULL, 2597),
(2597, 375, 'Padrishibpur ', 'Active', 2597, 1456217166, 1, NULL, NULL, 2598),
(2598, 161, 'Haragachh', 'Active', 2598, 1456217166, 1, NULL, NULL, 2599),
(2599, 161, 'Kaunia Balapara', 'Active', 2599, 1456217166, 1, NULL, NULL, 2600),
(2600, 307, 'Haldipur ', 'Active', 2600, 1456217166, 1, NULL, NULL, 2601),
(2601, 329, 'Bhatra ', 'Active', 2601, 1456217166, 1, NULL, NULL, 2602),
(2602, 161, 'Kursha', 'Active', 2602, 1456217166, 1, NULL, NULL, 2603),
(2603, 161, 'Sarai', 'Active', 2603, 1456217166, 1, NULL, NULL, 2604),
(2604, 375, 'Rangasree ', 'Active', 2604, 1456217166, 1, NULL, NULL, 2605),
(2605, 287, 'Chakradha ', 'Active', 2605, 1456217166, 1, NULL, NULL, 2606),
(2606, 161, 'Shahidbagh', 'Active', 2606, 1456217166, 1, NULL, NULL, 2607),
(2607, 329, 'Bholakot ', 'Active', 2607, 1456217166, 1, NULL, NULL, 2608),
(2608, 307, 'Kalkalia ', 'Active', 2608, 1456217166, 1, NULL, NULL, 2609),
(2609, 161, 'Tepamadhupur', 'Active', 2609, 1456217166, 1, NULL, NULL, 2610),
(2610, 287, 'Dulalpur ', 'Active', 2610, 1456217166, 1, NULL, NULL, 2611),
(2611, 329, 'Chandipur ', 'Active', 2611, 1456217166, 1, NULL, NULL, 2612),
(2612, 287, 'Joshor ', 'Active', 2612, 1456217166, 1, NULL, NULL, 2613),
(2613, 307, 'Mirpur ', 'Active', 2613, 1456217166, 1, NULL, NULL, 2614),
(2614, 34, 'Arpara ', 'Active', 2614, 1456217166, 1, NULL, NULL, 2615),
(2615, 287, 'Joynagar ', 'Active', 2615, 1456217166, 1, NULL, NULL, 2616),
(2616, 329, 'Darbeshpur ', 'Active', 2616, 1456217166, 1, NULL, NULL, 2617),
(2617, 307, 'Pailgaon ', 'Active', 2617, 1456217166, 1, NULL, NULL, 2618),
(2618, 287, 'Machhimpur ', 'Active', 2618, 1456217166, 1, NULL, NULL, 2619),
(2619, 379, 'Bara Kotha ', 'Active', 2619, 1456217166, 1, NULL, NULL, 2620),
(2620, 287, 'Putia ', 'Active', 2620, 1456217166, 1, NULL, NULL, 2621),
(2621, 307, 'Patali ', 'Active', 2621, 1456217166, 1, NULL, NULL, 2622),
(2622, 287, 'Sadharchar ', 'Active', 2622, 1456217166, 1, NULL, NULL, 2623),
(2623, 307, 'Raniganj ', 'Active', 2623, 1456217166, 1, NULL, NULL, 2624),
(2624, 329, 'Ichhapur ', 'Active', 2624, 1456217166, 1, NULL, NULL, 2625),
(2625, 285, 'Char Sindur ', 'Active', 2625, 1456217166, 1, NULL, NULL, 2626),
(2626, 327, 'Kanchanpur ', 'Active', 2626, 1456217166, 1, NULL, NULL, 2627),
(2627, 285, 'Danga ', 'Active', 2627, 1456217166, 1, NULL, NULL, 2628),
(2628, 307, 'Sayedpur-Saharpara ', 'Active', 2628, 1456217166, 1, NULL, NULL, 2629),
(2629, 329, 'Karpara ', 'Active', 2629, 1456217166, 1, NULL, NULL, 2630),
(2630, 285, 'Gazaria ', 'Active', 2630, 1456217166, 1, NULL, NULL, 2631),
(2631, 285, 'Jinardi ', 'Active', 2631, 1456217166, 1, NULL, NULL, 2632),
(2632, 329, 'Lamchar ', 'Active', 2632, 1456217166, 1, NULL, NULL, 2633),
(2633, 284, 'Alokbali ', 'Active', 2633, 1456217166, 1, NULL, NULL, 2634),
(2634, 306, 'Bangla Bazar ', 'Active', 2634, 1456217166, 1, NULL, NULL, 2635),
(2635, 284, 'Amdia ', 'Active', 2635, 1456217166, 1, NULL, NULL, 2636),
(2636, 284, 'Chardighaldi ', 'Active', 2636, 1456217166, 1, NULL, NULL, 2637),
(2637, 306, 'Dowarabazar ', 'Active', 2637, 1456217166, 1, NULL, NULL, 2638),
(2638, 329, 'Noagaon ', 'Active', 2638, 1456217166, 1, NULL, NULL, 2639),
(2639, 284, 'Chinishpur ', 'Active', 2639, 1456217166, 1, NULL, NULL, 2640),
(2640, 284, 'Hajipur ', 'Active', 2640, 1456217166, 1, NULL, NULL, 2641),
(2641, 306, 'Duhalia ', 'Active', 2641, 1456217166, 1, NULL, NULL, 2642),
(2642, 284, 'Karimpur ', 'Active', 2642, 1456217166, 1, NULL, NULL, 2643),
(2643, 284, 'Kathalia ', 'Active', 2643, 1456217166, 1, NULL, NULL, 2644),
(2644, 306, 'Laxmipur ', 'Active', 2644, 1456217166, 1, NULL, NULL, 2645),
(2645, 284, 'Nuralapur ', 'Active', 2645, 1456217166, 1, NULL, NULL, 2646),
(2646, 306, 'Mannargaon ', 'Active', 2646, 1456217166, 1, NULL, NULL, 2647),
(2647, 284, 'Mahishasura ', 'Active', 2647, 1456217166, 1, NULL, NULL, 2648),
(2648, 284, 'Meherpara ', 'Active', 2648, 1456217166, 1, NULL, NULL, 2649),
(2649, 306, 'Narsingpur ', 'Active', 2649, 1456217166, 1, NULL, NULL, 2650),
(2650, 328, 'Bamni ', 'Active', 2650, 1456217166, 1, NULL, NULL, 2651),
(2651, 284, 'Nazarpur ', 'Active', 2651, 1456217166, 1, NULL, NULL, 2652),
(2652, 284, 'Poikarchar ', 'Active', 2652, 1456217166, 1, NULL, NULL, 2653),
(2653, 328, 'Char Ababil Uttar ', 'Active', 2653, 1456217166, 1, NULL, NULL, 2654),
(2654, 306, 'Pandergaon ', 'Active', 2654, 1456217166, 1, NULL, NULL, 2655),
(2655, 284, 'Panchdona ', 'Active', 2655, 1456217166, 1, NULL, NULL, 2656),
(2656, 328, 'Char Bangshi Uttar ', 'Active', 2656, 1456217166, 1, NULL, NULL, 2657),
(2657, 284, 'Silmandi ', 'Active', 2657, 1456217166, 1, NULL, NULL, 2658),
(2658, 304, 'DakshinSukhair ', 'Active', 2658, 1456217166, 1, NULL, NULL, 2659),
(2659, 328, 'Char Mohana ', 'Active', 2659, 1456217166, 1, NULL, NULL, 2660),
(2660, 286, 'Adiabad ', 'Active', 2660, 1456217166, 1, NULL, NULL, 2661),
(2661, 304, 'Chamardani ', 'Active', 2661, 1456217166, 1, NULL, NULL, 2662),
(2662, 328, 'Keroa ', 'Active', 2662, 1456217166, 1, NULL, NULL, 2663),
(2663, 163, 'Baluamasimpur', 'Active', 2663, 1456217166, 1, NULL, NULL, 2664),
(2664, 163, 'Barabala', 'Active', 2664, 1456217166, 1, NULL, NULL, 2665),
(2665, 286, 'Alipura ', 'Active', 2665, 1456217166, 1, NULL, NULL, 2666),
(2666, 163, 'Bara Hazratpur', 'Active', 2666, 1456217166, 1, NULL, NULL, 2667),
(2667, 163, 'Balarhat', 'Active', 2667, 1456217166, 1, NULL, NULL, 2668),
(2668, 304, 'Dakshin Bongshikunda ', 'Active', 2668, 1456217166, 1, NULL, NULL, 2669),
(2669, 163, 'Bhangni', 'Active', 2669, 1456217166, 1, NULL, NULL, 2670),
(2670, 328, 'Roypur ', 'Active', 2670, 1456217166, 1, NULL, NULL, 2671),
(2671, 163, 'Chengmari', 'Active', 2671, 1456217166, 1, NULL, NULL, 2672),
(2672, 286, 'Amirganj ', 'Active', 2672, 1456217166, 1, NULL, NULL, 2673),
(2673, 163, 'Durgapur', 'Active', 2673, 1456217166, 1, NULL, NULL, 2674),
(2674, 163, 'Imadpur', 'Active', 2674, 1456217166, 1, NULL, NULL, 2675),
(2675, 328, 'Sonapur ', 'Active', 2675, 1456217166, 1, NULL, NULL, 2676),
(2676, 163, 'Gopalpur', 'Active', 2676, 1456217166, 1, NULL, NULL, 2677),
(2677, 304, 'Dharmapasha ', 'Active', 2677, 1456217166, 1, NULL, NULL, 2678),
(2678, 285, 'Banshgari ', 'Active', 2678, 1456217166, 1, NULL, NULL, 2679),
(2679, 163, 'Kafrikhal', 'Active', 2679, 1456217166, 1, NULL, NULL, 2680),
(2680, 286, 'Chanderkandi ', 'Active', 2680, 1456217166, 1, NULL, NULL, 2681),
(2681, 304, 'Joysree ', 'Active', 2681, 1456217166, 1, NULL, NULL, 2682),
(2682, 328, 'Char Bangshi Dakshin ', 'Active', 2682, 1456217166, 1, NULL, NULL, 2683),
(2683, 286, 'Chanpur ', 'Active', 2683, 1456217166, 1, NULL, NULL, 2684),
(2684, 163, 'Khoragachh', 'Active', 2684, 1456217166, 1, NULL, NULL, 2685),
(2685, 304, 'Madhyanagar ', 'Active', 2685, 1456217166, 1, NULL, NULL, 2686),
(2686, 328, 'Char Ababil Dakshin ', 'Active', 2686, 1456217166, 1, NULL, NULL, 2687),
(2687, 163, 'Latibpur', 'Active', 2687, 1456217166, 1, NULL, NULL, 2688),
(2688, 286, 'Char Aralia ', 'Active', 2688, 1456217166, 1, NULL, NULL, 2689),
(2689, 304, 'Paikorati ', 'Active', 2689, 1456217166, 1, NULL, NULL, 2690),
(2690, 328, 'Char Pata Union', 'Active', 2690, 1456217166, 1, NULL, NULL, 2691),
(2691, 286, 'Charmadhua ', 'Active', 2691, 1456217166, 1, NULL, NULL, 2692),
(2692, 163, 'Malonpur', 'Active', 2692, 1456217166, 1, NULL, NULL, 2693),
(2693, 286, 'Charsubuddi ', 'Active', 2693, 1456217166, 1, NULL, NULL, 2694),
(2694, 304, 'Selborash ', 'Active', 2694, 1456217166, 1, NULL, NULL, 2695),
(2695, 163, 'Mirzapur', 'Active', 2695, 1456217166, 1, NULL, NULL, 2696),
(2696, 330, 'Bara Kheri ', 'Active', 2696, 1456217166, 1, NULL, NULL, 2697),
(2697, 286, 'Dowkarchar ', 'Active', 2697, 1456217166, 1, NULL, NULL, 2698),
(2698, 163, 'Moyenpur', 'Active', 2698, 1456217166, 1, NULL, NULL, 2699),
(2699, 330, 'Char Abdullah ', 'Active', 2699, 1456217166, 1, NULL, NULL, 2700),
(2700, 163, 'Pairaband', 'Active', 2700, 1456217166, 1, NULL, NULL, 2701),
(2701, 286, 'Hairmara ', 'Active', 2701, 1456217166, 1, NULL, NULL, 2702),
(2702, 304, 'Uttar Sukhair Rajapur ', 'Active', 2702, 1456217166, 1, NULL, NULL, 2703),
(2703, 330, 'Char Alexandar ', 'Active', 2703, 1456217166, 1, NULL, NULL, 2704),
(2704, 163, 'Ranipukur', 'Active', 2704, 1456217166, 1, NULL, NULL, 2705),
(2705, 286, 'Maheshpur ', 'Active', 2705, 1456217166, 1, NULL, NULL, 2706),
(2706, 304, 'Uttar Bangshikunda ', 'Active', 2706, 1456217166, 1, NULL, NULL, 2707),
(2707, 330, 'Char Algi ', 'Active', 2707, 1456217166, 1, NULL, NULL, 2708),
(2708, 286, 'Marjal ', 'Active', 2708, 1456217166, 1, NULL, NULL, 2709),
(2709, 286, 'Mirzanagar ', 'Active', 2709, 1456217166, 1, NULL, NULL, 2710),
(2710, 330, 'Char Badam ', 'Active', 2710, 1456217166, 1, NULL, NULL, 2711),
(2711, 330, 'Char Gazi ', 'Active', 2711, 1456217166, 1, NULL, NULL, 2712),
(2712, 286, 'Mirzapur ', 'Active', 2712, 1456217166, 1, NULL, NULL, 2713),
(2713, 286, 'Mirzarchar ', 'Active', 2713, 1456217166, 1, NULL, NULL, 2714),
(2714, 286, 'Musapur ', 'Active', 2714, 1456217166, 1, NULL, NULL, 2715),
(2715, 286, 'Nilakhya ', 'Active', 2715, 1456217166, 1, NULL, NULL, 2716),
(2716, 330, 'Char Ramiz ', 'Active', 2716, 1456217166, 1, NULL, NULL, 2717),
(2717, 286, 'Palashtali ', 'Active', 2717, 1456217166, 1, NULL, NULL, 2718),
(2718, 330, 'Char Poragacha Unio', 'Active', 2718, 1456217166, 1, NULL, NULL, 2719),
(2719, 286, 'Paratali ', 'Active', 2719, 1456217166, 1, NULL, NULL, 2720),
(2720, 286, 'Radhanagar ', 'Active', 2720, 1456217166, 1, NULL, NULL, 2721),
(2721, 164, 'Annadannagar', 'Active', 2721, 1456217166, 1, NULL, NULL, 2722),
(2722, 326, 'Char Falcon ', 'Active', 2722, 1456217166, 1, NULL, NULL, 2723),
(2723, 164, 'Chhaola', 'Active', 2723, 1456217166, 1, NULL, NULL, 2724),
(2724, 164, 'Itakumari', 'Active', 2724, 1456217166, 1, NULL, NULL, 2725),
(2725, 164, 'Koikuri', 'Active', 2725, 1456217166, 1, NULL, NULL, 2726),
(2726, 286, 'Roypura ', 'Active', 2726, 1456217166, 1, NULL, NULL, 2727),
(2727, 326, 'Patwary Hat ', 'Active', 2727, 1456217166, 1, NULL, NULL, 2728),
(2728, 164, 'Kalyani', 'Active', 2728, 1456217166, 1, NULL, NULL, 2729),
(2729, 164, 'Kandi', 'Active', 2729, 1456217166, 1, NULL, NULL, 2730),
(2730, 286, 'Sreenagar ', 'Active', 2730, 1456217166, 1, NULL, NULL, 2731),
(2731, 164, 'Parul', 'Active', 2731, 1456217166, 1, NULL, NULL, 2732),
(2732, 164, 'Pirgachha', 'Active', 2732, 1456217166, 1, NULL, NULL, 2733),
(2733, 326, 'Char Kadira ', 'Active', 2733, 1456217166, 1, NULL, NULL, 2734),
(2734, 286, 'Uttarbakharnagar ', 'Active', 2734, 1456217166, 1, NULL, NULL, 2735),
(2735, 164, 'Tambulpur', 'Active', 2735, 1456217166, 1, NULL, NULL, 2736),
(2736, 326, 'Torabganj ', 'Active', 2736, 1456217166, 1, NULL, NULL, 2737),
(2737, 301, 'Bhatgaon ', 'Active', 2737, 1456217166, 1, NULL, NULL, 2738),
(2738, 282, 'Amlaba ', 'Active', 2738, 1456217166, 1, NULL, NULL, 2739),
(2739, 326, 'Char Kalkini ', 'Active', 2739, 1456217166, 1, NULL, NULL, 2740),
(2740, 282, 'Bajnabo ', 'Active', 2740, 1456217166, 1, NULL, NULL, 2741),
(2741, 326, 'Shaeber Hat ', 'Active', 2741, 1456217166, 1, NULL, NULL, 2742),
(2742, 282, 'Belabo ', 'Active', 2742, 1456217166, 1, NULL, NULL, 2743),
(2743, 301, 'Chhatak ', 'Active', 2743, 1456217166, 1, NULL, NULL, 2744),
(2744, 282, 'Binnabaid ', 'Active', 2744, 1456217166, 1, NULL, NULL, 2745),
(2745, 301, 'Charmahalla ', 'Active', 2745, 1456217166, 1, NULL, NULL, 2746),
(2746, 282, 'Narayanpur ', 'Active', 2746, 1456217166, 1, NULL, NULL, 2747),
(2747, 326, 'Char Lawrence ', 'Active', 2747, 1456217166, 1, NULL, NULL, 2748),
(2748, 282, 'Patuli ', 'Active', 2748, 1456217166, 1, NULL, NULL, 2749),
(2749, 326, 'Char Martin ', 'Active', 2749, 1456217166, 1, NULL, NULL, 2750),
(2750, 301, 'Dular Bazar ', 'Active', 2750, 1456217166, 1, NULL, NULL, 2751),
(2751, 282, 'Sallabad ', 'Active', 2751, 1456217166, 1, NULL, NULL, 2752),
(2752, 326, 'Hajirhat', 'Active', 2752, 1456217166, 1, NULL, NULL, 2753),
(2753, 165, 'Bara Alampur', 'Active', 2753, 1456217166, 1, NULL, NULL, 2754),
(2754, 282, 'Charujilab ', 'Active', 2754, 1456217166, 1, NULL, NULL, 2755),
(2755, 165, 'Bara Dargah', 'Active', 2755, 1456217166, 1, NULL, NULL, 2756),
(2756, 301, 'DakshinKhurma ', 'Active', 2756, 1456217166, 1, NULL, NULL, 2757),
(2757, 165, 'Bhendabari', 'Active', 2757, 1456217166, 1, NULL, NULL, 2758),
(2758, 165, 'Chaitrakal', 'Active', 2758, 1456217166, 1, NULL, NULL, 2759),
(2759, 283, 'Barachapa ', 'Active', 2759, 1456217166, 1, NULL, NULL, 2760),
(2760, 165, 'Chatra', 'Active', 2760, 1456217166, 1, NULL, NULL, 2761),
(2761, 301, 'Islampur ', 'Active', 2761, 1456217166, 1, NULL, NULL, 2762);
INSERT INTO `ems_unions` (`id`, `upazilla_id`, `name`, `status`, `ordering`, `date_created`, `user_created`, `date_updated`, `user_updated`, `old_union_id`) VALUES
(2762, 165, 'Kabilpur', 'Active', 2762, 1456217166, 1, NULL, NULL, 2763),
(2763, 283, 'Chalakchar ', 'Active', 2763, 1456217166, 1, NULL, NULL, 2764),
(2764, 165, 'Kumedpur', 'Active', 2764, 1456217166, 1, NULL, NULL, 2765),
(2765, 171, 'Bawra ', 'Active', 2765, 1456217166, 1, NULL, NULL, 2766),
(2766, 165, 'Madankhali', 'Active', 2766, 1456217166, 1, NULL, NULL, 2767),
(2767, 283, 'Chandanbari ', 'Active', 2767, 1456217166, 1, NULL, NULL, 2768),
(2768, 165, 'Mithipur', 'Active', 2768, 1456217166, 1, NULL, NULL, 2769),
(2769, 301, 'Jawa Bazar ', 'Active', 2769, 1456217166, 1, NULL, NULL, 2770),
(2770, 165, 'Panchgachhi', 'Active', 2770, 1456217166, 1, NULL, NULL, 2771),
(2771, 171, 'Jagatbera ', 'Active', 2771, 1456217166, 1, NULL, NULL, 2772),
(2772, 283, 'Charmandalia ', 'Active', 2772, 1456217166, 1, NULL, NULL, 2773),
(2773, 301, 'Kalaruka ', 'Active', 2773, 1456217166, 1, NULL, NULL, 2774),
(2774, 283, 'Daulatpur ', 'Active', 2774, 1456217166, 1, NULL, NULL, 2775),
(2775, 165, 'Pirganj', 'Active', 2775, 1456217166, 1, NULL, NULL, 2776),
(2776, 165, 'Roypur', 'Active', 2776, 1456217166, 1, NULL, NULL, 2777),
(2777, 283, 'Akduaria ', 'Active', 2777, 1456217166, 1, NULL, NULL, 2778),
(2778, 301, 'Noarai ', 'Active', 2778, 1456217166, 1, NULL, NULL, 2779),
(2779, 382, 'Bamrail ', 'Active', 2779, 1456217166, 1, NULL, NULL, 2780),
(2780, 283, 'Gotashia ', 'Active', 2780, 1456217166, 1, NULL, NULL, 2781),
(2781, 301, 'Sedergaon ', 'Active', 2781, 1456217166, 1, NULL, NULL, 2782),
(2782, 171, 'Jongra ', 'Active', 2782, 1456217166, 1, NULL, NULL, 2783),
(2783, 283, 'Kanchikata ', 'Active', 2783, 1456217166, 1, NULL, NULL, 2784),
(2784, 382, 'Bara Kotha ', 'Active', 2784, 1456217166, 1, NULL, NULL, 2785),
(2785, 283, 'Khidirpur ', 'Active', 2785, 1456217166, 1, NULL, NULL, 2786),
(2786, 171, 'Kuchhlibari ', 'Active', 2786, 1456217166, 1, NULL, NULL, 2787),
(2787, 301, 'Afzalabad ', 'Active', 2787, 1456217166, 1, NULL, NULL, 2788),
(2788, 165, 'Ramnathpur', 'Active', 2788, 1456217166, 1, NULL, NULL, 2789),
(2789, 382, 'Gutia ', 'Active', 2789, 1456217166, 1, NULL, NULL, 2790),
(2790, 171, 'Patgram ', 'Active', 2790, 1456217166, 1, NULL, NULL, 2791),
(2791, 283, 'Lebutala ', 'Active', 2791, 1456217166, 1, NULL, NULL, 2792),
(2792, 165, 'Ramnathpur', 'Active', 2792, 1456217166, 1, NULL, NULL, 2793),
(2793, 301, 'Sing Chapair ', 'Active', 2793, 1456217166, 1, NULL, NULL, 2794),
(2794, 171, 'Sreerampur ', 'Active', 2794, 1456217166, 1, NULL, NULL, 2795),
(2795, 165, 'Shanerhat', 'Active', 2795, 1456217166, 1, NULL, NULL, 2796),
(2796, 283, 'Shukundi ', 'Active', 2796, 1456217166, 1, NULL, NULL, 2797),
(2797, 382, 'Harta ', 'Active', 2797, 1456217166, 1, NULL, NULL, 2798),
(2798, 301, 'Uttar Khurma ', 'Active', 2798, 1456217166, 1, NULL, NULL, 2799),
(2799, 165, 'Tukuria', 'Active', 2799, 1456217166, 1, NULL, NULL, 2800),
(2800, 171, 'Dahagram ', 'Active', 2800, 1456217166, 1, NULL, NULL, 2801),
(2801, 382, 'Jolla ', 'Active', 2801, 1456217166, 1, NULL, NULL, 2802),
(2802, 303, 'Bhati Para ', 'Active', 2802, 1456217166, 1, NULL, NULL, 2803),
(2803, 170, 'Barabari ', 'Active', 2803, 1456217166, 1, NULL, NULL, 2804),
(2804, 382, 'Otra ', 'Active', 2804, 1456217166, 1, NULL, NULL, 2805),
(2805, 303, 'Charnar Char ', 'Active', 2805, 1456217166, 1, NULL, NULL, 2806),
(2806, 170, 'Gokunda ', 'Active', 2806, 1456217166, 1, NULL, NULL, 2807),
(2807, 85, 'Bagatipara ', 'Active', 2807, 1456217166, 1, NULL, NULL, 2808),
(2808, 85, 'Dayarampur ', 'Active', 2808, 1456217166, 1, NULL, NULL, 2809),
(2809, 170, 'Harati ', 'Active', 2809, 1456217166, 1, NULL, NULL, 2810),
(2810, 382, 'Satla ', 'Active', 2810, 1456217166, 1, NULL, NULL, 2811),
(2811, 162, 'Chandanpat', 'Active', 2811, 1456217166, 1, NULL, NULL, 2812),
(2812, 303, 'Sarmangal ', 'Active', 2812, 1456217166, 1, NULL, NULL, 2813),
(2813, 162, 'Darshana', 'Active', 2813, 1456217166, 1, NULL, NULL, 2814),
(2814, 85, 'Panka ', 'Active', 2814, 1456217166, 1, NULL, NULL, 2815),
(2815, 170, 'Khuniagachh ', 'Active', 2815, 1456217166, 1, NULL, NULL, 2816),
(2816, 162, 'Haridebpur', 'Active', 2816, 1456217166, 1, NULL, NULL, 2817),
(2817, 162, 'Mominpur', 'Active', 2817, 1456217166, 1, NULL, NULL, 2818),
(2818, 303, 'Jasdhal ', 'Active', 2818, 1456217166, 1, NULL, NULL, 2819),
(2819, 382, 'Shikarpur ', 'Active', 2819, 1456217166, 1, NULL, NULL, 2820),
(2820, 162, 'Parswuram', 'Active', 2820, 1456217166, 1, NULL, NULL, 2821),
(2821, 85, 'Jamnagar ', 'Active', 2821, 1456217166, 1, NULL, NULL, 2822),
(2822, 162, 'Rajendrapur', 'Active', 2822, 1456217166, 1, NULL, NULL, 2823),
(2823, 170, 'Kulaghat ', 'Active', 2823, 1456217166, 1, NULL, NULL, 2824),
(2824, 303, 'Karimpur ', 'Active', 2824, 1456217166, 1, NULL, NULL, 2825),
(2825, 85, 'Faguardiar ', 'Active', 2825, 1456217166, 1, NULL, NULL, 2826),
(2826, 382, 'Sholak ', 'Active', 2826, 1456217166, 1, NULL, NULL, 2827),
(2827, 170, 'Mogalhat ', 'Active', 2827, 1456217166, 1, NULL, NULL, 2828),
(2828, 162, 'Sadyapushkarini', 'Active', 2828, 1456217166, 1, NULL, NULL, 2829),
(2829, 162, 'Satgara', 'Active', 2829, 1456217166, 1, NULL, NULL, 2830),
(2830, 170, 'Mahendranagar ', 'Active', 2830, 1456217166, 1, NULL, NULL, 2831),
(2831, 86, 'Baraigram ', 'Active', 2831, 1456217166, 1, NULL, NULL, 2832),
(2832, 303, 'Kulanja ', 'Active', 2832, 1456217166, 1, NULL, NULL, 2833),
(2833, 162, 'Tampat', 'Active', 2833, 1456217166, 1, NULL, NULL, 2834),
(2834, 86, 'Chandail ', 'Active', 2834, 1456217166, 1, NULL, NULL, 2835),
(2835, 162, 'Tapodhon', 'Active', 2835, 1456217166, 1, NULL, NULL, 2836),
(2836, 170, 'Panchagram ', 'Active', 2836, 1456217166, 1, NULL, NULL, 2837),
(2837, 86, 'Gopalpur ', 'Active', 2837, 1456217166, 1, NULL, NULL, 2838),
(2838, 303, 'Rafinagar ', 'Active', 2838, 1456217166, 1, NULL, NULL, 2839),
(2839, 170, 'Rajpur ', 'Active', 2839, 1456217166, 1, NULL, NULL, 2840),
(2840, 379, 'Chandpur ', 'Active', 2840, 1456217166, 1, NULL, NULL, 2841),
(2841, 86, 'Joari ', 'Active', 2841, 1456217166, 1, NULL, NULL, 2842),
(2842, 165, 'Uttam', 'Active', 2842, 1456217166, 1, NULL, NULL, 2843),
(2843, 169, 'Bhotmari ', 'Active', 2843, 1456217166, 1, NULL, NULL, 2844),
(2844, 303, 'Rajanagar ', 'Active', 2844, 1456217166, 1, NULL, NULL, 2845),
(2845, 86, 'Jonail ', 'Active', 2845, 1456217166, 1, NULL, NULL, 2846),
(2846, 379, 'Chandra Mohan ', 'Active', 2846, 1456217166, 1, NULL, NULL, 2847),
(2847, 169, 'Chalbala ', 'Active', 2847, 1456217166, 1, NULL, NULL, 2848),
(2848, 86, 'Majgaon ', 'Active', 2848, 1456217166, 1, NULL, NULL, 2849),
(2849, 303, 'Taral ', 'Active', 2849, 1456217166, 1, NULL, NULL, 2850),
(2850, 169, 'Chandrapur ', 'Active', 2850, 1456217166, 1, NULL, NULL, 2851),
(2851, 86, 'Nagar ', 'Active', 2851, 1456217166, 1, NULL, NULL, 2852),
(2852, 165, 'Uttam', 'Active', 2852, 1456217166, 1, NULL, NULL, 2853),
(2853, 169, 'Dalagram ', 'Active', 2853, 1456217166, 1, NULL, NULL, 2854),
(2854, 87, 'Biaghat ', 'Active', 2854, 1456217166, 1, NULL, NULL, 2855),
(2855, 87, 'Chapila ', 'Active', 2855, 1456217166, 1, NULL, NULL, 2856),
(2856, 169, 'Goral ', 'Active', 2856, 1456217166, 1, NULL, NULL, 2857),
(2857, 379, 'Char Baria ', 'Active', 2857, 1456217166, 1, NULL, NULL, 2858),
(2858, 87, 'Tharabarisha ', 'Active', 2858, 1456217166, 1, NULL, NULL, 2859),
(2859, 87, 'Khubjipur ', 'Active', 2859, 1456217166, 1, NULL, NULL, 2860),
(2860, 169, 'Kakina ', 'Active', 2860, 1456217166, 1, NULL, NULL, 2861),
(2861, 87, 'Mushinda ', 'Active', 2861, 1456217166, 1, NULL, NULL, 2862),
(2862, 169, 'Madati ', 'Active', 2862, 1456217166, 1, NULL, NULL, 2863),
(2863, 87, 'Nazirpur ', 'Active', 2863, 1456217166, 1, NULL, NULL, 2864),
(2864, 166, 'Alampur', 'Active', 2864, 1456217166, 1, NULL, NULL, 2865),
(2865, 169, 'Tushbhandar ', 'Active', 2865, 1456217166, 1, NULL, NULL, 2866),
(2866, 88, 'Arbar ', 'Active', 2866, 1456217166, 1, NULL, NULL, 2867),
(2867, 166, 'Ikarchali', 'Active', 2867, 1456217166, 1, NULL, NULL, 2868),
(2868, 88, 'Bilmaria ', 'Active', 2868, 1456217166, 1, NULL, NULL, 2869),
(2869, 168, 'Barakhata ', 'Active', 2869, 1456217166, 1, NULL, NULL, 2870),
(2870, 166, 'Hariarkuthi', 'Active', 2870, 1456217166, 1, NULL, NULL, 2871),
(2871, 88, 'Chongdhupail ', 'Active', 2871, 1456217166, 1, NULL, NULL, 2872),
(2872, 166, 'Hariarkuthi', 'Active', 2872, 1456217166, 1, NULL, NULL, 2873),
(2873, 168, 'Bhelaguri ', 'Active', 2873, 1456217166, 1, NULL, NULL, 2874),
(2874, 379, 'Char Kowa ', 'Active', 2874, 1456217166, 1, NULL, NULL, 2875),
(2875, 166, 'Kursha', 'Active', 2875, 1456217166, 1, NULL, NULL, 2876),
(2876, 88, 'Duaria ', 'Active', 2876, 1456217166, 1, NULL, NULL, 2877),
(2877, 168, 'Dhauabari ', 'Active', 2877, 1456217166, 1, NULL, NULL, 2878),
(2878, 166, 'Sayar', 'Active', 2878, 1456217166, 1, NULL, NULL, 2879),
(2879, 88, 'Durduria ', 'Active', 2879, 1456217166, 1, NULL, NULL, 2880),
(2880, 379, 'Char Monai ', 'Active', 2880, 1456217166, 1, NULL, NULL, 2881),
(2881, 168, 'Goddimari ', 'Active', 2881, 1456217166, 1, NULL, NULL, 2882),
(2882, 88, 'Arjanpur Baramhati ', 'Active', 2882, 1456217166, 1, NULL, NULL, 2883),
(2883, 168, 'Gotamari ', 'Active', 2883, 1456217166, 1, NULL, NULL, 2884),
(2884, 88, 'Ishwardi ', 'Active', 2884, 1456217166, 1, NULL, NULL, 2885),
(2885, 379, 'Jagua ', 'Active', 2885, 1456217166, 1, NULL, NULL, 2886),
(2886, 168, 'Nowdabash ', 'Active', 2886, 1456217166, 1, NULL, NULL, 2887),
(2887, 88, 'Kadamchilan ', 'Active', 2887, 1456217166, 1, NULL, NULL, 2888),
(2888, 168, 'Patikapara ', 'Active', 2888, 1456217166, 1, NULL, NULL, 2889),
(2889, 168, 'Shingimari ', 'Active', 2889, 1456217166, 1, NULL, NULL, 2890),
(2890, 379, 'Kashipur ', 'Active', 2890, 1456217166, 1, NULL, NULL, 2891),
(2891, 159, 'Bishnupur', 'Active', 2891, 1456217166, 1, NULL, NULL, 2892),
(2892, 168, 'Sindurna ', 'Active', 2892, 1456217166, 1, NULL, NULL, 2893),
(2893, 159, 'Damodarpur', 'Active', 2893, 1456217166, 1, NULL, NULL, 2894),
(2894, 159, 'Gopalpur', 'Active', 2894, 1456217166, 1, NULL, NULL, 2895),
(2895, 159, 'Gopinathpur', 'Active', 2895, 1456217166, 1, NULL, NULL, 2896),
(2896, 168, 'Tongbhanga ', 'Active', 2896, 1456217166, 1, NULL, NULL, 2897),
(2897, 379, 'Roypasha Karapur ', 'Active', 2897, 1456217166, 1, NULL, NULL, 2898),
(2898, 159, 'Kutubpur', 'Active', 2898, 1456217166, 1, NULL, NULL, 2899),
(2899, 88, 'Kadamchilan ', 'Active', 2899, 1456217166, 1, NULL, NULL, 2900),
(2900, 159, 'Lohanipara', 'Active', 2900, 1456217166, 1, NULL, NULL, 2901),
(2901, 159, 'Madhupur', 'Active', 2901, 1456217166, 1, NULL, NULL, 2902),
(2902, 379, 'Shayestabad ', 'Active', 2902, 1456217166, 1, NULL, NULL, 2903),
(2903, 88, 'Lalpur ', 'Active', 2903, 1456217166, 1, NULL, NULL, 2904),
(2904, 167, 'Bhadai ', 'Active', 2904, 1456217166, 1, NULL, NULL, 2905),
(2905, 159, 'Radhanagar', 'Active', 2905, 1456217166, 1, NULL, NULL, 2906),
(2906, 159, 'Ramnathpur', 'Active', 2906, 1456217166, 1, NULL, NULL, 2907),
(2907, 159, 'Kalupara', 'Active', 2907, 1456217166, 1, NULL, NULL, 2908),
(2908, 88, 'Walia ', 'Active', 2908, 1456217166, 1, NULL, NULL, 2909),
(2909, 167, 'Bhelabari ', 'Active', 2909, 1456217166, 1, NULL, NULL, 2910),
(2910, 379, 'Tungibaria ', 'Active', 2910, 1456217166, 1, NULL, NULL, 2911),
(2911, 89, 'Baraharishpur ', 'Active', 2911, 1456217166, 1, NULL, NULL, 2912),
(2912, 167, 'Durgapur ', 'Active', 2912, 1456217166, 1, NULL, NULL, 2913),
(2913, 89, 'Biprabelgharia ', 'Active', 2913, 1456217166, 1, NULL, NULL, 2914),
(2914, 167, 'Kamalabari ', 'Active', 2914, 1456217166, 1, NULL, NULL, 2915),
(2915, 89, 'Brahmapur ', 'Active', 2915, 1456217166, 1, NULL, NULL, 2916),
(2916, 167, 'Mahishkhocha ', 'Active', 2916, 1456217166, 1, NULL, NULL, 2917),
(2917, 89, 'Chhatni ', 'Active', 2917, 1456217166, 1, NULL, NULL, 2918),
(2918, 167, 'Palshi ', 'Active', 2918, 1456217166, 1, NULL, NULL, 2919),
(2919, 89, 'Dighapotia ', 'Active', 2919, 1456217166, 1, NULL, NULL, 2920),
(2920, 167, 'Saptibari ', 'Active', 2920, 1456217166, 1, NULL, NULL, 2921),
(2921, 89, 'Halsa ', 'Active', 2921, 1456217166, 1, NULL, NULL, 2922),
(2922, 167, 'Sarpukur ', 'Active', 2922, 1456217166, 1, NULL, NULL, 2923),
(2923, 89, 'Kafuria ', 'Active', 2923, 1456217166, 1, NULL, NULL, 2924),
(2924, 89, 'Khajura ', 'Active', 2924, 1456217166, 1, NULL, NULL, 2925),
(2925, 89, 'Laxmipur Kholabaria ', 'Active', 2925, 1456217166, 1, NULL, NULL, 2926),
(2926, 89, 'Madhnagar ', 'Active', 2926, 1456217166, 1, NULL, NULL, 2927),
(2927, 89, 'Piprul ', 'Active', 2927, 1456217166, 1, NULL, NULL, 2928),
(2928, 5, 'Anulia', 'Active', 2928, 1456217166, 1, NULL, NULL, 2929),
(2929, 89, 'Tebaria ', 'Active', 2929, 1456217166, 1, NULL, NULL, 2930),
(2930, 5, 'Assasuni', 'Active', 2930, 1456217166, 1, NULL, NULL, 2931),
(2931, 5, 'Baradal', 'Active', 2931, 1456217166, 1, NULL, NULL, 2932),
(2932, 5, 'Badhhata', 'Active', 2932, 1456217166, 1, NULL, NULL, 2933),
(2933, 5, 'Dargahpur', 'Active', 2933, 1456217166, 1, NULL, NULL, 2934),
(2934, 5, 'Khajra', 'Active', 2934, 1456217166, 1, NULL, NULL, 2935),
(2935, 91, 'Chamari ', 'Active', 2935, 1456217166, 1, NULL, NULL, 2936),
(2936, 5, 'Kulla', 'Active', 2936, 1456217166, 1, NULL, NULL, 2937),
(2937, 5, 'Pratapnagar', 'Active', 2937, 1456217166, 1, NULL, NULL, 2938),
(2938, 5, 'Sobhnali', 'Active', 2938, 1456217166, 1, NULL, NULL, 2939),
(2939, 91, 'Chhatardighi ', 'Active', 2939, 1456217166, 1, NULL, NULL, 2940),
(2940, 5, 'Sreeula', 'Active', 2940, 1456217166, 1, NULL, NULL, 2941),
(2941, 5, 'Kadakati', 'Active', 2941, 1456217166, 1, NULL, NULL, 2942),
(2942, 91, 'Chowgram ', 'Active', 2942, 1456217166, 1, NULL, NULL, 2943),
(2943, 91, 'Dahia ', 'Active', 2943, 1456217166, 1, NULL, NULL, 2944),
(2944, 91, 'Hatiandaha ', 'Active', 2944, 1456217166, 1, NULL, NULL, 2945),
(2945, 91, 'Italy ', 'Active', 2945, 1456217166, 1, NULL, NULL, 2946),
(2946, 91, 'Kalom ', 'Active', 2946, 1456217166, 1, NULL, NULL, 2947),
(2947, 91, 'Lalore ', 'Active', 2947, 1456217166, 1, NULL, NULL, 2948),
(2948, 6, 'Debhata', 'Active', 2948, 1456217166, 1, NULL, NULL, 2949),
(2949, 6, 'Kulia', 'Active', 2949, 1456217166, 1, NULL, NULL, 2950),
(2950, 91, 'Ramananda Khajura ', 'Active', 2950, 1456217166, 1, NULL, NULL, 2951),
(2951, 6, 'Noapara', 'Active', 2951, 1456217166, 1, NULL, NULL, 2952),
(2952, 133, 'Barail ', 'Active', 2952, 1456217166, 1, NULL, NULL, 2953),
(2953, 6, 'Parulia', 'Active', 2953, 1456217166, 1, NULL, NULL, 2954),
(2954, 6, 'Sakhipur', 'Active', 2954, 1456217166, 1, NULL, NULL, 2955),
(2955, 91, 'Sherkole ', 'Active', 2955, 1456217166, 1, NULL, NULL, 2956),
(2956, 91, 'Tajpur ', 'Active', 2956, 1456217166, 1, NULL, NULL, 2957),
(2957, 91, 'Sukash ', 'Active', 2957, 1456217166, 1, NULL, NULL, 2958),
(2958, 4, 'Chandanpur', 'Active', 2958, 1456217166, 1, NULL, NULL, 2959),
(2959, 4, 'Deara', 'Active', 2959, 1456217166, 1, NULL, NULL, 2960),
(2960, 4, 'Koyla', 'Active', 2960, 1456217166, 1, NULL, NULL, 2961),
(2961, 4, 'Helatola', 'Active', 2961, 1456217166, 1, NULL, NULL, 2962),
(2962, 4, 'Jalalabad', 'Active', 2962, 1456217166, 1, NULL, NULL, 2963),
(2963, 4, 'Joynagar', 'Active', 2963, 1456217166, 1, NULL, NULL, 2964),
(2964, 4, 'Jugikhali', 'Active', 2964, 1456217166, 1, NULL, NULL, 2965),
(2965, 4, 'Keralkata', 'Active', 2965, 1456217166, 1, NULL, NULL, 2966),
(2966, 4, 'Kushadanga', 'Active', 2966, 1456217166, 1, NULL, NULL, 2967),
(2967, 4, 'Langoljhara', 'Active', 2967, 1456217166, 1, NULL, NULL, 2968),
(2968, 4, 'Sonabaria', 'Active', 2968, 1456217166, 1, NULL, NULL, 2969),
(2969, 34, 'Bunagati ', 'Active', 2969, 1456217166, 1, NULL, NULL, 2970),
(2970, 264, 'Asujia ', 'Active', 2970, 1456217166, 1, NULL, NULL, 2971),
(2971, 34, 'Dhaneshwargati ', 'Active', 2971, 1456217166, 1, NULL, NULL, 2972),
(2972, 34, 'Gangarampur ', 'Active', 2972, 1456217166, 1, NULL, NULL, 2973),
(2973, 34, 'Shalikha ', 'Active', 2973, 1456217166, 1, NULL, NULL, 2974),
(2974, 34, 'Shatakhali ', 'Active', 2974, 1456217166, 1, NULL, NULL, 2975),
(2975, 34, 'Talkhari ', 'Active', 2975, 1456217166, 1, NULL, NULL, 2976),
(2976, 203, 'Pubail ', 'Active', 2976, 1456217166, 1, NULL, NULL, 2977),
(2977, 7, 'Bharasimla', 'Active', 2977, 1456217166, 1, NULL, NULL, 2978),
(2978, 7, 'Bishnupur', 'Active', 2978, 1456217166, 1, NULL, NULL, 2979),
(2979, 7, 'Champaphul', 'Active', 2979, 1456217166, 1, NULL, NULL, 2980),
(2980, 7, 'Dakshinsreepur', 'Active', 2980, 1456217166, 1, NULL, NULL, 2981),
(2981, 7, 'Dhalbaria', 'Active', 2981, 1456217166, 1, NULL, NULL, 2982),
(2982, 7, 'Krishnanagar', 'Active', 2982, 1456217166, 1, NULL, NULL, 2983),
(2983, 7, 'Kushlia', 'Active', 2983, 1456217166, 1, NULL, NULL, 2984),
(2984, 7, 'Mathureshpur', 'Active', 2984, 1456217166, 1, NULL, NULL, 2985),
(2985, 7, 'Motala', 'Active', 2985, 1456217166, 1, NULL, NULL, 2986),
(2986, 7, 'Nalta', 'Active', 2986, 1456217166, 1, NULL, NULL, 2987),
(2987, 7, 'Ratanpur', 'Active', 2987, 1456217166, 1, NULL, NULL, 2988),
(2988, 7, 'Tarali', 'Active', 2988, 1456217166, 1, NULL, NULL, 2989),
(2989, 401, 'Alinagar ', 'Active', 2989, 1456217166, 1, NULL, NULL, 2990),
(2990, 401, 'Bapta ', 'Active', 2990, 1456217166, 1, NULL, NULL, 2991),
(2991, 401, 'Char Syamaia ', 'Active', 2991, 1456217166, 1, NULL, NULL, 2992),
(2992, 401, 'Shibpur ', 'Active', 2992, 1456217166, 1, NULL, NULL, 2993),
(2993, 401, 'Dhania ', 'Active', 2993, 1456217166, 1, NULL, NULL, 2994),
(2994, 401, 'Illisha ', 'Active', 2994, 1456217166, 1, NULL, NULL, 2995),
(2995, 2, 'Alipur', 'Active', 2995, 1456217166, 1, NULL, NULL, 2996),
(2996, 401, 'Illisha Paschim ', 'Active', 2996, 1456217166, 1, NULL, NULL, 2997),
(2997, 2, 'Agordari', 'Active', 2997, 1456217166, 1, NULL, NULL, 2998),
(2998, 2, 'Bekari', 'Active', 2998, 1456217166, 1, NULL, NULL, 2999),
(2999, 2, 'Bolli', 'Active', 2999, 1456217166, 1, NULL, NULL, 3000),
(3000, 2, 'Banshdaha', 'Active', 3000, 1456217166, 1, NULL, NULL, 3001),
(3001, 401, 'Kachia ', 'Active', 3001, 1456217166, 1, NULL, NULL, 3002),
(3002, 2, 'Bhomra', 'Active', 3002, 1456217166, 1, NULL, NULL, 3003),
(3003, 264, 'Balaishimul ', 'Active', 3003, 1456217166, 1, NULL, NULL, 3004),
(3004, 2, 'Bramharajpur', 'Active', 3004, 1456217166, 1, NULL, NULL, 3005),
(3005, 2, 'Fingri', 'Active', 3005, 1456217166, 1, NULL, NULL, 3006),
(3006, 401, 'Uttar Dighaldi ', 'Active', 3006, 1456217166, 1, NULL, NULL, 3007),
(3007, 2, 'Dhulihar', 'Active', 3007, 1456217166, 1, NULL, NULL, 3008),
(3008, 2, 'Ghona', 'Active', 3008, 1456217166, 1, NULL, NULL, 3009),
(3009, 2, 'Jhaudanga', 'Active', 3009, 1456217166, 1, NULL, NULL, 3010),
(3010, 264, 'Chirang ', 'Active', 3010, 1456217166, 1, NULL, NULL, 3011),
(3011, 2, 'Kuskhali', 'Active', 3011, 1456217166, 1, NULL, NULL, 3012),
(3012, 401, 'Rajapur ', 'Active', 3012, 1456217166, 1, NULL, NULL, 3013),
(3013, 2, 'Labsa', 'Active', 3013, 1456217166, 1, NULL, NULL, 3014),
(3014, 2, 'Shibpur', 'Active', 3014, 1456217166, 1, NULL, NULL, 3015),
(3015, 401, 'Dakshin Dighaldi ', 'Active', 3015, 1456217166, 1, NULL, NULL, 3016),
(3016, 264, 'Dalpa ', 'Active', 3016, 1456217166, 1, NULL, NULL, 3017),
(3017, 401, 'Bheduria ', 'Active', 3017, 1456217166, 1, NULL, NULL, 3018),
(3018, 264, 'Garadoba ', 'Active', 3018, 1456217166, 1, NULL, NULL, 3019),
(3019, 264, 'Ganda ', 'Active', 3019, 1456217166, 1, NULL, NULL, 3020),
(3020, 401, 'Velumia ', 'Active', 3020, 1456217166, 1, NULL, NULL, 3021),
(3021, 264, 'Kandiura ', 'Active', 3021, 1456217166, 1, NULL, NULL, 3022),
(3022, 264, 'Mashka ', 'Active', 3022, 1456217166, 1, NULL, NULL, 3023),
(3023, 8, 'Atulia', 'Active', 3023, 1456217166, 1, NULL, NULL, 3024),
(3024, 8, 'Surulia', 'Active', 3024, 1456217166, 1, NULL, NULL, 3025),
(3025, 264, 'Muzaffarpur ', 'Active', 3025, 1456217166, 1, NULL, NULL, 3026),
(3026, 8, 'Burigoalini', 'Active', 3026, 1456217166, 1, NULL, NULL, 3027),
(3027, 8, 'Gabura', 'Active', 3027, 1456217166, 1, NULL, NULL, 3028),
(3028, 264, 'Noapara ', 'Active', 3028, 1456217166, 1, NULL, NULL, 3029),
(3029, 8, 'Ishwaripur', 'Active', 3029, 1456217166, 1, NULL, NULL, 3030),
(3030, 8, 'Koikhali', 'Active', 3030, 1456217166, 1, NULL, NULL, 3031),
(3031, 264, 'Paikura ', 'Active', 3031, 1456217166, 1, NULL, NULL, 3032),
(3032, 8, 'Kashimari', 'Active', 3032, 1456217166, 1, NULL, NULL, 3033),
(3033, 264, 'Roailbari ', 'Active', 3033, 1456217166, 1, NULL, NULL, 3034),
(3034, 264, 'Sandikona ', 'Active', 3034, 1456217166, 1, NULL, NULL, 3035),
(3035, 264, 'Baniajan ', 'Active', 3035, 1456217166, 1, NULL, NULL, 3036),
(3036, 8, 'Munshiganj', 'Active', 3036, 1456217166, 1, NULL, NULL, 3037),
(3037, 8, 'Nurnagar', 'Active', 3037, 1456217166, 1, NULL, NULL, 3038),
(3038, 264, 'Duaz ', 'Active', 3038, 1456217166, 1, NULL, NULL, 3039),
(3039, 8, 'Padmapukur', 'Active', 3039, 1456217166, 1, NULL, NULL, 3040),
(3040, 8, 'Ramjannagar', 'Active', 3040, 1456217166, 1, NULL, NULL, 3041),
(3041, 264, 'Loneshwar ', 'Active', 3041, 1456217166, 1, NULL, NULL, 3042),
(3042, 8, 'Shyamnagar', 'Active', 3042, 1456217166, 1, NULL, NULL, 3043),
(3043, 259, 'Sawarmusia ', 'Active', 3043, 1456217166, 1, NULL, NULL, 3044),
(3044, 264, 'Sukhari ', 'Active', 3044, 1456217166, 1, NULL, NULL, 3045),
(3045, 264, 'Sunai ', 'Active', 3045, 1456217166, 1, NULL, NULL, 3046),
(3046, 264, 'Teligati ', 'Active', 3046, 1456217166, 1, NULL, NULL, 3047),
(3047, 259, 'Asma ', 'Active', 3047, 1456217166, 1, NULL, NULL, 3048),
(3048, 288, 'Balaganj ', 'Active', 3048, 1456217166, 1, NULL, NULL, 3049),
(3049, 288, 'Boaljur ', 'Active', 3049, 1456217166, 1, NULL, NULL, 3050),
(3050, 288, 'Buronga Bazar ', 'Active', 3050, 1456217166, 1, NULL, NULL, 3051),
(3051, 260, 'Barhatta ', 'Active', 3051, 1456217166, 1, NULL, NULL, 3052),
(3052, 288, 'Dayamir ', 'Active', 3052, 1456217166, 1, NULL, NULL, 3053),
(3053, 260, 'Bausi ', 'Active', 3053, 1456217166, 1, NULL, NULL, 3054),
(3054, 288, 'Dewan Bazar ', 'Active', 3054, 1456217166, 1, NULL, NULL, 3055),
(3055, 260, 'Chhiram ', 'Active', 3055, 1456217166, 1, NULL, NULL, 3056),
(3056, 3, 'Dhandia', 'Active', 3056, 1456217166, 1, NULL, NULL, 3057),
(3057, 403, 'Aminabad ', 'Active', 3057, 1456217166, 1, NULL, NULL, 3058),
(3058, 260, 'Roypur ', 'Active', 3058, 1456217166, 1, NULL, NULL, 3059),
(3059, 3, 'Islamkati', 'Active', 3059, 1456217166, 1, NULL, NULL, 3060),
(3060, 288, 'Goal Bazar ', 'Active', 3060, 1456217166, 1, NULL, NULL, 3061),
(3061, 3, 'Jalalpur', 'Active', 3061, 1456217166, 1, NULL, NULL, 3062),
(3062, 260, 'Sahata ', 'Active', 3062, 1456217166, 1, NULL, NULL, 3063),
(3063, 3, 'Khalilnagar', 'Active', 3063, 1456217166, 1, NULL, NULL, 3064),
(3064, 3, 'Khaliskhali', 'Active', 3064, 1456217166, 1, NULL, NULL, 3065),
(3065, 260, 'Singdha ', 'Active', 3065, 1456217166, 1, NULL, NULL, 3066),
(3066, 288, 'Omarpur ', 'Active', 3066, 1456217166, 1, NULL, NULL, 3067),
(3067, 3, 'Khesra', 'Active', 3067, 1456217166, 1, NULL, NULL, 3068),
(3068, 3, 'Kumira', 'Active', 3068, 1456217166, 1, NULL, NULL, 3069),
(3069, 3, 'Magura', 'Active', 3069, 1456217166, 1, NULL, NULL, 3070),
(3070, 403, '  Aslampur ', 'Active', 3070, 1456217166, 1, NULL, NULL, 3071),
(3071, 3, 'Nagarghata', 'Active', 3071, 1456217166, 1, NULL, NULL, 3072),
(3072, 288, 'Osmanpur ', 'Active', 3072, 1456217166, 1, NULL, NULL, 3073),
(3073, 3, 'Sarulia', 'Active', 3073, 1456217166, 1, NULL, NULL, 3074),
(3074, 3, 'Tala', 'Active', 3074, 1456217166, 1, NULL, NULL, 3075),
(3075, 3, 'Tentulia', 'Active', 3075, 1456217166, 1, NULL, NULL, 3076),
(3076, 403, 'Char Kalmi ', 'Active', 3076, 1456217166, 1, NULL, NULL, 3077),
(3077, 403, 'Char Madras ', 'Active', 3077, 1456217166, 1, NULL, NULL, 3078),
(3078, 261, 'Bakaljora ', 'Active', 3078, 1456217166, 1, NULL, NULL, 3079),
(3079, 261, 'Birisiri ', 'Active', 3079, 1456217166, 1, NULL, NULL, 3080),
(3080, 403, 'Char Manika ', 'Active', 3080, 1456217166, 1, NULL, NULL, 3081),
(3081, 261, 'Chandigarh ', 'Active', 3081, 1456217166, 1, NULL, NULL, 3082),
(3082, 403, 'Hazariganj ', 'Active', 3082, 1456217166, 1, NULL, NULL, 3083),
(3083, 261, 'Durgapur ', 'Active', 3083, 1456217166, 1, NULL, NULL, 3084),
(3084, 403, 'Jinnaghar ', 'Active', 3084, 1456217166, 1, NULL, NULL, 3085),
(3085, 261, 'Gawakandi ', 'Active', 3085, 1456217166, 1, NULL, NULL, 3086),
(3086, 403, 'Kukuri-Mukuri ', 'Active', 3086, 1456217166, 1, NULL, NULL, 3087),
(3087, 261, 'Kakairgara ', 'Active', 3087, 1456217166, 1, NULL, NULL, 3088),
(3088, 261, 'Kullagara ', 'Active', 3088, 1456217166, 1, NULL, NULL, 3089),
(3089, 403, 'Nilkamal ', 'Active', 3089, 1456217166, 1, NULL, NULL, 3090),
(3090, 288, 'Pashchim Gauripur ', 'Active', 3090, 1456217166, 1, NULL, NULL, 3091),
(3091, 403, 'Nurabad ', 'Active', 3091, 1456217166, 1, NULL, NULL, 3092),
(3092, 288, 'Purba Pawlanpur ', 'Active', 3092, 1456217166, 1, NULL, NULL, 3093),
(3093, 263, 'Bara Khapan ', 'Active', 3093, 1456217166, 1, NULL, NULL, 3094),
(3094, 403, 'Osmanganj ', 'Active', 3094, 1456217166, 1, NULL, NULL, 3095),
(3095, 263, 'Kailati ', 'Active', 3095, 1456217166, 1, NULL, NULL, 3096),
(3096, 288, 'Purba Gauripur ', 'Active', 3096, 1456217166, 1, NULL, NULL, 3097),
(3097, 403, 'Rasulpur ', 'Active', 3097, 1456217166, 1, NULL, NULL, 3098),
(3098, 263, 'Kalmakanda ', 'Active', 3098, 1456217166, 1, NULL, NULL, 3099),
(3099, 403, 'Eajpur ', 'Active', 3099, 1456217166, 1, NULL, NULL, 3100),
(3100, 288, 'Sadipur ', 'Active', 3100, 1456217166, 1, NULL, NULL, 3101),
(3101, 263, 'Kharnai ', 'Active', 3101, 1456217166, 1, NULL, NULL, 3102),
(3102, 403, 'Jahanpur ', 'Active', 3102, 1456217166, 1, NULL, NULL, 3103),
(3103, 263, 'Lengura ', 'Active', 3103, 1456217166, 1, NULL, NULL, 3104),
(3104, 288, 'Tajpur ', 'Active', 3104, 1456217166, 1, NULL, NULL, 3105),
(3105, 403, 'Abdullahpur ', 'Active', 3105, 1456217166, 1, NULL, NULL, 3106),
(3106, 263, 'Nazirpur ', 'Active', 3106, 1456217166, 1, NULL, NULL, 3107),
(3107, 288, 'Pashchim Pawlanpur ', 'Active', 3107, 1456217166, 1, NULL, NULL, 3108),
(3108, 263, 'Pogla ', 'Active', 3108, 1456217166, 1, NULL, NULL, 3109),
(3109, 403, 'Abubakarpur ', 'Active', 3109, 1456217166, 1, NULL, NULL, 3110),
(3110, 263, 'Rangchhati ', 'Active', 3110, 1456217166, 1, NULL, NULL, 3111),
(3111, 403, 'Nazrul Nagar ', 'Active', 3111, 1456217166, 1, NULL, NULL, 3112),
(3112, 265, 'Fatehpur ', 'Active', 3112, 1456217166, 1, NULL, NULL, 3113),
(3113, 289, 'Alinagar ', 'Active', 3113, 1456217166, 1, NULL, NULL, 3114),
(3114, 403, 'Mujib Nagar ', 'Active', 3114, 1456217166, 1, NULL, NULL, 3115),
(3115, 265, 'Gobindasree ', 'Active', 3115, 1456217166, 1, NULL, NULL, 3116),
(3116, 289, 'mollahpur ', 'Active', 3116, 1456217166, 1, NULL, NULL, 3117),
(3117, 265, 'Kaitail ', 'Active', 3117, 1456217166, 1, NULL, NULL, 3118),
(3118, 425, 'Arshinagar', 'Active', 3118, 1456217166, 1, NULL, NULL, 3119),
(3119, 403, 'Dhalchar ', 'Active', 3119, 1456217166, 1, NULL, NULL, 3120),
(3120, 265, 'Madan ', 'Active', 3120, 1456217166, 1, NULL, NULL, 3121),
(3121, 425, 'Char Bhaga', 'Active', 3121, 1456217166, 1, NULL, NULL, 3122),
(3122, 289, 'Charkhai ', 'Active', 3122, 1456217166, 1, NULL, NULL, 3123),
(3123, 425, 'Char Kumaria', 'Active', 3123, 1456217166, 1, NULL, NULL, 3124),
(3124, 425, 'Chhaygaon', 'Active', 3124, 1456217166, 1, NULL, NULL, 3125),
(3125, 265, 'Maghan ', 'Active', 3125, 1456217166, 1, NULL, NULL, 3126),
(3126, 425, 'D.M. Khali', 'Active', 3126, 1456217166, 1, NULL, NULL, 3127),
(3127, 289, 'Dubag ', 'Active', 3127, 1456217166, 1, NULL, NULL, 3128),
(3128, 265, 'Nayekpur ', 'Active', 3128, 1456217166, 1, NULL, NULL, 3129),
(3129, 425, 'Kanchikata', 'Active', 3129, 1456217166, 1, NULL, NULL, 3130),
(3130, 425, 'Mahisar', 'Active', 3130, 1456217166, 1, NULL, NULL, 3131),
(3131, 265, 'Tiasree ', 'Active', 3131, 1456217166, 1, NULL, NULL, 3132),
(3132, 425, 'Narayanpur', 'Active', 3132, 1456217166, 1, NULL, NULL, 3133),
(3133, 425, 'Rambhadrapur', 'Active', 3133, 1456217166, 1, NULL, NULL, 3134),
(3134, 289, 'Kurar Bazar ', 'Active', 3134, 1456217166, 1, NULL, NULL, 3135),
(3135, 265, 'Changaon ', 'Active', 3135, 1456217166, 1, NULL, NULL, 3136),
(3136, 425, 'Sakhipur', 'Active', 3136, 1456217166, 1, NULL, NULL, 3137),
(3137, 405, 'Paschim Char Umed ', 'Active', 3137, 1456217166, 1, NULL, NULL, 3138),
(3138, 425, 'Tarabunia (U)', 'Active', 3138, 1456217166, 1, NULL, NULL, 3139),
(3139, 266, 'Bara kashia Birampur ', 'Active', 3139, 1456217166, 1, NULL, NULL, 3140),
(3140, 425, 'Tarabunia (D)', 'Active', 3140, 1456217166, 1, NULL, NULL, 3141),
(3141, 289, 'Lauta ', 'Active', 3141, 1456217166, 1, NULL, NULL, 3142),
(3142, 405, 'Badarpur ', 'Active', 3142, 1456217166, 1, NULL, NULL, 3143),
(3143, 425, 'Char Sensus', 'Active', 3143, 1456217166, 1, NULL, NULL, 3144),
(3144, 266, 'Baratali Banihari ', 'Active', 3144, 1456217166, 1, NULL, NULL, 3145),
(3145, 405, 'Char Bhuta ', 'Active', 3145, 1456217166, 1, NULL, NULL, 3146),
(3146, 266, 'Gaglajore ', 'Active', 3146, 1456217166, 1, NULL, NULL, 3147),
(3147, 289, 'Mathiura ', 'Active', 3147, 1456217166, 1, NULL, NULL, 3148),
(3148, 403, 'Dhali Gaurnagar ', 'Active', 3148, 1456217166, 1, NULL, NULL, 3149),
(3149, 266, 'Maghan Siadhar ', 'Active', 3149, 1456217166, 1, NULL, NULL, 3150),
(3150, 289, 'Muria ', 'Active', 3150, 1456217166, 1, NULL, NULL, 3151),
(3151, 405, 'Farazganj ', 'Active', 3151, 1456217166, 1, NULL, NULL, 3152),
(3152, 266, 'Samaj Sahildeo ', 'Active', 3152, 1456217166, 1, NULL, NULL, 3153),
(3153, 266, 'Suair ', 'Active', 3153, 1456217166, 1, NULL, NULL, 3154),
(3154, 405, 'Kalma ', 'Active', 3154, 1456217166, 1, NULL, NULL, 3155),
(3155, 289, 'Sheola ', 'Active', 3155, 1456217166, 1, NULL, NULL, 3156),
(3156, 266, 'Tentulia ', 'Active', 3156, 1456217166, 1, NULL, NULL, 3157),
(3157, 289, 'Tilpara ', 'Active', 3157, 1456217166, 1, NULL, NULL, 3158),
(3158, 405, 'Lalmohan ', 'Active', 3158, 1456217166, 1, NULL, NULL, 3159),
(3159, 426, 'Islampur', 'Active', 3159, 1456217166, 1, NULL, NULL, 3160),
(3160, 426, 'Darul Aman', 'Active', 3160, 1456217166, 1, NULL, NULL, 3161),
(3161, 405, 'Lord Hardinge ', 'Active', 3161, 1456217166, 1, NULL, NULL, 3162),
(3162, 426, 'Dhankati', 'Active', 3162, 1456217166, 1, NULL, NULL, 3163),
(3163, 426, 'Kaneshwar', 'Active', 3163, 1456217166, 1, NULL, NULL, 3164),
(3164, 426, 'Purba Damudya', 'Active', 3164, 1456217166, 1, NULL, NULL, 3165),
(3165, 426, 'Sidulkura', 'Active', 3165, 1456217166, 1, NULL, NULL, 3166),
(3166, 426, 'Sidya', 'Active', 3166, 1456217166, 1, NULL, NULL, 3167),
(3167, 405, 'Ramaganj ', 'Active', 3167, 1456217166, 1, NULL, NULL, 3168),
(3168, 267, 'Amtala ', 'Active', 3168, 1456217166, 1, NULL, NULL, 3169),
(3169, 267, 'Challisha ', 'Active', 3169, 1456217166, 1, NULL, NULL, 3170),
(3170, 267, 'Dakshin Bishiura ', 'Active', 3170, 1456217166, 1, NULL, NULL, 3171),
(3171, 427, 'Gariber Char', 'Active', 3171, 1456217166, 1, NULL, NULL, 3172),
(3172, 427, 'Idilpur', 'Active', 3172, 1456217166, 1, NULL, NULL, 3173),
(3173, 406, 'Hajirhat ', 'Active', 3173, 1456217166, 1, NULL, NULL, 3174),
(3174, 427, 'Kodalpur', 'Active', 3174, 1456217166, 1, NULL, NULL, 3175),
(3175, 267, 'Kailati ', 'Active', 3175, 1456217166, 1, NULL, NULL, 3176),
(3176, 427, 'Nagerpara', 'Active', 3176, 1456217166, 1, NULL, NULL, 3177),
(3177, 267, 'Kaliara Gabragati ', 'Active', 3177, 1456217166, 1, NULL, NULL, 3178),
(3178, 427, 'Nalmuri', 'Active', 3178, 1456217166, 1, NULL, NULL, 3179),
(3179, 427, 'Samantasar', 'Active', 3179, 1456217166, 1, NULL, NULL, 3180),
(3180, 406, 'Manpura ', 'Active', 3180, 1456217166, 1, NULL, NULL, 3181),
(3181, 427, 'Gosairhat', 'Active', 3181, 1456217166, 1, NULL, NULL, 3182),
(3182, 267, 'Laxmiganj ', 'Active', 3182, 1456217166, 1, NULL, NULL, 3183),
(3183, 267, 'Madanpur ', 'Active', 3183, 1456217166, 1, NULL, NULL, 3184),
(3184, 406, 'Sakuchia ', 'Active', 3184, 1456217166, 1, NULL, NULL, 3185),
(3185, 267, 'Medni ', 'Active', 3185, 1456217166, 1, NULL, NULL, 3186),
(3186, 267, 'Maugati ', 'Active', 3186, 1456217166, 1, NULL, NULL, 3187),
(3187, 407, 'Bara Malanchara ', 'Active', 3187, 1456217166, 1, NULL, NULL, 3188),
(3188, 267, 'Rauha ', 'Active', 3188, 1456217166, 1, NULL, NULL, 3189),
(3189, 407, 'Chanchra ', 'Active', 3189, 1456217166, 1, NULL, NULL, 3190),
(3190, 267, 'Singher Bangla ', 'Active', 3190, 1456217166, 1, NULL, NULL, 3191),
(3191, 267, 'Thakurakona ', 'Active', 3191, 1456217166, 1, NULL, NULL, 3192),
(3192, 407, 'Chandpur ', 'Active', 3192, 1456217166, 1, NULL, NULL, 3193),
(3193, 407, 'Sonapur ', 'Active', 3193, 1456217166, 1, NULL, NULL, 3194),
(3194, 268, 'Agia ', 'Active', 3194, 1456217166, 1, NULL, NULL, 3195),
(3195, 268, 'Bairati ', 'Active', 3195, 1456217166, 1, NULL, NULL, 3196),
(3196, 407, 'Shambhupur ', 'Active', 3196, 1456217166, 1, NULL, NULL, 3197),
(3197, 268, 'Bishkakunia ', 'Active', 3197, 1456217166, 1, NULL, NULL, 3198),
(3198, 268, 'Dhala Mulgaon ', 'Active', 3198, 1456217166, 1, NULL, NULL, 3199),
(3199, 404, 'Char Khalifa ', 'Active', 3199, 1456217166, 1, NULL, NULL, 3200),
(3200, 268, 'Ghagra ', 'Active', 3200, 1456217166, 1, NULL, NULL, 3201),
(3201, 404, 'Char Pata ', 'Active', 3201, 1456217166, 1, NULL, NULL, 3202),
(3202, 268, 'Gohalakanda ', 'Active', 3202, 1456217166, 1, NULL, NULL, 3203),
(3203, 404, 'Hajipur ', 'Active', 3203, 1456217166, 1, NULL, NULL, 3204),
(3204, 268, 'Hogla ', 'Active', 3204, 1456217166, 1, NULL, NULL, 3205),
(3205, 268, 'Jaria ', 'Active', 3205, 1456217166, 1, NULL, NULL, 3206),
(3206, 404, 'Madonpur ', 'Active', 3206, 1456217166, 1, NULL, NULL, 3207),
(3207, 268, 'Khalishaur ', 'Active', 3207, 1456217166, 1, NULL, NULL, 3208),
(3208, 404, 'Uttar Joynagar ', 'Active', 3208, 1456217166, 1, NULL, NULL, 3209),
(3209, 268, 'Narandia ', 'Active', 3209, 1456217166, 1, NULL, NULL, 3210),
(3210, 268, 'Purbadhala ', 'Active', 3210, 1456217166, 1, NULL, NULL, 3211),
(3211, 404, 'Dakshin Joynagar ', 'Active', 3211, 1456217166, 1, NULL, NULL, 3212),
(3212, 262, 'Chakua ', 'Active', 3212, 1456217166, 1, NULL, NULL, 3213),
(3213, 404, 'Sayeddpur ', 'Active', 3213, 1456217166, 1, NULL, NULL, 3214),
(3214, 431, 'Bara Gopalpur', 'Active', 3214, 1456217166, 1, NULL, NULL, 3215),
(3215, 431, 'Barakandi', 'Active', 3215, 1456217166, 1, NULL, NULL, 3216),
(3216, 404, 'Medua ', 'Active', 3216, 1456217166, 1, NULL, NULL, 3217),
(3217, 262, 'Khaliajuri ', 'Active', 3217, 1456217166, 1, NULL, NULL, 3218),
(3218, 431, 'Bilaspur', 'Active', 3218, 1456217166, 1, NULL, NULL, 3219),
(3219, 431, 'Joynagar', 'Active', 3219, 1456217166, 1, NULL, NULL, 3220),
(3220, 262, 'Krishnapur ', 'Active', 3220, 1456217166, 1, NULL, NULL, 3221),
(3221, 431, 'Kunder Char', 'Active', 3221, 1456217166, 1, NULL, NULL, 3222),
(3222, 431, 'Mulna', 'Active', 3222, 1456217166, 1, NULL, NULL, 3223),
(3223, 404, 'Bhabanipur ', 'Active', 3223, 1456217166, 1, NULL, NULL, 3224),
(3224, 431, 'Naodoba', 'Active', 3224, 1456217166, 1, NULL, NULL, 3225),
(3225, 262, 'Mendipur ', 'Active', 3225, 1456217166, 1, NULL, NULL, 3226),
(3226, 431, 'Paler Char', 'Active', 3226, 1456217166, 1, NULL, NULL, 3227),
(3227, 431, 'Purba Naodoba', 'Active', 3227, 1456217166, 1, NULL, NULL, 3228),
(3228, 262, 'Nagar ', 'Active', 3228, 1456217166, 1, NULL, NULL, 3229),
(3229, 431, 'Sener Char', 'Active', 3229, 1456217166, 1, NULL, NULL, 3230),
(3230, 431, 'Zanjira', 'Active', 3230, 1456217166, 1, NULL, NULL, 3231),
(3231, 262, 'Gazipur ', 'Active', 3231, 1456217166, 1, NULL, NULL, 3232),
(3232, 431, 'B. K. Nagar', 'Active', 3232, 1456217166, 1, NULL, NULL, 3233),
(3233, 402, 'Bara Manika ', 'Active', 3233, 1456217166, 1, NULL, NULL, 3234),
(3234, 402, 'Deula ', 'Active', 3234, 1456217166, 1, NULL, NULL, 3235),
(3235, 482, 'Amanullah ', 'Active', 3235, 1456217166, 1, NULL, NULL, 3236),
(3236, 482, 'Azimpur ', 'Active', 3236, 1456217166, 1, NULL, NULL, 3237),
(3237, 339, 'Ashwadia ', 'Active', 3237, 1456217166, 1, NULL, NULL, 3238),
(3238, 482, 'Bauria ', 'Active', 3238, 1456217166, 1, NULL, NULL, 3239),
(3239, 429, 'Bhojeshwar', 'Active', 3239, 1456217166, 1, NULL, NULL, 3240),
(3240, 482, 'Gachhua ', 'Active', 3240, 1456217166, 1, NULL, NULL, 3241),
(3241, 339, 'Batya ', 'Active', 3241, 1456217166, 1, NULL, NULL, 3242),
(3242, 429, 'Bhumkhara', 'Active', 3242, 1456217166, 1, NULL, NULL, 3243),
(3243, 429, 'Bijhari', 'Active', 3243, 1456217166, 1, NULL, NULL, 3244),
(3244, 482, 'Haramia ', 'Active', 3244, 1456217166, 1, NULL, NULL, 3245),
(3245, 339, 'Binodpur ', 'Active', 3245, 1456217166, 1, NULL, NULL, 3246),
(3246, 429, 'Chamta', 'Active', 3246, 1456217166, 1, NULL, NULL, 3247),
(3247, 429, 'Char Atra', 'Active', 3247, 1456217166, 1, NULL, NULL, 3248),
(3248, 339, 'Char Matua ', 'Active', 3248, 1456217166, 1, NULL, NULL, 3249),
(3249, 482, 'Harispur ', 'Active', 3249, 1456217166, 1, NULL, NULL, 3250),
(3250, 429, 'Dinga Manik', 'Active', 3250, 1456217166, 1, NULL, NULL, 3251),
(3251, 402, 'Gangapur ', 'Active', 3251, 1456217166, 1, NULL, NULL, 3252),
(3252, 429, 'Fatejangapur', 'Active', 3252, 1456217166, 1, NULL, NULL, 3253),
(3253, 339, 'Dadpur ', 'Active', 3253, 1456217166, 1, NULL, NULL, 3254),
(3254, 482, 'Kalapania ', 'Active', 3254, 1456217166, 1, NULL, NULL, 3255),
(3255, 429, 'Gharisar', 'Active', 3255, 1456217166, 1, NULL, NULL, 3256),
(3256, 429, 'Japsa', 'Active', 3256, 1456217166, 1, NULL, NULL, 3257),
(3257, 402, 'Hassan Nagar ', 'Active', 3257, 1456217166, 1, NULL, NULL, 3258),
(3258, 339, 'Ewazbalia ', 'Active', 3258, 1456217166, 1, NULL, NULL, 3259),
(3259, 482, 'Magdhara ', 'Active', 3259, 1456217166, 1, NULL, NULL, 3260),
(3260, 429, 'Kedarpur', 'Active', 3260, 1456217166, 1, NULL, NULL, 3261),
(3261, 429, 'Moktarerchar', 'Active', 3261, 1456217166, 1, NULL, NULL, 3262),
(3262, 339, 'Ghoshbag ', 'Active', 3262, 1456217166, 1, NULL, NULL, 3263),
(3263, 482, 'Maitbhanga ', 'Active', 3263, 1456217166, 1, NULL, NULL, 3264),
(3264, 429, 'Nashason', 'Active', 3264, 1456217166, 1, NULL, NULL, 3265),
(3265, 429, 'Nawpara', 'Active', 3265, 1456217166, 1, NULL, NULL, 3266),
(3266, 482, 'Musapur ', 'Active', 3266, 1456217166, 1, NULL, NULL, 3267),
(3267, 339, 'Kadir Hanif ', 'Active', 3267, 1456217166, 1, NULL, NULL, 3268),
(3268, 429, 'Rajnagar', 'Active', 3268, 1456217166, 1, NULL, NULL, 3269),
(3269, 402, 'Kachia ', 'Active', 3269, 1456217166, 1, NULL, NULL, 3270),
(3270, 482, 'Rahmatpur ', 'Active', 3270, 1456217166, 1, NULL, NULL, 3271),
(3271, 339, 'Kaladarap ', 'Active', 3271, 1456217166, 1, NULL, NULL, 3272),
(3272, 482, 'Santoshpur ', 'Active', 3272, 1456217166, 1, NULL, NULL, 3273),
(3273, 339, 'Narottampur ', 'Active', 3273, 1456217166, 1, NULL, NULL, 3274),
(3274, 402, 'Kutuba ', 'Active', 3274, 1456217166, 1, NULL, NULL, 3275),
(3275, 482, 'Sarikait ', 'Active', 3275, 1456217166, 1, NULL, NULL, 3276),
(3276, 339, 'Noazpur ', 'Active', 3276, 1456217166, 1, NULL, NULL, 3277),
(3277, 402, 'Pakshia ', 'Active', 3277, 1456217166, 1, NULL, NULL, 3278),
(3278, 482, 'Urirchar ', 'Active', 3278, 1456217166, 1, NULL, NULL, 3279),
(3279, 339, 'Noakhali ', 'Active', 3279, 1456217166, 1, NULL, NULL, 3280),
(3280, 402, 'Sachra ', 'Active', 3280, 1456217166, 1, NULL, NULL, 3281),
(3281, 479, 'Banshbaria ', 'Active', 3281, 1456217166, 1, NULL, NULL, 3282),
(3282, 339, 'Noannai ', 'Active', 3282, 1456217166, 1, NULL, NULL, 3283),
(3283, 479, 'Barabkunda ', 'Active', 3283, 1456217166, 1, NULL, NULL, 3284),
(3284, 339, 'Sundalpur ', 'Active', 3284, 1456217166, 1, NULL, NULL, 3285),
(3285, 402, 'Tobgi ', 'Active', 3285, 1456217166, 1, NULL, NULL, 3286),
(3286, 479, 'Baraiardhala ', 'Active', 3286, 1456217166, 1, NULL, NULL, 3287),
(3287, 479, 'Bhatiari ', 'Active', 3287, 1456217166, 1, NULL, NULL, 3288),
(3288, 338, 'Char Amanullah ', 'Active', 3288, 1456217166, 1, NULL, NULL, 3289),
(3289, 430, 'Angaria', 'Active', 3289, 1456217166, 1, NULL, NULL, 3290),
(3290, 479, 'Kumira ', 'Active', 3290, 1456217166, 1, NULL, NULL, 3291),
(3291, 430, 'Binodpur', 'Active', 3291, 1456217166, 1, NULL, NULL, 3292),
(3292, 338, 'Char Bata ', 'Active', 3292, 1456217166, 1, NULL, NULL, 3293),
(3293, 430, 'Chandrapur', 'Active', 3293, 1456217166, 1, NULL, NULL, 3294),
(3294, 430, 'Chikandi', 'Active', 3294, 1456217166, 1, NULL, NULL, 3295),
(3295, 430, 'Chitalia', 'Active', 3295, 1456217166, 1, NULL, NULL, 3296),
(3296, 338, 'Char Jubaly ', 'Active', 3296, 1456217166, 1, NULL, NULL, 3297),
(3297, 430, 'Bhomsar', 'Active', 3297, 1456217166, 1, NULL, NULL, 3298),
(3298, 479, 'Muradpur ', 'Active', 3298, 1456217166, 1, NULL, NULL, 3299),
(3299, 430, 'Mahmudpur', 'Active', 3299, 1456217166, 1, NULL, NULL, 3300),
(3300, 338, 'Char Clerk ', 'Active', 3300, 1456217166, 1, NULL, NULL, 3301),
(3301, 479, 'Salimpur ', 'Active', 3301, 1456217166, 1, NULL, NULL, 3302),
(3302, 430, 'Palong', 'Active', 3302, 1456217166, 1, NULL, NULL, 3303),
(3303, 430, 'Rudrakar', 'Active', 3303, 1456217166, 1, NULL, NULL, 3304),
(3304, 338, 'Char Jabbar ', 'Active', 3304, 1456217166, 1, NULL, NULL, 3305),
(3305, 479, 'Sonaichhari ', 'Active', 3305, 1456217166, 1, NULL, NULL, 3306),
(3306, 430, 'Shoulpara', 'Active', 3306, 1456217166, 1, NULL, NULL, 3307),
(3307, 430, 'Tulasar', 'Active', 3307, 1456217166, 1, NULL, NULL, 3308),
(3308, 479, 'Syedpur ', 'Active', 3308, 1456217166, 1, NULL, NULL, 3309),
(3309, 338, 'Char Wapda ', 'Active', 3309, 1456217166, 1, NULL, NULL, 3310),
(3310, 335, 'Batya ', 'Active', 3310, 1456217166, 1, NULL, NULL, 3311),
(3311, 335, 'Chaprashirhat ', 'Active', 3311, 1456217166, 1, NULL, NULL, 3312),
(3312, 335, 'Ghoshbag ', 'Active', 3312, 1456217166, 1, NULL, NULL, 3313),
(3313, 335, 'Narottampur ', 'Active', 3313, 1456217166, 1, NULL, NULL, 3314),
(3314, 335, 'Sundalpur ', 'Active', 3314, 1456217166, 1, NULL, NULL, 3315),
(3315, 337, 'Ambarnagar ', 'Active', 3315, 1456217166, 1, NULL, NULL, 3316),
(3316, 337, 'Amisha Para ', 'Active', 3316, 1456217166, 1, NULL, NULL, 3317),
(3317, 337, 'Bazra ', 'Active', 3317, 1456217166, 1, NULL, NULL, 3318),
(3318, 337, 'Deoti ', 'Active', 3318, 1456217166, 1, NULL, NULL, 3319),
(3319, 337, 'Jayag ', 'Active', 3319, 1456217166, 1, NULL, NULL, 3320),
(3320, 337, 'Nadana ', 'Active', 3320, 1456217166, 1, NULL, NULL, 3321),
(3321, 337, 'Nateshwar ', 'Active', 3321, 1456217166, 1, NULL, NULL, 3322),
(3322, 337, 'Sonaimuri ', 'Active', 3322, 1456217166, 1, NULL, NULL, 3323),
(3323, 337, 'Sonapur ', 'Active', 3323, 1456217166, 1, NULL, NULL, 3324),
(3324, 337, 'Baragaon ', 'Active', 3324, 1456217166, 1, NULL, NULL, 3325),
(3325, 337, 'Chashir Hat (Old Sonaimuri)', 'Active', 3325, 1456217166, 1, NULL, NULL, 3326),
(3326, 111, 'Adamdighi ', 'Active', 3326, 1456217166, 1, NULL, NULL, 3327),
(3327, 111, 'Chanpapur ', 'Active', 3327, 1456217166, 1, NULL, NULL, 3328),
(3328, 111, 'Chhatiangram ', 'Active', 3328, 1456217166, 1, NULL, NULL, 3329),
(3329, 111, 'Kundugram ', 'Active', 3329, 1456217166, 1, NULL, NULL, 3330),
(3330, 111, 'Nasratpur ', 'Active', 3330, 1456217166, 1, NULL, NULL, 3331),
(3331, 111, 'Shantahar ', 'Active', 3331, 1456217166, 1, NULL, NULL, 3332),
(3332, 112, 'Erulia ', 'Active', 3332, 1456217166, 1, NULL, NULL, 3333),
(3333, 112, 'Fanpore ', 'Active', 3333, 1456217166, 1, NULL, NULL, 3334),
(3334, 112, 'Gokul ', 'Active', 3334, 1456217166, 1, NULL, NULL, 3335),
(3335, 112, 'Lahiripara ', 'Active', 3335, 1456217166, 1, NULL, NULL, 3336),
(3336, 112, 'Namuja ', 'Active', 3336, 1456217166, 1, NULL, NULL, 3337),
(3337, 112, 'Nishindara ', 'Active', 3337, 1456217166, 1, NULL, NULL, 3338),
(3338, 112, 'Noongola ', 'Active', 3338, 1456217166, 1, NULL, NULL, 3339),
(3339, 112, 'Rajapur ', 'Active', 3339, 1456217166, 1, NULL, NULL, 3340),
(3340, 112, 'Shabgram ', 'Active', 3340, 1456217166, 1, NULL, NULL, 3341),
(3341, 112, 'Shakharia ', 'Active', 3341, 1456217166, 1, NULL, NULL, 3342),
(3342, 112, 'Sekherkola ', 'Active', 3342, 1456217166, 1, NULL, NULL, 3343),
(3343, 113, 'Bhandarbari ', 'Active', 3343, 1456217166, 1, NULL, NULL, 3344),
(3344, 113, 'Chowkibari ', 'Active', 3344, 1456217166, 1, NULL, NULL, 3345),
(3345, 293, 'Fenchuganj ', 'Active', 3345, 1456217166, 1, NULL, NULL, 3346),
(3346, 293, 'Gilachhara ', 'Active', 3346, 1456217166, 1, NULL, NULL, 3347),
(3347, 293, 'Maijgaon ', 'Active', 3347, 1456217166, 1, NULL, NULL, 3348),
(3348, 113, 'Chikashi ', 'Active', 3348, 1456217166, 1, NULL, NULL, 3349),
(3349, 113, 'Dhunat ', 'Active', 3349, 1456217166, 1, NULL, NULL, 3350),
(3350, 113, 'Elangi ', 'Active', 3350, 1456217166, 1, NULL, NULL, 3351),
(3351, 113, 'Gopalnagar ', 'Active', 3351, 1456217166, 1, NULL, NULL, 3352),
(3352, 113, 'Goshaibari ', 'Active', 3352, 1456217166, 1, NULL, NULL, 3353),
(3353, 113, 'Kalerpara ', 'Active', 3353, 1456217166, 1, NULL, NULL, 3354),
(3354, 113, 'Mathurapur ', 'Active', 3354, 1456217166, 1, NULL, NULL, 3355),
(3355, 113, 'Nimgachhi ', 'Active', 3355, 1456217166, 1, NULL, NULL, 3356),
(3356, 114, 'Chamrul ', 'Active', 3356, 1456217166, 1, NULL, NULL, 3357),
(3357, 114, 'Dhupchanchia ', 'Active', 3357, 1456217166, 1, NULL, NULL, 3358),
(3358, 114, 'Gobindapur ', 'Active', 3358, 1456217166, 1, NULL, NULL, 3359),
(3359, 114, 'Gunahar ', 'Active', 3359, 1456217166, 1, NULL, NULL, 3360),
(3360, 114, 'Talora ', 'Active', 3360, 1456217166, 1, NULL, NULL, 3361),
(3361, 114, 'Zianagar ', 'Active', 3361, 1456217166, 1, NULL, NULL, 3362),
(3362, 115, 'Baliadighi ', 'Active', 3362, 1456217166, 1, NULL, NULL, 3363),
(3363, 115, 'Dakshinpara ', 'Active', 3363, 1456217166, 1, NULL, NULL, 3364),
(3364, 115, 'Durgahata ', 'Active', 3364, 1456217166, 1, NULL, NULL, 3365),
(3365, 115, 'Kagoil ', 'Active', 3365, 1456217166, 1, NULL, NULL, 3366),
(3366, 332, 'Badalkut ', 'Active', 3366, 1456217166, 1, NULL, NULL, 3367),
(3367, 115, 'Gabtali ', 'Active', 3367, 1456217166, 1, NULL, NULL, 3368),
(3368, 332, 'Hatpukoria ', 'Active', 3368, 1456217166, 1, NULL, NULL, 3369),
(3369, 332, 'Khil Para ', 'Active', 3369, 1456217166, 1, NULL, NULL, 3370),
(3370, 115, 'Mahishaban ', 'Active', 3370, 1456217166, 1, NULL, NULL, 3371),
(3371, 332, 'Mohammadpur ', 'Active', 3371, 1456217166, 1, NULL, NULL, 3372),
(3372, 115, 'Naruamala ', 'Active', 3372, 1456217166, 1, NULL, NULL, 3373),
(3373, 332, 'Nayakhola ', 'Active', 3373, 1456217166, 1, NULL, NULL, 3374),
(3374, 115, 'Nasipur ', 'Active', 3374, 1456217166, 1, NULL, NULL, 3375),
(3375, 332, 'Panchgaon ', 'Active', 3375, 1456217166, 1, NULL, NULL, 3376),
(3376, 332, 'Parkote ', 'Active', 3376, 1456217166, 1, NULL, NULL, 3377),
(3377, 332, 'Ramnarayanpur ', 'Active', 3377, 1456217166, 1, NULL, NULL, 3378),
(3378, 332, 'Sahapur ', 'Active', 3378, 1456217166, 1, NULL, NULL, 3379),
(3379, 115, 'Nepaltali ', 'Active', 3379, 1456217166, 1, NULL, NULL, 3380),
(3380, 331, 'Alyarpur ', 'Active', 3380, 1456217166, 1, NULL, NULL, 3381),
(3381, 115, 'Rameshwarpur ', 'Active', 3381, 1456217166, 1, NULL, NULL, 3382),
(3382, 331, 'Amanullapur ', 'Active', 3382, 1456217166, 1, NULL, NULL, 3383),
(3383, 331, 'Begumganj ', 'Active', 3383, 1456217166, 1, NULL, NULL, 3384),
(3384, 115, 'Sonaroy ', 'Active', 3384, 1456217166, 1, NULL, NULL, 3385),
(3385, 332, 'Chhayani ', 'Active', 3385, 1456217166, 1, NULL, NULL, 3386),
(3386, 332, 'Durgapur ', 'Active', 3386, 1456217166, 1, NULL, NULL, 3387),
(3387, 116, 'Birkedar ', 'Active', 3387, 1456217166, 1, NULL, NULL, 3388),
(3388, 331, 'Eklashpur ', 'Active', 3388, 1456217166, 1, NULL, NULL, 3389),
(3389, 331, 'Gopalpur ', 'Active', 3389, 1456217166, 1, NULL, NULL, 3390),
(3390, 331, 'Narottampur ', 'Active', 3390, 1456217166, 1, NULL, NULL, 3391),
(3391, 116, 'Durgapur ', 'Active', 3391, 1456217166, 1, NULL, NULL, 3392),
(3392, 331, 'Hajipur ', 'Active', 3392, 1456217166, 1, NULL, NULL, 3393),
(3393, 331, 'Jirtali ', 'Active', 3393, 1456217166, 1, NULL, NULL, 3394),
(3394, 116, 'Jamgram ', 'Active', 3394, 1456217166, 1, NULL, NULL, 3395),
(3395, 331, 'Kadirpur ', 'Active', 3395, 1456217166, 1, NULL, NULL, 3396),
(3396, 116, 'Kahaloo ', 'Active', 3396, 1456217166, 1, NULL, NULL, 3397),
(3397, 331, 'Kutubpur ', 'Active', 3397, 1456217166, 1, NULL, NULL, 3398),
(3398, 116, 'Kalai ', 'Active', 3398, 1456217166, 1, NULL, NULL, 3399),
(3399, 331, 'Mir Warishpur ', 'Active', 3399, 1456217166, 1, NULL, NULL, 3400),
(3400, 331, 'Rajganj ', 'Active', 3400, 1456217166, 1, NULL, NULL, 3401),
(3401, 116, 'Malancho ', 'Active', 3401, 1456217166, 1, NULL, NULL, 3402),
(3402, 331, 'Rasulpur ', 'Active', 3402, 1456217166, 1, NULL, NULL, 3403),
(3403, 116, 'Maruil ', 'Active', 3403, 1456217166, 1, NULL, NULL, 3404),
(3404, 331, 'Sharifpur ', 'Active', 3404, 1456217166, 1, NULL, NULL, 3405),
(3405, 333, 'Char Elahi ', 'Active', 3405, 1456217166, 1, NULL, NULL, 3406),
(3406, 116, 'Narahotta ', 'Active', 3406, 1456217166, 1, NULL, NULL, 3407),
(3407, 116, 'Paikar ', 'Active', 3407, 1456217166, 1, NULL, NULL, 3408),
(3408, 333, 'Char Fakira ', 'Active', 3408, 1456217166, 1, NULL, NULL, 3409),
(3409, 117, 'Bhatgram ', 'Active', 3409, 1456217166, 1, NULL, NULL, 3410),
(3410, 117, 'Bhatora ', 'Active', 3410, 1456217166, 1, NULL, NULL, 3411),
(3411, 333, 'Char Hazari ', 'Active', 3411, 1456217166, 1, NULL, NULL, 3412),
(3412, 117, 'Burail ', 'Active', 3412, 1456217166, 1, NULL, NULL, 3413),
(3413, 117, 'Nandigram ', 'Active', 3413, 1456217166, 1, NULL, NULL, 3414),
(3414, 333, 'Char Kakra ', 'Active', 3414, 1456217166, 1, NULL, NULL, 3415),
(3415, 117, 'Thaltamajhgram ', 'Active', 3415, 1456217166, 1, NULL, NULL, 3416),
(3416, 333, 'Char Parbati ', 'Active', 3416, 1456217166, 1, NULL, NULL, 3417),
(3417, 118, 'Bhelabari ', 'Active', 3417, 1456217166, 1, NULL, NULL, 3418),
(3418, 333, 'Musapur ', 'Active', 3418, 1456217166, 1, NULL, NULL, 3419),
(3419, 333, 'Rampur ', 'Active', 3419, 1456217166, 1, NULL, NULL, 3420),
(3420, 118, 'Bohail ', 'Active', 3420, 1456217166, 1, NULL, NULL, 3421),
(3421, 333, 'Sirajpur ', 'Active', 3421, 1456217166, 1, NULL, NULL, 3422),
(3422, 334, 'Burir Char ', 'Active', 3422, 1456217166, 1, NULL, NULL, 3423),
(3423, 118, 'Chaluabari ', 'Active', 3423, 1456217166, 1, NULL, NULL, 3424),
(3424, 334, 'Char Ishwar ', 'Active', 3424, 1456217166, 1, NULL, NULL, 3425),
(3425, 118, 'Chandanbaisha ', 'Active', 3425, 1456217166, 1, NULL, NULL, 3426),
(3426, 334, 'Char King ', 'Active', 3426, 1456217166, 1, NULL, NULL, 3427),
(3427, 118, 'Fulbari ', 'Active', 3427, 1456217166, 1, NULL, NULL, 3428),
(3428, 334, 'Harni Chanandi ', 'Active', 3428, 1456217166, 1, NULL, NULL, 3429),
(3429, 118, 'Hatsherpur ', 'Active', 3429, 1456217166, 1, NULL, NULL, 3430),
(3430, 334, 'Jahajmara ', 'Active', 3430, 1456217166, 1, NULL, NULL, 3431),
(3431, 334, 'Nalchira ', 'Active', 3431, 1456217166, 1, NULL, NULL, 3432),
(3432, 118, 'Kamalpur ', 'Active', 3432, 1456217166, 1, NULL, NULL, 3433),
(3433, 334, 'Sonadia ', 'Active', 3433, 1456217166, 1, NULL, NULL, 3434),
(3434, 118, 'Kazla ', 'Active', 3434, 1456217166, 1, NULL, NULL, 3435),
(3435, 334, 'Sukh Char ', 'Active', 3435, 1456217166, 1, NULL, NULL, 3436),
(3436, 334, 'Tamaruddin ', 'Active', 3436, 1456217166, 1, NULL, NULL, 3437),
(3437, 334, 'Nijhumdip ', 'Active', 3437, 1456217166, 1, NULL, NULL, 3438),
(3438, 336, 'Arjuntala ', 'Active', 3438, 1456217166, 1, NULL, NULL, 3439),
(3439, 118, 'Karnibari ', 'Active', 3439, 1456217166, 1, NULL, NULL, 3440),
(3440, 336, 'Bijbagh ', 'Active', 3440, 1456217166, 1, NULL, NULL, 3441),
(3441, 336, 'Chhatarpaia ', 'Active', 3441, 1456217166, 1, NULL, NULL, 3442),
(3442, 336, 'Dumuria ', 'Active', 3442, 1456217166, 1, NULL, NULL, 3443);
INSERT INTO `ems_unions` (`id`, `upazilla_id`, `name`, `status`, `ordering`, `date_created`, `user_created`, `date_updated`, `user_updated`, `old_union_id`) VALUES
(3443, 336, 'Kabilpur ', 'Active', 3443, 1456217166, 1, NULL, NULL, 3444),
(3444, 336, 'Kadra ', 'Active', 3444, 1456217166, 1, NULL, NULL, 3445),
(3445, 336, 'Kesharpar ', 'Active', 3445, 1456217166, 1, NULL, NULL, 3446),
(3446, 336, 'Mohammadpur ', 'Active', 3446, 1456217166, 1, NULL, NULL, 3447),
(3447, 336, 'Nabipur ', 'Active', 3447, 1456217166, 1, NULL, NULL, 3448),
(3448, 81, 'Alinagar ', 'Active', 3448, 1456217166, 1, NULL, NULL, 3449),
(3449, 81, 'Bhangabari ', 'Active', 3449, 1456217166, 1, NULL, NULL, 3450),
(3450, 81, 'Chowdala ', 'Active', 3450, 1456217166, 1, NULL, NULL, 3451),
(3451, 118, 'Karnibari ', 'Active', 3451, 1456217166, 1, NULL, NULL, 3452),
(3452, 118, 'Kutubpur ', 'Active', 3452, 1456217166, 1, NULL, NULL, 3453),
(3453, 118, 'Narchi ', 'Active', 3453, 1456217166, 1, NULL, NULL, 3454),
(3454, 81, 'Gomastapur ', 'Active', 3454, 1456217166, 1, NULL, NULL, 3455),
(3455, 118, 'Sariakandi ', 'Active', 3455, 1456217166, 1, NULL, NULL, 3456),
(3456, 81, 'Parbatipur ', 'Active', 3456, 1456217166, 1, NULL, NULL, 3457),
(3457, 81, 'Radhanagar ', 'Active', 3457, 1456217166, 1, NULL, NULL, 3458),
(3458, 81, 'Rahanpur ', 'Active', 3458, 1456217166, 1, NULL, NULL, 3459),
(3459, 80, 'Bholahat ', 'Active', 3459, 1456217166, 1, NULL, NULL, 3460),
(3460, 480, 'Bagoan ', 'Active', 3460, 1456217166, 1, NULL, NULL, 3461),
(3461, 480, 'Binajuri ', 'Active', 3461, 1456217166, 1, NULL, NULL, 3462),
(3462, 80, 'Daldali ', 'Active', 3462, 1456217166, 1, NULL, NULL, 3463),
(3463, 80, 'Gohalbari ', 'Active', 3463, 1456217166, 1, NULL, NULL, 3464),
(3464, 480, 'Chikdair ', 'Active', 3464, 1456217166, 1, NULL, NULL, 3465),
(3465, 80, 'Jambaria ', 'Active', 3465, 1456217166, 1, NULL, NULL, 3466),
(3466, 480, 'Dabua ', 'Active', 3466, 1456217166, 1, NULL, NULL, 3467),
(3467, 480, 'Purba Guzara ', 'Active', 3467, 1456217166, 1, NULL, NULL, 3468),
(3468, 480, 'Gahira ', 'Active', 3468, 1456217166, 1, NULL, NULL, 3469),
(3469, 82, 'Fatepur ', 'Active', 3469, 1456217166, 1, NULL, NULL, 3470),
(3470, 480, 'Haludia ', 'Active', 3470, 1456217166, 1, NULL, NULL, 3471),
(3471, 82, 'Kasba ', 'Active', 3471, 1456217166, 1, NULL, NULL, 3472),
(3472, 480, 'Kadalpur ', 'Active', 3472, 1456217166, 1, NULL, NULL, 3473),
(3473, 480, 'Noajispur ', 'Active', 3473, 1456217166, 1, NULL, NULL, 3474),
(3474, 82, 'Nachol ', 'Active', 3474, 1456217166, 1, NULL, NULL, 3475),
(3475, 480, 'Noa Para ', 'Active', 3475, 1456217166, 1, NULL, NULL, 3476),
(3476, 82, 'Nezampur ', 'Active', 3476, 1456217166, 1, NULL, NULL, 3477),
(3477, 480, 'Pahartali ', 'Active', 3477, 1456217166, 1, NULL, NULL, 3478),
(3478, 118, 'Sariakandi ', 'Active', 3478, 1456217166, 1, NULL, NULL, 3479),
(3479, 480, 'Raozan ', 'Active', 3479, 1456217166, 1, NULL, NULL, 3480),
(3480, 83, 'Alatuli ', 'Active', 3480, 1456217166, 1, NULL, NULL, 3481),
(3481, 480, 'Urkirchar ', 'Active', 3481, 1456217166, 1, NULL, NULL, 3482),
(3482, 480, 'Paschim Guzara ', 'Active', 3482, 1456217166, 1, NULL, NULL, 3483),
(3483, 83, 'Balidanga ', 'Active', 3483, 1456217166, 1, NULL, NULL, 3484),
(3484, 491, 'Betagi ', 'Active', 3484, 1456217166, 1, NULL, NULL, 3485),
(3485, 83, 'Barogharia ', 'Active', 3485, 1456217166, 1, NULL, NULL, 3486),
(3486, 491, 'Chandraghona ', 'Active', 3486, 1456217166, 1, NULL, NULL, 3487),
(3487, 83, 'Char Anupnagar ', 'Active', 3487, 1456217166, 1, NULL, NULL, 3488),
(3488, 491, 'Hosnabad ', 'Active', 3488, 1456217166, 1, NULL, NULL, 3489),
(3489, 83, 'Charbagdanga ', 'Active', 3489, 1456217166, 1, NULL, NULL, 3490),
(3490, 491, 'Kodala ', 'Active', 3490, 1456217166, 1, NULL, NULL, 3491),
(3491, 83, 'Debinagar ', 'Active', 3491, 1456217166, 1, NULL, NULL, 3492),
(3492, 491, 'Mariamnagar ', 'Active', 3492, 1456217166, 1, NULL, NULL, 3493),
(3493, 83, 'Gobratala ', 'Active', 3493, 1456217166, 1, NULL, NULL, 3494),
(3494, 491, 'Padua ', 'Active', 3494, 1456217166, 1, NULL, NULL, 3495),
(3495, 83, 'Islampur ', 'Active', 3495, 1456217166, 1, NULL, NULL, 3496),
(3496, 491, 'Parua ', 'Active', 3496, 1456217166, 1, NULL, NULL, 3497),
(3497, 83, 'Jhilim ', 'Active', 3497, 1456217166, 1, NULL, NULL, 3498),
(3498, 491, 'Pomara ', 'Active', 3498, 1456217166, 1, NULL, NULL, 3499),
(3499, 491, 'Rajanagar ', 'Active', 3499, 1456217166, 1, NULL, NULL, 3500),
(3500, 491, 'Rangunia ', 'Active', 3500, 1456217166, 1, NULL, NULL, 3501),
(3501, 491, 'Sarapbhata ', 'Active', 3501, 1456217166, 1, NULL, NULL, 3502),
(3502, 491, 'Silak ', 'Active', 3502, 1456217166, 1, NULL, NULL, 3503),
(3503, 491, 'Islampur ', 'Active', 3503, 1456217166, 1, NULL, NULL, 3504),
(3504, 491, 'Dakshin Rajanagar ', 'Active', 3504, 1456217166, 1, NULL, NULL, 3505),
(3505, 491, 'Lalanagar ', 'Active', 3505, 1456217166, 1, NULL, NULL, 3506),
(3506, 477, 'Dhum ', 'Active', 3506, 1456217166, 1, NULL, NULL, 3507),
(3507, 83, 'Maharajpur ', 'Active', 3507, 1456217166, 1, NULL, NULL, 3508),
(3508, 477, 'Durgapur ', 'Active', 3508, 1456217166, 1, NULL, NULL, 3509),
(3509, 83, 'Narayanpur ', 'Active', 3509, 1456217166, 1, NULL, NULL, 3510),
(3510, 477, 'Haitkandi ', 'Active', 3510, 1456217166, 1, NULL, NULL, 3511),
(3511, 83, 'Ranihati ', 'Active', 3511, 1456217166, 1, NULL, NULL, 3512),
(3512, 477, 'Hinguli ', 'Active', 3512, 1456217166, 1, NULL, NULL, 3513),
(3513, 477, 'Ichhakhali ', 'Active', 3513, 1456217166, 1, NULL, NULL, 3514),
(3514, 83, 'Shahajahanpur ', 'Active', 3514, 1456217166, 1, NULL, NULL, 3515),
(3515, 477, 'Karerhat ', 'Active', 3515, 1456217166, 1, NULL, NULL, 3516),
(3516, 83, 'Sundarpur ', 'Active', 3516, 1456217166, 1, NULL, NULL, 3517),
(3517, 477, 'Katachhara ', 'Active', 3517, 1456217166, 1, NULL, NULL, 3518),
(3518, 477, 'Khaiyachhara ', 'Active', 3518, 1456217166, 1, NULL, NULL, 3519),
(3519, 84, 'Binodpur ', 'Active', 3519, 1456217166, 1, NULL, NULL, 3520),
(3520, 477, 'Mayani ', 'Active', 3520, 1456217166, 1, NULL, NULL, 3521),
(3521, 84, 'Chakkirti ', 'Active', 3521, 1456217166, 1, NULL, NULL, 3522),
(3522, 477, 'Mirsharai ', 'Active', 3522, 1456217166, 1, NULL, NULL, 3523),
(3523, 477, 'Mithanala ', 'Active', 3523, 1456217166, 1, NULL, NULL, 3524),
(3524, 84, 'Daipukuria ', 'Active', 3524, 1456217166, 1, NULL, NULL, 3525),
(3525, 477, 'Maghadia ', 'Active', 3525, 1456217166, 1, NULL, NULL, 3526),
(3526, 120, 'Bhabanipur ', 'Active', 3526, 1456217166, 1, NULL, NULL, 3527),
(3527, 84, 'Dhainagar ', 'Active', 3527, 1456217166, 1, NULL, NULL, 3528),
(3528, 491, 'Osmanpur ', 'Active', 3528, 1456217166, 1, NULL, NULL, 3529),
(3529, 84, 'Durlabhpur ', 'Active', 3529, 1456217166, 1, NULL, NULL, 3530),
(3530, 477, 'Saherkhali ', 'Active', 3530, 1456217166, 1, NULL, NULL, 3531),
(3531, 477, 'Wahedpur ', 'Active', 3531, 1456217166, 1, NULL, NULL, 3532),
(3532, 84, 'Ghorapakhia ', 'Active', 3532, 1456217166, 1, NULL, NULL, 3533),
(3533, 477, 'Zorwarganj ', 'Active', 3533, 1456217166, 1, NULL, NULL, 3534),
(3534, 84, 'Kansat ', 'Active', 3534, 1456217166, 1, NULL, NULL, 3535),
(3535, 120, 'Bishalpur ', 'Active', 3535, 1456217166, 1, NULL, NULL, 3536),
(3536, 83, 'Mobarakpur ', 'Active', 3536, 1456217166, 1, NULL, NULL, 3537),
(3537, 481, 'Burir Char ', 'Active', 3537, 1456217166, 1, NULL, NULL, 3538),
(3538, 84, 'Monakasha ', 'Active', 3538, 1456217166, 1, NULL, NULL, 3539),
(3539, 481, 'Chhipatali ', 'Active', 3539, 1456217166, 1, NULL, NULL, 3540),
(3540, 481, 'Chikandanti ', 'Active', 3540, 1456217166, 1, NULL, NULL, 3541),
(3541, 84, 'Nayalabhanga ', 'Active', 3541, 1456217166, 1, NULL, NULL, 3542),
(3542, 481, 'Dakshin Madrasha ', 'Active', 3542, 1456217166, 1, NULL, NULL, 3543),
(3543, 481, 'Dhalai ', 'Active', 3543, 1456217166, 1, NULL, NULL, 3544),
(3544, 84, 'Panka ', 'Active', 3544, 1456217166, 1, NULL, NULL, 3545),
(3545, 481, 'Fatehpur ', 'Active', 3545, 1456217166, 1, NULL, NULL, 3546),
(3546, 481, 'Forhadabad ', 'Active', 3546, 1456217166, 1, NULL, NULL, 3547),
(3547, 481, 'Garduara ', 'Active', 3547, 1456217166, 1, NULL, NULL, 3548),
(3548, 481, 'Guman Mardan ', 'Active', 3548, 1456217166, 1, NULL, NULL, 3549),
(3549, 481, 'Hathazari ', 'Active', 3549, 1456217166, 1, NULL, NULL, 3550),
(3550, 84, 'Chhatrajitpur ', 'Active', 3550, 1456217166, 1, NULL, NULL, 3551),
(3551, 481, 'Mekhal ', 'Active', 3551, 1456217166, 1, NULL, NULL, 3552),
(3552, 84, 'Shahbajpur ', 'Active', 3552, 1456217166, 1, NULL, NULL, 3553),
(3553, 481, 'Mirzapur ', 'Active', 3553, 1456217166, 1, NULL, NULL, 3554),
(3554, 481, 'Nangalmora ', 'Active', 3554, 1456217166, 1, NULL, NULL, 3555),
(3555, 84, 'Shyampur ', 'Active', 3555, 1456217166, 1, NULL, NULL, 3556),
(3556, 481, 'Shikarpur ', 'Active', 3556, 1456217166, 1, NULL, NULL, 3557),
(3557, 84, 'Uzirpur ', 'Active', 3557, 1456217166, 1, NULL, NULL, 3558),
(3558, 481, 'Uttar Madarsa ', 'Active', 3558, 1456217166, 1, NULL, NULL, 3559),
(3559, 120, 'Garidaha ', 'Active', 3559, 1456217166, 1, NULL, NULL, 3560),
(3560, 120, 'Khamarkandi ', 'Active', 3560, 1456217166, 1, NULL, NULL, 3561),
(3561, 294, 'Paschim Amura ', 'Active', 3561, 1456217166, 1, NULL, NULL, 3562),
(3562, 294, 'Bagha ', 'Active', 3562, 1456217166, 1, NULL, NULL, 3563),
(3563, 294, 'Bhadeshwar ', 'Active', 3563, 1456217166, 1, NULL, NULL, 3564),
(3564, 294, 'Badhubari ', 'Active', 3564, 1456217166, 1, NULL, NULL, 3565),
(3565, 294, 'Dhaka Dakshin ', 'Active', 3565, 1456217166, 1, NULL, NULL, 3566),
(3566, 294, 'Fulbari ', 'Active', 3566, 1456217166, 1, NULL, NULL, 3567),
(3567, 294, 'Golabganj ', 'Active', 3567, 1456217166, 1, NULL, NULL, 3568),
(3568, 294, 'Laxmi Pasha ', 'Active', 3568, 1456217166, 1, NULL, NULL, 3569),
(3569, 294, 'Sharifganj ', 'Active', 3569, 1456217166, 1, NULL, NULL, 3570),
(3570, 294, 'Lakshanaband ', 'Active', 3570, 1456217166, 1, NULL, NULL, 3571),
(3571, 294, 'Uttar Bade Pasha ', 'Active', 3571, 1456217166, 1, NULL, NULL, 3572),
(3572, 297, 'Bara Chatul  ', 'Active', 3572, 1456217166, 1, NULL, NULL, 3573),
(3573, 297, 'Dakshin Banigram  ', 'Active', 3573, 1456217166, 1, NULL, NULL, 3574),
(3574, 297, 'Jhingabari  ', 'Active', 3574, 1456217166, 1, NULL, NULL, 3575),
(3575, 297, 'Kanaighat  ', 'Active', 3575, 1456217166, 1, NULL, NULL, 3576),
(3576, 297, 'Paschim Laxmi Prasad  ', 'Active', 3576, 1456217166, 1, NULL, NULL, 3577),
(3577, 297, 'Shatbank  ', 'Active', 3577, 1456217166, 1, NULL, NULL, 3578),
(3578, 297, 'Purba Laxmi Prasad  ', 'Active', 3578, 1456217166, 1, NULL, NULL, 3579),
(3579, 297, 'Purba Dighirpar  ', 'Active', 3579, 1456217166, 1, NULL, NULL, 3580),
(3580, 297, 'Rajaganj ', 'Active', 3580, 1456217166, 1, NULL, NULL, 3581),
(3581, 299, 'Barahal  ', 'Active', 3581, 1456217166, 1, NULL, NULL, 3582),
(3582, 299, 'Bara Thakuri  ', 'Active', 3582, 1456217166, 1, NULL, NULL, 3583),
(3583, 299, 'Birasree  ', 'Active', 3583, 1456217166, 1, NULL, NULL, 3584),
(3584, 478, 'Abdullapur ', 'Active', 3584, 1456217166, 1, NULL, NULL, 3585),
(3585, 478, 'Bagan Bazar ', 'Active', 3585, 1456217166, 1, NULL, NULL, 3586),
(3586, 299, 'Kas Kanakpur  ', 'Active', 3586, 1456217166, 1, NULL, NULL, 3587),
(3587, 478, 'Baktapur ', 'Active', 3587, 1456217166, 1, NULL, NULL, 3588),
(3588, 478, 'Bhujpur ', 'Active', 3588, 1456217166, 1, NULL, NULL, 3589),
(3589, 299, 'Kajalshah  ', 'Active', 3589, 1456217166, 1, NULL, NULL, 3590),
(3590, 478, 'Dantmara ', 'Active', 3590, 1456217166, 1, NULL, NULL, 3591),
(3591, 478, 'Dharmapur ', 'Active', 3591, 1456217166, 1, NULL, NULL, 3592),
(3592, 299, 'Kholachhara  ', 'Active', 3592, 1456217166, 1, NULL, NULL, 3593),
(3593, 478, 'Dhurung ', 'Active', 3593, 1456217166, 1, NULL, NULL, 3594),
(3594, 478, 'Daulatpur ', 'Active', 3594, 1456217166, 1, NULL, NULL, 3595),
(3595, 299, 'Manikpur  ', 'Active', 3595, 1456217166, 1, NULL, NULL, 3596),
(3596, 478, 'Harwalchhari ', 'Active', 3596, 1456217166, 1, NULL, NULL, 3597),
(3597, 478, 'Jafarnagar ', 'Active', 3597, 1456217166, 1, NULL, NULL, 3598),
(3598, 478, 'Kanchan Nagar ', 'Active', 3598, 1456217166, 1, NULL, NULL, 3599),
(3599, 299, 'Manikpur  ', 'Active', 3599, 1456217166, 1, NULL, NULL, 3600),
(3600, 478, 'Lelang ', 'Active', 3600, 1456217166, 1, NULL, NULL, 3601),
(3601, 478, 'Nanupur ', 'Active', 3601, 1456217166, 1, NULL, NULL, 3602),
(3602, 299, 'Sultanpur  ', 'Active', 3602, 1456217166, 1, NULL, NULL, 3603),
(3603, 478, 'Narayanhat ', 'Active', 3603, 1456217166, 1, NULL, NULL, 3604),
(3604, 478, 'Paindang ', 'Active', 3604, 1456217166, 1, NULL, NULL, 3605),
(3605, 478, 'Rangamatia ', 'Active', 3605, 1456217166, 1, NULL, NULL, 3606),
(3606, 299, 'Zakiganj ', 'Active', 3606, 1456217166, 1, NULL, NULL, 3607),
(3607, 478, 'Roushangiri ', 'Active', 3607, 1456217166, 1, NULL, NULL, 3608),
(3608, 478, 'Suabil ', 'Active', 3608, 1456217166, 1, NULL, NULL, 3609),
(3609, 478, 'Samitirhat ', 'Active', 3609, 1456217166, 1, NULL, NULL, 3610),
(3610, 478, 'Sundarpur ', 'Active', 3610, 1456217166, 1, NULL, NULL, 3611),
(3611, 120, 'Khanpur ', 'Active', 3611, 1456217166, 1, NULL, NULL, 3612),
(3612, 120, 'Kusumbi ', 'Active', 3612, 1456217166, 1, NULL, NULL, 3613),
(3613, 120, 'Mirzapur ', 'Active', 3613, 1456217166, 1, NULL, NULL, 3614),
(3614, 120, 'Shimabari ', 'Active', 3614, 1456217166, 1, NULL, NULL, 3615),
(3615, 120, 'Sughat ', 'Active', 3615, 1456217166, 1, NULL, NULL, 3616),
(3616, 122, 'Balua ', 'Active', 3616, 1456217166, 1, NULL, NULL, 3617),
(3617, 122, 'Digdair ', 'Active', 3617, 1456217166, 1, NULL, NULL, 3618),
(3618, 122, 'Jorgachha ', 'Active', 3618, 1456217166, 1, NULL, NULL, 3619),
(3619, 122, 'Madhupur ', 'Active', 3619, 1456217166, 1, NULL, NULL, 3620),
(3620, 122, 'Pakulla ', 'Active', 3620, 1456217166, 1, NULL, NULL, 3621),
(3621, 122, 'Sonatala ', 'Active', 3621, 1456217166, 1, NULL, NULL, 3622),
(3622, 290, 'Alankari ', 'Active', 3622, 1456217166, 1, NULL, NULL, 3623),
(3623, 122, 'Tekanichukainagar ', 'Active', 3623, 1456217166, 1, NULL, NULL, 3624),
(3624, 290, 'Bishwanath ', 'Active', 3624, 1456217166, 1, NULL, NULL, 3625),
(3625, 119, 'Amrul ', 'Active', 3625, 1456217166, 1, NULL, NULL, 3626),
(3626, 290, 'Daulatpur ', 'Active', 3626, 1456217166, 1, NULL, NULL, 3627),
(3627, 119, 'Aria ', 'Active', 3627, 1456217166, 1, NULL, NULL, 3628),
(3628, 290, 'Deokalas ', 'Active', 3628, 1456217166, 1, NULL, NULL, 3629),
(3629, 119, 'Asekpur ', 'Active', 3629, 1456217166, 1, NULL, NULL, 3630),
(3630, 119, 'Chupinagar ', 'Active', 3630, 1456217166, 1, NULL, NULL, 3631),
(3631, 290, 'Dasghar ', 'Active', 3631, 1456217166, 1, NULL, NULL, 3632),
(3632, 119, 'Gohail ', 'Active', 3632, 1456217166, 1, NULL, NULL, 3633),
(3633, 119, 'Kharna ', 'Active', 3633, 1456217166, 1, NULL, NULL, 3634),
(3634, 290, 'Khazanchi ', 'Active', 3634, 1456217166, 1, NULL, NULL, 3635),
(3635, 290, 'Lama Kazi ', 'Active', 3635, 1456217166, 1, NULL, NULL, 3636),
(3636, 119, 'Khottapara ', 'Active', 3636, 1456217166, 1, NULL, NULL, 3637),
(3637, 290, 'Rampasha ', 'Active', 3637, 1456217166, 1, NULL, NULL, 3638),
(3638, 119, 'Madla ', 'Active', 3638, 1456217166, 1, NULL, NULL, 3639),
(3639, 119, 'Majhira ', 'Active', 3639, 1456217166, 1, NULL, NULL, 3640),
(3640, 291, 'Islampur Paschim  ', 'Active', 3640, 1456217166, 1, NULL, NULL, 3641),
(3641, 119, 'Sultanganj ', 'Active', 3641, 1456217166, 1, NULL, NULL, 3642),
(3642, 291, 'Ranikhali Uttar  ', 'Active', 3642, 1456217166, 1, NULL, NULL, 3643),
(3643, 291, 'Telikhal  ', 'Active', 3643, 1456217166, 1, NULL, NULL, 3644),
(3644, 291, 'Islampur Purba  ', 'Active', 3644, 1456217166, 1, NULL, NULL, 3645),
(3645, 291, 'Ichhakalash  ', 'Active', 3645, 1456217166, 1, NULL, NULL, 3646),
(3646, 368, 'Char Chartala ', 'Active', 3646, 1456217166, 1, NULL, NULL, 3647),
(3647, 291, 'Dakshin Ranikhai ', 'Active', 3647, 1456217166, 1, NULL, NULL, 3648),
(3648, 368, 'Araisidha ', 'Active', 3648, 1456217166, 1, NULL, NULL, 3649),
(3649, 368, 'Talsahar Paschim ', 'Active', 3649, 1456217166, 1, NULL, NULL, 3650),
(3650, 292, 'Baraikandi  ', 'Active', 3650, 1456217166, 1, NULL, NULL, 3651),
(3651, 368, 'Sharifpur Purba ', 'Active', 3651, 1456217166, 1, NULL, NULL, 3652),
(3652, 292, 'Daudpur  ', 'Active', 3652, 1456217166, 1, NULL, NULL, 3653),
(3653, 368, 'Ashugonj ', 'Active', 3653, 1456217166, 1, NULL, NULL, 3654),
(3654, 292, 'Jalalpur  ', 'Active', 3654, 1456217166, 1, NULL, NULL, 3655),
(3655, 368, 'Lalpur ', 'Active', 3655, 1456217166, 1, NULL, NULL, 3656),
(3656, 292, 'Kuchai  ', 'Active', 3656, 1456217166, 1, NULL, NULL, 3657),
(3657, 368, 'Durgapur ', 'Active', 3657, 1456217166, 1, NULL, NULL, 3658),
(3658, 292, 'Lal Bazar  ', 'Active', 3658, 1456217166, 1, NULL, NULL, 3659),
(3659, 371, 'Bolakot ', 'Active', 3659, 1456217166, 1, NULL, NULL, 3660),
(3660, 371, 'Burishwar ', 'Active', 3660, 1456217166, 1, NULL, NULL, 3661),
(3661, 292, 'Mogal Bazar  ', 'Active', 3661, 1456217166, 1, NULL, NULL, 3662),
(3662, 371, 'Chapartala ', 'Active', 3662, 1456217166, 1, NULL, NULL, 3663),
(3663, 292, 'Mollargaon  ', 'Active', 3663, 1456217166, 1, NULL, NULL, 3664),
(3664, 371, 'Chatalpar ', 'Active', 3664, 1456217166, 1, NULL, NULL, 3665),
(3665, 371, 'Dhar Mandal ', 'Active', 3665, 1456217166, 1, NULL, NULL, 3666),
(3666, 292, 'Silam  ', 'Active', 3666, 1456217166, 1, NULL, NULL, 3667),
(3667, 292, 'Tetli  ', 'Active', 3667, 1456217166, 1, NULL, NULL, 3668),
(3668, 372, 'Akrail ', 'Active', 3668, 1456217166, 1, NULL, NULL, 3669),
(3669, 295, 'Alirgaon ', 'Active', 3669, 1456217166, 1, NULL, NULL, 3670),
(3670, 372, 'Chunta ', 'Active', 3670, 1456217166, 1, NULL, NULL, 3671),
(3671, 295, 'Fatehpur ', 'Active', 3671, 1456217166, 1, NULL, NULL, 3672),
(3672, 372, 'Kalikachchha ', 'Active', 3672, 1456217166, 1, NULL, NULL, 3673),
(3673, 295, 'Lengura ', 'Active', 3673, 1456217166, 1, NULL, NULL, 3674),
(3674, 372, 'Noagaon ', 'Active', 3674, 1456217166, 1, NULL, NULL, 3675),
(3675, 490, 'Adhunagar ', 'Active', 3675, 1456217166, 1, NULL, NULL, 3676),
(3676, 372, 'Pakshimul ', 'Active', 3676, 1456217166, 1, NULL, NULL, 3677),
(3677, 295, 'Nandirgaon ', 'Active', 3677, 1456217166, 1, NULL, NULL, 3678),
(3678, 372, 'Sarail ', 'Active', 3678, 1456217166, 1, NULL, NULL, 3679),
(3679, 295, 'Paschim Jaflong ', 'Active', 3679, 1456217166, 1, NULL, NULL, 3680),
(3680, 372, 'Shahbazpur ', 'Active', 3680, 1456217166, 1, NULL, NULL, 3681),
(3681, 295, 'Purba Jaflong ', 'Active', 3681, 1456217166, 1, NULL, NULL, 3682),
(3682, 372, 'Shahjadapur ', 'Active', 3682, 1456217166, 1, NULL, NULL, 3683),
(3683, 490, 'Amirabad ', 'Active', 3683, 1456217166, 1, NULL, NULL, 3684),
(3684, 372, 'Uttar Panishwar ', 'Active', 3684, 1456217166, 1, NULL, NULL, 3685),
(3685, 295, 'Rustampur ', 'Active', 3685, 1456217166, 1, NULL, NULL, 3686),
(3686, 490, 'Barahatia ', 'Active', 3686, 1456217166, 1, NULL, NULL, 3687),
(3687, 490, 'Charamba ', 'Active', 3687, 1456217166, 1, NULL, NULL, 3688),
(3688, 295, 'Towakul ', 'Active', 3688, 1456217166, 1, NULL, NULL, 3689),
(3689, 490, 'Chunati ', 'Active', 3689, 1456217166, 1, NULL, NULL, 3690),
(3690, 364, 'Dakshin Akhaura ', 'Active', 3690, 1456217166, 1, NULL, NULL, 3691),
(3691, 490, 'Kalauzan ', 'Active', 3691, 1456217166, 1, NULL, NULL, 3692),
(3692, 1, 'Balapara ', 'Active', 3692, 1456217166, 1, NULL, NULL, 3693),
(3693, 364, 'Dharkhar ', 'Active', 3693, 1456217166, 1, NULL, NULL, 3694),
(3694, 296, 'Charikata ', 'Active', 3694, 1456217166, 1, NULL, NULL, 3695),
(3695, 490, 'Lohagara ', 'Active', 3695, 1456217166, 1, NULL, NULL, 3696),
(3696, 490, 'Padua ', 'Active', 3696, 1456217166, 1, NULL, NULL, 3697),
(3697, 364, 'Maniand ', 'Active', 3697, 1456217166, 1, NULL, NULL, 3698),
(3698, 296, 'Darbasta ', 'Active', 3698, 1456217166, 1, NULL, NULL, 3699),
(3699, 1, 'Dimla ', 'Active', 3699, 1456217166, 1, NULL, NULL, 3700),
(3700, 490, 'Putibila ', 'Active', 3700, 1456217166, 1, NULL, NULL, 3701),
(3701, 364, 'Mogra ', 'Active', 3701, 1456217166, 1, NULL, NULL, 3702),
(3702, 488, 'Amilais ', 'Active', 3702, 1456217166, 1, NULL, NULL, 3703),
(3703, 296, 'Fatehpur ', 'Active', 3703, 1456217166, 1, NULL, NULL, 3704),
(3704, 364, 'Uttar Akhaura ', 'Active', 3704, 1456217166, 1, NULL, NULL, 3705),
(3705, 1, 'Gayabari ', 'Active', 3705, 1456217166, 1, NULL, NULL, 3706),
(3706, 296, 'Jointapur ', 'Active', 3706, 1456217166, 1, NULL, NULL, 3707),
(3707, 1, 'Jhunagachhchapani ', 'Active', 3707, 1456217166, 1, NULL, NULL, 3708),
(3708, 488, 'Eochia ', 'Active', 3708, 1456217166, 1, NULL, NULL, 3709),
(3709, 296, 'Nijpat ', 'Active', 3709, 1456217166, 1, NULL, NULL, 3710),
(3710, 365, 'Dakshin Banchharampur ', 'Active', 3710, 1456217166, 1, NULL, NULL, 3711),
(3711, 1, 'Khalishachapani ', 'Active', 3711, 1456217166, 1, NULL, NULL, 3712),
(3712, 365, 'Dariadaulat ', 'Active', 3712, 1456217166, 1, NULL, NULL, 3713),
(3713, 488, 'Bazalia ', 'Active', 3713, 1456217166, 1, NULL, NULL, 3714),
(3714, 296, 'Chikangul ', 'Active', 3714, 1456217166, 1, NULL, NULL, 3715),
(3715, 1, 'Khogakharibari ', 'Active', 3715, 1456217166, 1, NULL, NULL, 3716),
(3716, 365, 'Pahariakandi ', 'Active', 3716, 1456217166, 1, NULL, NULL, 3717),
(3717, 488, 'Charati ', 'Active', 3717, 1456217166, 1, NULL, NULL, 3718),
(3718, 365, 'Paschim Saifullakandi ', 'Active', 3718, 1456217166, 1, NULL, NULL, 3719),
(3719, 1, 'Naotara ', 'Active', 3719, 1456217166, 1, NULL, NULL, 3720),
(3720, 365, 'Paschim Rupasdi ', 'Active', 3720, 1456217166, 1, NULL, NULL, 3721),
(3721, 298, 'Hatkhola ', 'Active', 3721, 1456217166, 1, NULL, NULL, 3722),
(3722, 365, 'Paschim Ujan Char ', 'Active', 3722, 1456217166, 1, NULL, NULL, 3723),
(3723, 1, 'Paschimchhatnai ', 'Active', 3723, 1456217166, 1, NULL, NULL, 3724),
(3724, 298, 'Jalalabad ', 'Active', 3724, 1456217166, 1, NULL, NULL, 3725),
(3725, 365, 'Dorikandi ', 'Active', 3725, 1456217166, 1, NULL, NULL, 3726),
(3726, 1, 'Purbachhatnai ', 'Active', 3726, 1456217166, 1, NULL, NULL, 3727),
(3727, 365, 'Purba Rupasdi ', 'Active', 3727, 1456217166, 1, NULL, NULL, 3728),
(3728, 298, 'Kandigaon ', 'Active', 3728, 1456217166, 1, NULL, NULL, 3729),
(3729, 365, 'Purba Ujan Char ', 'Active', 3729, 1456217166, 1, NULL, NULL, 3730),
(3730, 298, 'Khadimnagar ', 'Active', 3730, 1456217166, 1, NULL, NULL, 3731),
(3731, 365, 'Salimabad ', 'Active', 3731, 1456217166, 1, NULL, NULL, 3732),
(3732, 298, 'Khadim Para ', 'Active', 3732, 1456217166, 1, NULL, NULL, 3733),
(3733, 365, 'Sonarampur ', 'Active', 3733, 1456217166, 1, NULL, NULL, 3734),
(3734, 1, 'Purbachhatnai ', 'Active', 3734, 1456217166, 1, NULL, NULL, 3735),
(3735, 365, 'Tezkhali ', 'Active', 3735, 1456217166, 1, NULL, NULL, 3736),
(3736, 298, 'Mogalgaon ', 'Active', 3736, 1456217166, 1, NULL, NULL, 3737),
(3737, 1, 'Tepakharibari ', 'Active', 3737, 1456217166, 1, NULL, NULL, 3738),
(3738, 365, 'Uttar Banchharampur ', 'Active', 3738, 1456217166, 1, NULL, NULL, 3739),
(3739, 298, 'Tuker Bazar ', 'Active', 3739, 1456217166, 1, NULL, NULL, 3740),
(3740, 11, 'Bamunia ', 'Active', 3740, 1456217166, 1, NULL, NULL, 3741),
(3741, 298, 'Tultikar ', 'Active', 3741, 1456217166, 1, NULL, NULL, 3742),
(3742, 488, 'Dhemsa ', 'Active', 3742, 1456217166, 1, NULL, NULL, 3743),
(3743, 11, 'Bhogdaburi ', 'Active', 3743, 1456217166, 1, NULL, NULL, 3744),
(3744, 488, 'Dharmapur ', 'Active', 3744, 1456217166, 1, NULL, NULL, 3745),
(3745, 11, 'Boragari ', 'Active', 3745, 1456217166, 1, NULL, NULL, 3746),
(3746, 488, 'Kaliais ', 'Active', 3746, 1456217166, 1, NULL, NULL, 3747),
(3747, 488, 'Kanchana ', 'Active', 3747, 1456217166, 1, NULL, NULL, 3748),
(3748, 11, 'Domar ', 'Active', 3748, 1456217166, 1, NULL, NULL, 3749),
(3749, 488, 'Keochia ', 'Active', 3749, 1456217166, 1, NULL, NULL, 3750),
(3750, 11, 'Gomnati ', 'Active', 3750, 1456217166, 1, NULL, NULL, 3751),
(3751, 488, 'Khagaria ', 'Active', 3751, 1456217166, 1, NULL, NULL, 3752),
(3752, 11, 'Harinchara ', 'Active', 3752, 1456217166, 1, NULL, NULL, 3753),
(3753, 488, 'Madrasa ', 'Active', 3753, 1456217166, 1, NULL, NULL, 3754),
(3754, 488, 'Nalua ', 'Active', 3754, 1456217166, 1, NULL, NULL, 3755),
(3755, 367, 'Basudeb ', 'Active', 3755, 1456217166, 1, NULL, NULL, 3756),
(3756, 367, 'Budhanti ', 'Active', 3756, 1456217166, 1, NULL, NULL, 3757),
(3757, 488, 'Puranghar ', 'Active', 3757, 1456217166, 1, NULL, NULL, 3758),
(3758, 11, 'Harinchara ', 'Active', 3758, 1456217166, 1, NULL, NULL, 3759),
(3759, 367, 'Chandura ', 'Active', 3759, 1456217166, 1, NULL, NULL, 3760),
(3760, 367, 'Char Islampur ', 'Active', 3760, 1456217166, 1, NULL, NULL, 3761),
(3761, 11, 'Jorabari ', 'Active', 3761, 1456217166, 1, NULL, NULL, 3762),
(3762, 11, 'Ketkibari ', 'Active', 3762, 1456217166, 1, NULL, NULL, 3763),
(3763, 367, 'Dakshin Natai ', 'Active', 3763, 1456217166, 1, NULL, NULL, 3764),
(3764, 11, 'Pangamutakpur ', 'Active', 3764, 1456217166, 1, NULL, NULL, 3765),
(3765, 11, 'Sonaroy ', 'Active', 3765, 1456217166, 1, NULL, NULL, 3766),
(3766, 136, 'Adhaipur', 'Active', 3766, 1456217166, 1, NULL, NULL, 3767),
(3767, 136, 'Badalgachhi', 'Active', 3767, 1456217166, 1, NULL, NULL, 3768),
(3768, 9, 'Balagram ', 'Active', 3768, 1456217166, 1, NULL, NULL, 3769),
(3769, 136, 'Balubhara', 'Active', 3769, 1456217166, 1, NULL, NULL, 3770),
(3770, 136, 'Bilasbari', 'Active', 3770, 1456217166, 1, NULL, NULL, 3771),
(3771, 9, 'Daoabari ', 'Active', 3771, 1456217166, 1, NULL, NULL, 3772),
(3772, 136, 'Kola', 'Active', 3772, 1456217166, 1, NULL, NULL, 3773),
(3773, 136, 'Mathurapur', 'Active', 3773, 1456217166, 1, NULL, NULL, 3774),
(3774, 9, 'Dharmapal ', 'Active', 3774, 1456217166, 1, NULL, NULL, 3775),
(3775, 367, 'Dakshin Shuhilpur ', 'Active', 3775, 1456217166, 1, NULL, NULL, 3776),
(3776, 9, 'Golmunda ', 'Active', 3776, 1456217166, 1, NULL, NULL, 3777),
(3777, 488, 'Chhadaha ', 'Active', 3777, 1456217166, 1, NULL, NULL, 3778),
(3778, 367, 'Dakshin Singerbil ', 'Active', 3778, 1456217166, 1, NULL, NULL, 3779),
(3779, 9, 'Golna ', 'Active', 3779, 1456217166, 1, NULL, NULL, 3780),
(3780, 488, 'Satkania ', 'Active', 3780, 1456217166, 1, NULL, NULL, 3781),
(3781, 367, 'Harashpur ', 'Active', 3781, 1456217166, 1, NULL, NULL, 3782),
(3782, 488, 'Sonakania ', 'Active', 3782, 1456217166, 1, NULL, NULL, 3783),
(3783, 9, 'Koimari ', 'Active', 3783, 1456217166, 1, NULL, NULL, 3784),
(3784, 367, 'Machhihata ', 'Active', 3784, 1456217166, 1, NULL, NULL, 3785),
(3785, 488, 'Paschim Dhemsa ', 'Active', 3785, 1456217166, 1, NULL, NULL, 3786),
(3786, 136, 'Paharpur', 'Active', 3786, 1456217166, 1, NULL, NULL, 3787),
(3787, 367, 'Majlishpur ', 'Active', 3787, 1456217166, 1, NULL, NULL, 3788),
(3788, 9, 'Koimari ', 'Active', 3788, 1456217166, 1, NULL, NULL, 3789),
(3789, 136, 'Midhapur', 'Active', 3789, 1456217166, 1, NULL, NULL, 3790),
(3790, 485, 'Asia ', 'Active', 3790, 1456217166, 1, NULL, NULL, 3791),
(3791, 485, 'Baralia ', 'Active', 3791, 1456217166, 1, NULL, NULL, 3792),
(3792, 367, 'Paharpur ', 'Active', 3792, 1456217166, 1, NULL, NULL, 3793),
(3793, 9, 'Kanthali ', 'Active', 3793, 1456217166, 1, NULL, NULL, 3794),
(3794, 485, 'Bara Uthan ', 'Active', 3794, 1456217166, 1, NULL, NULL, 3795),
(3795, 367, 'Pattan ', 'Active', 3795, 1456217166, 1, NULL, NULL, 3796),
(3796, 9, 'Khutamara ', 'Active', 3796, 1456217166, 1, NULL, NULL, 3797),
(3797, 485, 'Bhatikhain ', 'Active', 3797, 1456217166, 1, NULL, NULL, 3798),
(3798, 367, 'Purba Talsahar ', 'Active', 3798, 1456217166, 1, NULL, NULL, 3799),
(3799, 9, 'Mirganj ', 'Active', 3799, 1456217166, 1, NULL, NULL, 3800),
(3800, 485, 'Chanhara ', 'Active', 3800, 1456217166, 1, NULL, NULL, 3801),
(3801, 367, 'Ramrail ', 'Active', 3801, 1456217166, 1, NULL, NULL, 3802),
(3802, 9, 'Shimulbari ', 'Active', 3802, 1456217166, 1, NULL, NULL, 3803),
(3803, 9, 'Shoulmari ', 'Active', 3803, 1456217166, 1, NULL, NULL, 3804),
(3804, 367, 'Sadekpur ', 'Active', 3804, 1456217166, 1, NULL, NULL, 3805),
(3805, 367, 'Sultanpur ', 'Active', 3805, 1456217166, 1, NULL, NULL, 3806),
(3806, 10, 'Bahagili ', 'Active', 3806, 1456217166, 1, NULL, NULL, 3807),
(3807, 485, 'Char Lakshya ', 'Active', 3807, 1456217166, 1, NULL, NULL, 3808),
(3808, 10, 'Barabhita ', 'Active', 3808, 1456217166, 1, NULL, NULL, 3809),
(3809, 485, 'Char Patharghata ', 'Active', 3809, 1456217166, 1, NULL, NULL, 3810),
(3810, 367, 'Uttar Ichhapur ', 'Active', 3810, 1456217166, 1, NULL, NULL, 3811),
(3811, 485, 'Dhalghat ', 'Active', 3811, 1456217166, 1, NULL, NULL, 3812),
(3812, 367, 'Uttar Natai ', 'Active', 3812, 1456217166, 1, NULL, NULL, 3813),
(3813, 10, 'Chandkhana ', 'Active', 3813, 1456217166, 1, NULL, NULL, 3814),
(3814, 485, 'Habilas Dwip ', 'Active', 3814, 1456217166, 1, NULL, NULL, 3815),
(3815, 367, 'Budhal ', 'Active', 3815, 1456217166, 1, NULL, NULL, 3816),
(3816, 10, 'Garagram ', 'Active', 3816, 1456217166, 1, NULL, NULL, 3817),
(3817, 485, 'Haidgaon ', 'Active', 3817, 1456217166, 1, NULL, NULL, 3818),
(3818, 367, 'Bishnapur ', 'Active', 3818, 1456217166, 1, NULL, NULL, 3819),
(3819, 485, 'Junglekhain ', 'Active', 3819, 1456217166, 1, NULL, NULL, 3820),
(3820, 10, 'Kishoreganj ', 'Active', 3820, 1456217166, 1, NULL, NULL, 3821),
(3821, 485, 'Juldha ', 'Active', 3821, 1456217166, 1, NULL, NULL, 3822),
(3822, 367, 'Chompok Nagar ', 'Active', 3822, 1456217166, 1, NULL, NULL, 3823),
(3823, 10, 'Magura ', 'Active', 3823, 1456217166, 1, NULL, NULL, 3824),
(3824, 485, 'Kachuai ', 'Active', 3824, 1456217166, 1, NULL, NULL, 3825),
(3825, 485, 'Kasiais ', 'Active', 3825, 1456217166, 1, NULL, NULL, 3826),
(3826, 10, 'Nitai ', 'Active', 3826, 1456217166, 1, NULL, NULL, 3827),
(3827, 485, 'Kelishahar ', 'Active', 3827, 1456217166, 1, NULL, NULL, 3828),
(3828, 10, 'Putimari ', 'Active', 3828, 1456217166, 1, NULL, NULL, 3829),
(3829, 485, 'Kharana ', 'Active', 3829, 1456217166, 1, NULL, NULL, 3830),
(3830, 137, 'Agradigun', 'Active', 3830, 1456217166, 1, NULL, NULL, 3831),
(3831, 10, 'Ranachandi ', 'Active', 3831, 1456217166, 1, NULL, NULL, 3832),
(3832, 369, 'Badair ', 'Active', 3832, 1456217166, 1, NULL, NULL, 3833),
(3833, 137, 'Alampur', 'Active', 3833, 1456217166, 1, NULL, NULL, 3834),
(3834, 485, 'Kolagaon ', 'Active', 3834, 1456217166, 1, NULL, NULL, 3835),
(3835, 137, 'Aranagar', 'Active', 3835, 1456217166, 1, NULL, NULL, 3836),
(3836, 137, 'Dhamoirhat', 'Active', 3836, 1456217166, 1, NULL, NULL, 3837),
(3837, 369, 'Bayek ', 'Active', 3837, 1456217166, 1, NULL, NULL, 3838),
(3838, 12, 'Chaprasaramjani ', 'Active', 3838, 1456217166, 1, NULL, NULL, 3839),
(3839, 485, 'Kusumpura ', 'Active', 3839, 1456217166, 1, NULL, NULL, 3840),
(3840, 137, 'Isabpur', 'Active', 3840, 1456217166, 1, NULL, NULL, 3841),
(3841, 137, 'Jahanpur', 'Active', 3841, 1456217166, 1, NULL, NULL, 3842),
(3842, 369, 'Binauti ', 'Active', 3842, 1456217166, 1, NULL, NULL, 3843),
(3843, 12, 'Charaikhola ', 'Active', 3843, 1456217166, 1, NULL, NULL, 3844),
(3844, 485, 'Sikalbaha ', 'Active', 3844, 1456217166, 1, NULL, NULL, 3845),
(3845, 137, 'Umar', 'Active', 3845, 1456217166, 1, NULL, NULL, 3846),
(3846, 369, 'Gopinathpur ', 'Active', 3846, 1456217166, 1, NULL, NULL, 3847),
(3847, 485, 'Sobhandandi ', 'Active', 3847, 1456217166, 1, NULL, NULL, 3848),
(3848, 12, 'Chaorabargachha ', 'Active', 3848, 1456217166, 1, NULL, NULL, 3849),
(3849, 369, 'Kayempur ', 'Active', 3849, 1456217166, 1, NULL, NULL, 3850),
(3850, 485, 'South Bhurshi ', 'Active', 3850, 1456217166, 1, NULL, NULL, 3851),
(3851, 12, 'Gorgram ', 'Active', 3851, 1456217166, 1, NULL, NULL, 3852),
(3852, 369, 'Kharera ', 'Active', 3852, 1456217166, 1, NULL, NULL, 3853),
(3853, 485, 'Jiri ', 'Active', 3853, 1456217166, 1, NULL, NULL, 3854),
(3854, 12, 'Itakhola ', 'Active', 3854, 1456217166, 1, NULL, NULL, 3855),
(3855, 369, 'Kuti ', 'Active', 3855, 1456217166, 1, NULL, NULL, 3856),
(3856, 12, 'Kachukata ', 'Active', 3856, 1456217166, 1, NULL, NULL, 3857),
(3857, 487, 'Bailtali ', 'Active', 3857, 1456217167, 1, NULL, NULL, 3858),
(3858, 369, 'Mehari ', 'Active', 3858, 1456217167, 1, NULL, NULL, 3859),
(3859, 12, 'Khokshabari ', 'Active', 3859, 1456217167, 1, NULL, NULL, 3860),
(3860, 369, 'Mulgram ', 'Active', 3860, 1456217167, 1, NULL, NULL, 3861),
(3861, 12, 'Kundupukur ', 'Active', 3861, 1456217167, 1, NULL, NULL, 3862),
(3862, 139, 'Bhimpur', 'Active', 3862, 1456217167, 1, NULL, NULL, 3863),
(3863, 12, 'Laxmichap ', 'Active', 3863, 1456217167, 1, NULL, NULL, 3864),
(3864, 139, 'Chandas', 'Active', 3864, 1456217167, 1, NULL, NULL, 3865),
(3865, 139, 'Cheragpur', 'Active', 3865, 1456217167, 1, NULL, NULL, 3866),
(3866, 12, 'Panchapukur ', 'Active', 3866, 1456217167, 1, NULL, NULL, 3867),
(3867, 139, 'Enayetpur', 'Active', 3867, 1456217167, 1, NULL, NULL, 3868),
(3868, 139, 'Hatur', 'Active', 3868, 1456217167, 1, NULL, NULL, 3869),
(3869, 12, 'Palashbari ', 'Active', 3869, 1456217167, 1, NULL, NULL, 3870),
(3870, 139, 'Khajur', 'Active', 3870, 1456217167, 1, NULL, NULL, 3871),
(3871, 139, 'Mahadebpur', 'Active', 3871, 1456217167, 1, NULL, NULL, 3872),
(3872, 139, 'Raigaon', 'Active', 3872, 1456217167, 1, NULL, NULL, 3873),
(3873, 12, 'Ramnagar ', 'Active', 3873, 1456217167, 1, NULL, NULL, 3874),
(3874, 139, 'Safapur', 'Active', 3874, 1456217167, 1, NULL, NULL, 3875),
(3875, 12, 'Songolshi ', 'Active', 3875, 1456217167, 1, NULL, NULL, 3876),
(3876, 139, 'Uttargram', 'Active', 3876, 1456217167, 1, NULL, NULL, 3877),
(3877, 12, 'Sonaroy ', 'Active', 3877, 1456217167, 1, NULL, NULL, 3878),
(3878, 12, 'Tupamari ', 'Active', 3878, 1456217167, 1, NULL, NULL, 3879),
(3879, 487, 'Barkal ', 'Active', 3879, 1456217167, 1, NULL, NULL, 3880),
(3880, 13, 'Bangalipur ', 'Active', 3880, 1456217167, 1, NULL, NULL, 3881),
(3881, 13, 'Botlagari ', 'Active', 3881, 1456217167, 1, NULL, NULL, 3882),
(3882, 13, 'Kamarpukur ', 'Active', 3882, 1456217167, 1, NULL, NULL, 3883),
(3883, 370, 'Barikandi ', 'Active', 3883, 1456217167, 1, NULL, NULL, 3884),
(3884, 13, 'Khatamadhupur ', 'Active', 3884, 1456217167, 1, NULL, NULL, 3885),
(3885, 370, 'Barail ', 'Active', 3885, 1456217167, 1, NULL, NULL, 3886),
(3886, 13, 'Kushirambelpukur ', 'Active', 3886, 1456217167, 1, NULL, NULL, 3887),
(3887, 370, 'Biddyakut ', 'Active', 3887, 1456217167, 1, NULL, NULL, 3888),
(3888, 140, 'Baktarpur', 'Active', 3888, 1456217167, 1, NULL, NULL, 3889),
(3889, 487, 'Barama ', 'Active', 3889, 1456217167, 1, NULL, NULL, 3890),
(3890, 140, 'Balihat', 'Active', 3890, 1456217167, 1, NULL, NULL, 3891),
(3891, 370, 'Birgaon ', 'Active', 3891, 1456217167, 1, NULL, NULL, 3892),
(3892, 140, 'Barshail', 'Active', 3892, 1456217167, 1, NULL, NULL, 3893),
(3893, 140, 'Boalia', 'Active', 3893, 1456217167, 1, NULL, NULL, 3894),
(3894, 487, 'Dhopachhari ', 'Active', 3894, 1456217167, 1, NULL, NULL, 3895),
(3895, 370, 'Ibrahimpur ', 'Active', 3895, 1456217167, 1, NULL, NULL, 3896),
(3896, 140, 'Moilagachhi', 'Active', 3896, 1456217167, 1, NULL, NULL, 3897),
(3897, 140, 'Chandipur', 'Active', 3897, 1456217167, 1, NULL, NULL, 3898),
(3898, 487, 'Dohazari ', 'Active', 3898, 1456217167, 1, NULL, NULL, 3899),
(3899, 140, 'Dubalhat', 'Active', 3899, 1456217167, 1, NULL, NULL, 3900),
(3900, 140, 'Hapania', 'Active', 3900, 1456217167, 1, NULL, NULL, 3901),
(3901, 487, 'Hashimpur ', 'Active', 3901, 1456217167, 1, NULL, NULL, 3902),
(3902, 140, 'Hashaigarhi', 'Active', 3902, 1456217167, 1, NULL, NULL, 3903),
(3903, 487, 'Joara ', 'Active', 3903, 1456217167, 1, NULL, NULL, 3904),
(3904, 487, 'Kanchanabad ', 'Active', 3904, 1456217167, 1, NULL, NULL, 3905),
(3905, 140, 'Kirttipur', 'Active', 3905, 1456217167, 1, NULL, NULL, 3906),
(3906, 370, 'Jinudpur ', 'Active', 3906, 1456217167, 1, NULL, NULL, 3907),
(3907, 140, 'Shikarpur', 'Active', 3907, 1456217167, 1, NULL, NULL, 3908),
(3908, 487, 'Satbaria ', 'Active', 3908, 1456217167, 1, NULL, NULL, 3909),
(3909, 370, 'Kaitala ', 'Active', 3909, 1456217167, 1, NULL, NULL, 3910),
(3910, 140, 'Tilakpur', 'Active', 3910, 1456217167, 1, NULL, NULL, 3911),
(3911, 370, 'Krishnanagar ', 'Active', 3911, 1456217167, 1, NULL, NULL, 3912),
(3912, 370, 'Laur Fatehpur ', 'Active', 3912, 1456217167, 1, NULL, NULL, 3913),
(3913, 370, 'Natghar ', 'Active', 3913, 1456217167, 1, NULL, NULL, 3914),
(3914, 370, 'Paschim Nabinagar ', 'Active', 3914, 1456217167, 1, NULL, NULL, 3915),
(3915, 484, 'Ahla Karaldanga ', 'Active', 3915, 1456217167, 1, NULL, NULL, 3916),
(3916, 370, 'Purba Nabinagar ', 'Active', 3916, 1456217167, 1, NULL, NULL, 3917),
(3917, 484, 'Amuchia ', 'Active', 3917, 1456217167, 1, NULL, NULL, 3918),
(3918, 142, 'Akbarpur', 'Active', 3918, 1456217167, 1, NULL, NULL, 3919),
(3919, 370, 'Rasullabad ', 'Active', 3919, 1456217167, 1, NULL, NULL, 3920),
(3920, 142, 'Amair', 'Active', 3920, 1456217167, 1, NULL, NULL, 3921),
(3921, 484, 'Charandwip ', 'Active', 3921, 1456217167, 1, NULL, NULL, 3922),
(3922, 142, 'Dibar', 'Active', 3922, 1456217167, 1, NULL, NULL, 3923),
(3923, 142, 'Ghoshnagar', 'Active', 3923, 1456217167, 1, NULL, NULL, 3924),
(3924, 484, 'Purba Gomdandi ', 'Active', 3924, 1456217167, 1, NULL, NULL, 3925),
(3925, 142, 'Krishnapur', 'Active', 3925, 1456217167, 1, NULL, NULL, 3926),
(3926, 370, 'Ratanpur ', 'Active', 3926, 1456217167, 1, NULL, NULL, 3927),
(3927, 142, 'Matindar', 'Active', 3927, 1456217167, 1, NULL, NULL, 3928),
(3928, 484, 'Kadhurkhil ', 'Active', 3928, 1456217167, 1, NULL, NULL, 3929),
(3929, 142, 'Nazipur', 'Active', 3929, 1456217167, 1, NULL, NULL, 3930),
(3930, 142, 'Nirmail', 'Active', 3930, 1456217167, 1, NULL, NULL, 3931),
(3931, 484, 'Popadia ', 'Active', 3931, 1456217167, 1, NULL, NULL, 3932),
(3932, 142, 'Patichara', 'Active', 3932, 1456217167, 1, NULL, NULL, 3933),
(3933, 484, 'Saroatali ', 'Active', 3933, 1456217167, 1, NULL, NULL, 3934),
(3934, 142, 'Patnitala', 'Active', 3934, 1456217167, 1, NULL, NULL, 3935),
(3935, 370, 'Salimganj ', 'Active', 3935, 1456217167, 1, NULL, NULL, 3936),
(3936, 484, 'Shakpura ', 'Active', 3936, 1456217167, 1, NULL, NULL, 3937),
(3937, 142, 'Shihara', 'Active', 3937, 1456217167, 1, NULL, NULL, 3938),
(3938, 484, 'Sreepur Kharandwip ', 'Active', 3938, 1456217167, 1, NULL, NULL, 3939),
(3939, 370, 'Satmura ', 'Active', 3939, 1456217167, 1, NULL, NULL, 3940),
(3940, 484, 'Paschim Gomdandi ', 'Active', 3940, 1456217167, 1, NULL, NULL, 3941),
(3941, 370, 'Shibpur ', 'Active', 3941, 1456217167, 1, NULL, NULL, 3942),
(3942, 370, 'Shyamgram ', 'Active', 3942, 1456217167, 1, NULL, NULL, 3943),
(3943, 370, 'Sreerampur ', 'Active', 3943, 1456217167, 1, NULL, NULL, 3944),
(3944, 366, 'Budhinti Union Parished', 'Active', 3944, 1456217167, 1, NULL, NULL, 3945),
(3945, 366, 'Chandura ', 'Active', 3945, 1456217167, 1, NULL, NULL, 3946),
(3946, 145, 'Aihai', 'Active', 3946, 1456217167, 1, NULL, NULL, 3947),
(3947, 145, 'Goala', 'Active', 3947, 1456217167, 1, NULL, NULL, 3948),
(3948, 366, 'Ichapura ', 'Active', 3948, 1456217167, 1, NULL, NULL, 3949),
(3949, 145, 'Patari', 'Active', 3949, 1456217167, 1, NULL, NULL, 3950),
(3950, 145, 'Sapahar', 'Active', 3950, 1456217167, 1, NULL, NULL, 3951),
(3951, 145, 'Shiranti', 'Active', 3951, 1456217167, 1, NULL, NULL, 3952),
(3952, 366, 'Char Islampur ', 'Active', 3952, 1456217167, 1, NULL, NULL, 3953),
(3953, 145, 'Tilna', 'Active', 3953, 1456217167, 1, NULL, NULL, 3954),
(3954, 366, 'Portoon  ', 'Active', 3954, 1456217167, 1, NULL, NULL, 3955),
(3955, 366, 'Champok Nagar ', 'Active', 3955, 1456217167, 1, NULL, NULL, 3956),
(3956, 366, 'Singerbil ', 'Active', 3956, 1456217167, 1, NULL, NULL, 3957),
(3957, 366, 'Bishnopur ', 'Active', 3957, 1456217167, 1, NULL, NULL, 3958),
(3958, 366, 'Horospur ', 'Active', 3958, 1456217167, 1, NULL, NULL, 3959),
(3959, 366, 'Paharpur ', 'Active', 3959, 1456217167, 1, NULL, NULL, 3960),
(3960, 356, 'Ashikati ', 'Active', 3960, 1456217167, 1, NULL, NULL, 3961),
(3961, 356, 'Kalyanpur ', 'Active', 3961, 1456217167, 1, NULL, NULL, 3962),
(3962, 356, 'Baghadi ', 'Active', 3962, 1456217167, 1, NULL, NULL, 3963),
(3963, 356, 'Balia ', 'Active', 3963, 1456217167, 1, NULL, NULL, 3964),
(3964, 356, 'Bishnupur ', 'Active', 3964, 1456217167, 1, NULL, NULL, 3965),
(3965, 356, 'Chandra ', 'Active', 3965, 1456217167, 1, NULL, NULL, 3966),
(3966, 356, 'Hanar Char ', 'Active', 3966, 1456217167, 1, NULL, NULL, 3967),
(3967, 356, 'Ibrahimpur ', 'Active', 3967, 1456217167, 1, NULL, NULL, 3968),
(3968, 356, 'Maishadi ', 'Active', 3968, 1456217167, 1, NULL, NULL, 3969),
(3969, 356, 'Rajrajeshwar ', 'Active', 3969, 1456217167, 1, NULL, NULL, 3970),
(3970, 356, 'Shah Mahmudpur ', 'Active', 3970, 1456217167, 1, NULL, NULL, 3971),
(3971, 356, 'Rampur ', 'Active', 3971, 1456217167, 1, NULL, NULL, 3972),
(3972, 356, 'Sakua ', 'Active', 3972, 1456217167, 1, NULL, NULL, 3973),
(3973, 356, 'Tarpur Chandi ', 'Active', 3973, 1456217167, 1, NULL, NULL, 3974),
(3974, 363, 'Chitoshi(E) ', 'Active', 3974, 1456217167, 1, NULL, NULL, 3975),
(3975, 363, 'Chitoshi(E)', 'Active', 3975, 1456217167, 1, NULL, NULL, 3976),
(3976, 363, 'Uttar Meher ', 'Active', 3976, 1456217167, 1, NULL, NULL, 3977),
(3977, 363, 'Dakshin Meher ', 'Active', 3977, 1456217167, 1, NULL, NULL, 3978),
(3978, 363, 'Dakshin Meher ', 'Active', 3978, 1456217167, 1, NULL, NULL, 3979),
(3979, 363, 'Uttar Roysree ', 'Active', 3979, 1456217167, 1, NULL, NULL, 3980),
(3980, 363, 'Dakshin Roysree ', 'Active', 3980, 1456217167, 1, NULL, NULL, 3981),
(3981, 363, 'Uttar Suchi Para ', 'Active', 3981, 1456217167, 1, NULL, NULL, 3982),
(3982, 363, 'Dakshin Suchi Para ', 'Active', 3982, 1456217167, 1, NULL, NULL, 3983),
(3983, 363, 'Tamta ', 'Active', 3983, 1456217167, 1, NULL, NULL, 3984),
(3984, 357, 'Purba Baluthuba ', 'Active', 3984, 1456217167, 1, NULL, NULL, 3985),
(3985, 357, 'Paschim Baluthuba ', 'Active', 3985, 1456217167, 1, NULL, NULL, 3986),
(3986, 357, 'Purba Char Dukhia ', 'Active', 3986, 1456217167, 1, NULL, NULL, 3987),
(3987, 357, 'Paschim Char Dukhia ', 'Active', 3987, 1456217167, 1, NULL, NULL, 3988),
(3988, 357, 'Uttar Faridganj ', 'Active', 3988, 1456217167, 1, NULL, NULL, 3989),
(3989, 357, 'Dakshin Faridganj ', 'Active', 3989, 1456217167, 1, NULL, NULL, 3990),
(3990, 357, 'Uttar Gobindapur ', 'Active', 3990, 1456217167, 1, NULL, NULL, 3991),
(3991, 357, 'Dakshin Gobindapur ', 'Active', 3991, 1456217167, 1, NULL, NULL, 3992),
(3992, 357, 'Purba Gupti ', 'Active', 3992, 1456217167, 1, NULL, NULL, 3993),
(3993, 357, 'Paschim Gupti ', 'Active', 3993, 1456217167, 1, NULL, NULL, 3994),
(3994, 357, 'Uttar Paikpara ', 'Active', 3994, 1456217167, 1, NULL, NULL, 3995),
(3995, 357, 'Dakshin Paik Para ', 'Active', 3995, 1456217167, 1, NULL, NULL, 3996),
(3996, 357, 'Uttar Rupsa ', 'Active', 3996, 1456217167, 1, NULL, NULL, 3997),
(3997, 357, 'Dakshin Rupsa ', 'Active', 3997, 1456217167, 1, NULL, NULL, 3998),
(3998, 357, 'Purba Subidpur ', 'Active', 3998, 1456217167, 1, NULL, NULL, 3999),
(3999, 357, 'Paschim Subidpur ', 'Active', 3999, 1456217167, 1, NULL, NULL, 4000),
(4000, 358, 'Uttar Algi Durgapur ', 'Active', 4000, 1456217167, 1, NULL, NULL, 4001),
(4001, 358, 'Dakshin Algi Durgapur ', 'Active', 4001, 1456217167, 1, NULL, NULL, 4002),
(4002, 358, 'Char Bhairabi ', 'Active', 4002, 1456217167, 1, NULL, NULL, 4003),
(4003, 358, 'Haim Char ', 'Active', 4003, 1456217167, 1, NULL, NULL, 4004),
(4004, 358, 'Gazipur ', 'Active', 4004, 1456217167, 1, NULL, NULL, 4005),
(4005, 358, 'Nilkamal ', 'Active', 4005, 1456217167, 1, NULL, NULL, 4006),
(4006, 359, ' Purba Barkur ', 'Active', 4006, 1456217167, 1, NULL, NULL, 4007),
(4007, 359, 'Paschim Barkur ', 'Active', 4007, 1456217167, 1, NULL, NULL, 4008),
(4008, 359, 'Uttar Gandharabpur ', 'Active', 4008, 1456217167, 1, NULL, NULL, 4009),
(4009, 359, 'Dakshin Gandharbapur ', 'Active', 4009, 1456217167, 1, NULL, NULL, 4010),
(4010, 359, 'Hajiganj ', 'Active', 4010, 1456217167, 1, NULL, NULL, 4011),
(4011, 359, 'Hatila Paschim ', 'Active', 4011, 1456217167, 1, NULL, NULL, 4012),
(4012, 359, 'Hatila Purba ', 'Active', 4012, 1456217167, 1, NULL, NULL, 4013),
(4013, 359, 'Uttar Kalocho ', 'Active', 4013, 1456217167, 1, NULL, NULL, 4014),
(4014, 359, 'Dakshin Kalocho ', 'Active', 4014, 1456217167, 1, NULL, NULL, 4015),
(4015, 359, 'Uttar Rajgaon ', 'Active', 4015, 1456217167, 1, NULL, NULL, 4016),
(4016, 359, 'Bakila (Dakshin Rajargaon) ', 'Active', 4016, 1456217167, 1, NULL, NULL, 4017),
(4017, 361, 'Baganbari ', 'Active', 4017, 1456217167, 1, NULL, NULL, 4018),
(4018, 361, 'Farajikandi ', 'Active', 4018, 1456217167, 1, NULL, NULL, 4019),
(4019, 361, 'Durgapur ', 'Active', 4019, 1456217167, 1, NULL, NULL, 4020),
(4020, 361, 'Purba Fatehpur ', 'Active', 4020, 1456217167, 1, NULL, NULL, 4021),
(4021, 361, 'Eklaspur ', 'Active', 4021, 1456217167, 1, NULL, NULL, 4022),
(4022, 361, 'Islamabad ', 'Active', 4022, 1456217167, 1, NULL, NULL, 4023),
(4023, 361, 'Jahirabad ', 'Active', 4023, 1456217167, 1, NULL, NULL, 4024),
(4024, 361, 'Kalakanda ', 'Active', 4024, 1456217167, 1, NULL, NULL, 4025),
(4025, 361, 'Mohanpur ', 'Active', 4025, 1456217167, 1, NULL, NULL, 4026),
(4026, 361, 'Sadullapur ', 'Active', 4026, 1456217167, 1, NULL, NULL, 4027),
(4027, 361, 'Satnal ', 'Active', 4027, 1456217167, 1, NULL, NULL, 4028),
(4028, 361, 'Sultanabad ', 'Active', 4028, 1456217167, 1, NULL, NULL, 4029),
(4029, 361, 'Paschim Fatehpur ', 'Active', 4029, 1456217167, 1, NULL, NULL, 4030),
(4030, 361, 'Gazra ', 'Active', 4030, 1456217167, 1, NULL, NULL, 4031),
(4031, 361, 'Paschim Fatehpur ', 'Active', 4031, 1456217167, 1, NULL, NULL, 4032),
(4032, 361, 'Gazra ', 'Active', 4032, 1456217167, 1, NULL, NULL, 4033),
(4033, 361, 'Khadergaon ', 'Active', 4033, 1456217167, 1, NULL, NULL, 4034),
(4034, 361, 'Narayanpur ', 'Active', 4034, 1456217167, 1, NULL, NULL, 4035),
(4035, 361, 'Uttar Nayergaon ', 'Active', 4035, 1456217167, 1, NULL, NULL, 4036),
(4036, 361, 'Uttar Upadi ', 'Active', 4036, 1456217167, 1, NULL, NULL, 4037),
(4037, 361, 'Dakhsin Nayergaon ', 'Active', 4037, 1456217167, 1, NULL, NULL, 4038),
(4038, 361, 'Dakshin Upadi ', 'Active', 4038, 1456217167, 1, NULL, NULL, 4039),
(4039, 360, 'Ashrafpur ', 'Active', 4039, 1456217167, 1, NULL, NULL, 4040),
(4040, 360, 'Bitara ', 'Active', 4040, 1456217167, 1, NULL, NULL, 4041),
(4041, 360, 'Uttar Gohat ', 'Active', 4041, 1456217167, 1, NULL, NULL, 4042),
(4042, 360, 'Dakshin Gohat ', 'Active', 4042, 1456217167, 1, NULL, NULL, 4043),
(4043, 360, 'Uttar Kachua ', 'Active', 4043, 1456217167, 1, NULL, NULL, 4044),
(4044, 360, 'Dakshin Kachua ', 'Active', 4044, 1456217167, 1, NULL, NULL, 4045),
(4045, 360, 'Kadla ', 'Active', 4045, 1456217167, 1, NULL, NULL, 4046),
(4046, 360, 'Karia ', 'Active', 4046, 1456217167, 1, NULL, NULL, 4047),
(4047, 360, 'Pathair ', 'Active', 4047, 1456217167, 1, NULL, NULL, 4048),
(4048, 360, 'Purba Sahadebpur ', 'Active', 4048, 1456217167, 1, NULL, NULL, 4049),
(4049, 360, 'Paschim Sahadebpur ', 'Active', 4049, 1456217167, 1, NULL, NULL, 4050),
(4050, 360, 'Sachar ', 'Active', 4050, 1456217167, 1, NULL, NULL, 4051),
(4051, 40, 'Damurhuda ', 'Active', 4051, 1456217167, 1, NULL, NULL, 4052),
(4052, 40, 'Howli ', 'Active', 4052, 1456217167, 1, NULL, NULL, 4053),
(4053, 40, 'Juranpur ', 'Active', 4053, 1456217167, 1, NULL, NULL, 4054),
(4054, 40, 'Karpasdanga ', 'Active', 4054, 1456217167, 1, NULL, NULL, 4055),
(4055, 40, 'Kuralgachhi ', 'Active', 4055, 1456217167, 1, NULL, NULL, 4056),
(4056, 40, 'Ramkrishnapur madna ', 'Active', 4056, 1456217167, 1, NULL, NULL, 4057),
(4057, 40, 'Natipota ', 'Active', 4057, 1456217167, 1, NULL, NULL, 4058),
(4058, 39, 'Alukdia ', 'Active', 4058, 1456217167, 1, NULL, NULL, 4059),
(4059, 39, 'Begampur ', 'Active', 4059, 1456217167, 1, NULL, NULL, 4060),
(4060, 39, 'Kutubpur ', 'Active', 4060, 1456217167, 1, NULL, NULL, 4061),
(4061, 39, 'Mominpur ', 'Active', 4061, 1456217167, 1, NULL, NULL, 4062),
(4062, 39, 'Padmabila ', 'Active', 4062, 1456217167, 1, NULL, NULL, 4063),
(4063, 39, 'Shankarchandra ', 'Active', 4063, 1456217167, 1, NULL, NULL, 4064),
(4064, 39, 'Titudaha ', 'Active', 4064, 1456217167, 1, NULL, NULL, 4065),
(4065, 41, 'Andulbaria ', 'Active', 4065, 1456217167, 1, NULL, NULL, 4066),
(4066, 41, 'Banka ', 'Active', 4066, 1456217167, 1, NULL, NULL, 4067),
(4067, 41, 'Simanta ', 'Active', 4067, 1456217167, 1, NULL, NULL, 4068),
(4068, 41, 'Uthali ', 'Active', 4068, 1456217167, 1, NULL, NULL, 4069),
(4069, 38, 'Belgachhi ', 'Active', 4069, 1456217167, 1, NULL, NULL, 4070),
(4070, 38, 'Baradi ', 'Active', 4070, 1456217167, 1, NULL, NULL, 4071),
(4071, 38, 'Bhangbaria ', 'Active', 4071, 1456217167, 1, NULL, NULL, 4072),
(4072, 38, 'Dauki ', 'Active', 4072, 1456217167, 1, NULL, NULL, 4073),
(4073, 38, 'Gangni ', 'Active', 4073, 1456217167, 1, NULL, NULL, 4074),
(4074, 38, 'Hardi ', 'Active', 4074, 1456217167, 1, NULL, NULL, 4075),
(4075, 38, 'Jamjami ', 'Active', 4075, 1456217167, 1, NULL, NULL, 4076),
(4076, 38, 'Jehala ', 'Active', 4076, 1456217167, 1, NULL, NULL, 4077),
(4077, 38, 'Khadimpur ', 'Active', 4077, 1456217167, 1, NULL, NULL, 4078),
(4078, 38, 'Kalidashpur ', 'Active', 4078, 1456217167, 1, NULL, NULL, 4079),
(4079, 38, 'Khaskarra ', 'Active', 4079, 1456217167, 1, NULL, NULL, 4080),
(4080, 38, 'Kumari ', 'Active', 4080, 1456217167, 1, NULL, NULL, 4081),
(4081, 38, 'Nagdaha ', 'Active', 4081, 1456217167, 1, NULL, NULL, 4082),
(4082, 343, 'Keronkhal ', 'Active', 4082, 1456217167, 1, NULL, NULL, 4083),
(4083, 343, 'Keronkhal ', 'Active', 4083, 1456217167, 1, NULL, NULL, 4084),
(4084, 343, 'Barera ', 'Active', 4084, 1456217167, 1, NULL, NULL, 4085),
(4085, 343, 'Bara Karai ', 'Active', 4085, 1456217167, 1, NULL, NULL, 4086),
(4086, 343, 'Juag ', 'Active', 4086, 1456217167, 1, NULL, NULL, 4087),
(4087, 343, 'Borkuit ', 'Active', 4087, 1456217167, 1, NULL, NULL, 4088),
(4088, 343, 'Etbarpur ', 'Active', 4088, 1456217167, 1, NULL, NULL, 4089),
(4089, 343, 'Madhya ', 'Active', 4089, 1456217167, 1, NULL, NULL, 4090),
(4090, 343, 'Gallai ', 'Active', 4090, 1456217167, 1, NULL, NULL, 4091),
(4091, 343, 'Nawabpur ', 'Active', 4091, 1456217167, 1, NULL, NULL, 4092),
(4092, 343, 'Mahichail ', 'Active', 4092, 1456217167, 1, NULL, NULL, 4093),
(4093, 343, 'Maijkhar ', 'Active', 4093, 1456217167, 1, NULL, NULL, 4094),
(4094, 343, 'Batagashi ', 'Active', 4094, 1456217167, 1, NULL, NULL, 4095),
(4095, 343, 'Suhilpur ', 'Active', 4095, 1456217167, 1, NULL, NULL, 4096),
(4096, 346, 'Barpara ', 'Active', 4096, 1456217167, 1, NULL, NULL, 4097),
(4097, 346, 'Uttar Daudkandi ', 'Active', 4097, 1456217167, 1, NULL, NULL, 4098),
(4098, 346, 'Gouripur ', 'Active', 4098, 1456217167, 1, NULL, NULL, 4099),
(4099, 346, 'Uttar Elliotganj ', 'Active', 4099, 1456217167, 1, NULL, NULL, 4100),
(4100, 346, 'Dakshin Elliotganj ', 'Active', 4100, 1456217167, 1, NULL, NULL, 4101),
(4101, 346, 'Jinglatali ', 'Active', 4101, 1456217167, 1, NULL, NULL, 4102),
(4102, 346, 'Goalmari ', 'Active', 4102, 1456217167, 1, NULL, NULL, 4103),
(4103, 346, 'Mohammadpur Purba ', 'Active', 4103, 1456217167, 1, NULL, NULL, 4104),
(4104, 346, 'Mohammadpur Paschim ', 'Active', 4104, 1456217167, 1, NULL, NULL, 4105),
(4105, 346, 'Purba Panchgachhia ', 'Active', 4105, 1456217167, 1, NULL, NULL, 4106),
(4106, 346, 'Paschim Panchgachhia ', 'Active', 4106, 1456217167, 1, NULL, NULL, 4107),
(4107, 346, 'Sundalpur ', 'Active', 4107, 1456217167, 1, NULL, NULL, 4108),
(4108, 346, 'Maruka ', 'Active', 4108, 1456217167, 1, NULL, NULL, 4109),
(4109, 346, 'Biteswar ', 'Active', 4109, 1456217167, 1, NULL, NULL, 4110),
(4110, 346, 'Padua ', 'Active', 4110, 1456217167, 1, NULL, NULL, 4111),
(4111, 347, 'Bhani ', 'Active', 4111, 1456217167, 1, NULL, NULL, 4112),
(4112, 347, 'Bara Shalghar ', 'Active', 4112, 1456217167, 1, NULL, NULL, 4113),
(4113, 347, 'Elahabad ', 'Active', 4113, 1456217167, 1, NULL, NULL, 4114);
INSERT INTO `ems_unions` (`id`, `upazilla_id`, `name`, `status`, `ordering`, `date_created`, `user_created`, `date_updated`, `user_updated`, `old_union_id`) VALUES
(4114, 347, 'Barkamta ', 'Active', 4114, 1456217167, 1, NULL, NULL, 4115),
(4115, 347, 'Dhamti ', 'Active', 4115, 1456217167, 1, NULL, NULL, 4116),
(4116, 347, 'Sultanpur ', 'Active', 4116, 1456217167, 1, NULL, NULL, 4117),
(4117, 347, 'Fatehabad ', 'Active', 4117, 1456217167, 1, NULL, NULL, 4118),
(4118, 347, 'Gunaighar ', 'Active', 4118, 1456217167, 1, NULL, NULL, 4119),
(4119, 347, 'Bankot ', 'Active', 4119, 1456217167, 1, NULL, NULL, 4120),
(4120, 347, 'Mohonpur ', 'Active', 4120, 1456217167, 1, NULL, NULL, 4121),
(4121, 347, 'Jaforganj ', 'Active', 4121, 1456217167, 1, NULL, NULL, 4122),
(4122, 347, 'Rajmehar ', 'Active', 4122, 1456217167, 1, NULL, NULL, 4123),
(4123, 347, 'Rasulpur ', 'Active', 4123, 1456217167, 1, NULL, NULL, 4124),
(4124, 347, 'Subil ', 'Active', 4124, 1456217167, 1, NULL, NULL, 4125),
(4125, 347, 'Yusufpur ', 'Active', 4125, 1456217167, 1, NULL, NULL, 4126),
(4126, 340, 'Adda ', 'Active', 4126, 1456217167, 1, NULL, NULL, 4127),
(4127, 340, 'Adra ', 'Active', 4127, 1456217167, 1, NULL, NULL, 4128),
(4128, 340, 'Aganagar ', 'Active', 4128, 1456217167, 1, NULL, NULL, 4129),
(4129, 340, 'Bhabanipur ', 'Active', 4129, 1456217167, 1, NULL, NULL, 4130),
(4130, 340, 'Deora ', 'Active', 4130, 1456217167, 1, NULL, NULL, 4131),
(4131, 340, 'Galimpur ', 'Active', 4131, 1456217167, 1, NULL, NULL, 4132),
(4132, 340, 'Chitodda ', 'Active', 4132, 1456217167, 1, NULL, NULL, 4133),
(4133, 340, 'Dakshin Jalam ', 'Active', 4133, 1456217167, 1, NULL, NULL, 4134),
(4134, 340, 'Uttar Khosbash ', 'Active', 4134, 1456217167, 1, NULL, NULL, 4135),
(4135, 340, 'Dakshin Khosbash ', 'Active', 4135, 1456217167, 1, NULL, NULL, 4136),
(4136, 340, 'Payalgachha ', 'Active', 4136, 1456217167, 1, NULL, NULL, 4137),
(4137, 340, 'Lakshmipur ', 'Active', 4137, 1456217167, 1, NULL, NULL, 4138),
(4138, 340, 'Uttar Shilmuri ', 'Active', 4138, 1456217167, 1, NULL, NULL, 4139),
(4139, 340, 'Dakshin Shilmuri ', 'Active', 4139, 1456217167, 1, NULL, NULL, 4140),
(4140, 348, 'Bhasania ', 'Active', 4140, 1456217167, 1, NULL, NULL, 4141),
(4141, 340, 'Asadpur ', 'Active', 4141, 1456217167, 1, NULL, NULL, 4142),
(4142, 340, 'Chanderchar ', 'Active', 4142, 1456217167, 1, NULL, NULL, 4143),
(4143, 348, 'Gharmora ', 'Active', 4143, 1456217167, 1, NULL, NULL, 4144),
(4144, 348, 'Dulalpur ', 'Active', 4144, 1456217167, 1, NULL, NULL, 4145),
(4145, 348, 'Ghagutia ', 'Active', 4145, 1456217167, 1, NULL, NULL, 4146),
(4146, 348, 'Mathabhanga ', 'Active', 4146, 1456217167, 1, NULL, NULL, 4147),
(4147, 348, 'Nilakhi ', 'Active', 4147, 1456217167, 1, NULL, NULL, 4148),
(4148, 348, 'Joypur ', 'Active', 4148, 1456217167, 1, NULL, NULL, 4149),
(4149, 351, 'Baishgaon ', 'Active', 4149, 1456217167, 1, NULL, NULL, 4150),
(4150, 351, 'Hasnabad ', 'Active', 4150, 1456217167, 1, NULL, NULL, 4151),
(4151, 348, 'Maisatua ', 'Active', 4151, 1456217167, 1, NULL, NULL, 4152),
(4152, 348, 'Uttar Jhalam ', 'Active', 4152, 1456217167, 1, NULL, NULL, 4153),
(4153, 348, 'Dakshin Jhalam ', 'Active', 4153, 1456217167, 1, NULL, NULL, 4154),
(4154, 351, 'Laxmanpur ', 'Active', 4154, 1456217167, 1, NULL, NULL, 4155),
(4155, 351, 'Nather Petua ', 'Active', 4155, 1456217167, 1, NULL, NULL, 4156),
(4156, 351, 'Bipulasar ', 'Active', 4156, 1456217167, 1, NULL, NULL, 4157),
(4157, 351, 'Sarashpur ', 'Active', 4157, 1456217167, 1, NULL, NULL, 4158),
(4158, 351, 'Khila ', 'Active', 4158, 1456217167, 1, NULL, NULL, 4159),
(4159, 351, 'Uttar Hawla ', 'Active', 4159, 1456217167, 1, NULL, NULL, 4160),
(4160, 341, 'Brahman Para ', 'Active', 4160, 1456217167, 1, NULL, NULL, 4161),
(4161, 341, 'Dulalpur ', 'Active', 4161, 1456217167, 1, NULL, NULL, 4162),
(4162, 341, 'Chandla ', 'Active', 4162, 1456217167, 1, NULL, NULL, 4163),
(4163, 341, 'Sidlai ', 'Active', 4163, 1456217167, 1, NULL, NULL, 4164),
(4164, 341, 'Madhabpur ', 'Active', 4164, 1456217167, 1, NULL, NULL, 4165),
(4165, 341, 'Malapara ', 'Active', 4165, 1456217167, 1, NULL, NULL, 4166),
(4166, 341, 'Sahebabad ', 'Active', 4166, 1456217167, 1, NULL, NULL, 4167),
(4167, 341, 'Shashidal ', 'Active', 4167, 1456217167, 1, NULL, NULL, 4168),
(4168, 342, 'Bakshimul ', 'Active', 4168, 1456217167, 1, NULL, NULL, 4169),
(4169, 342, 'Bharella ', 'Active', 4169, 1456217167, 1, NULL, NULL, 4170),
(4170, 342, 'Burichang ', 'Active', 4170, 1456217167, 1, NULL, NULL, 4171),
(4171, 342, 'Mainamati ', 'Active', 4171, 1456217167, 1, NULL, NULL, 4172),
(4172, 342, 'Mokam ', 'Active', 4172, 1456217167, 1, NULL, NULL, 4173),
(4173, 342, 'Pir Jatrapur ', 'Active', 4173, 1456217167, 1, NULL, NULL, 4174),
(4174, 342, 'Rajapur ', 'Active', 4174, 1456217167, 1, NULL, NULL, 4175),
(4175, 342, 'Sholanal ', 'Active', 4175, 1456217167, 1, NULL, NULL, 4176),
(4176, 344, 'Alkara ', 'Active', 4176, 1456217167, 1, NULL, NULL, 4177),
(4177, 344, 'Batisha ', 'Active', 4177, 1456217167, 1, NULL, NULL, 4178),
(4178, 344, 'Cheora ', 'Active', 4178, 1456217167, 1, NULL, NULL, 4179),
(4179, 344, 'Gholpasha ', 'Active', 4179, 1456217167, 1, NULL, NULL, 4180),
(4180, 344, 'Gunabati ', 'Active', 4180, 1456217167, 1, NULL, NULL, 4181),
(4181, 344, 'Jagannath Dighi ', 'Active', 4181, 1456217167, 1, NULL, NULL, 4182),
(4182, 344, 'Kalikapur ', 'Active', 4182, 1456217167, 1, NULL, NULL, 4183),
(4183, 344, 'Kankapait ', 'Active', 4183, 1456217167, 1, NULL, NULL, 4184),
(4184, 344, 'Kashinagar ', 'Active', 4184, 1456217167, 1, NULL, NULL, 4185),
(4185, 344, 'Munshirhat ', 'Active', 4185, 1456217167, 1, NULL, NULL, 4186),
(4186, 344, 'Shubhapur ', 'Active', 4186, 1456217167, 1, NULL, NULL, 4187),
(4187, 344, 'Sreepur ', 'Active', 4187, 1456217167, 1, NULL, NULL, 4188),
(4188, 344, 'Ujirpur ', 'Active', 4188, 1456217167, 1, NULL, NULL, 4189),
(4189, 349, 'Amratali ', 'Active', 4189, 1456217167, 1, NULL, NULL, 4190),
(4190, 349, 'Dakshin Durgapur ', 'Active', 4190, 1456217167, 1, NULL, NULL, 4191),
(4191, 349, 'Jagannathpur ', 'Active', 4191, 1456217167, 1, NULL, NULL, 4192),
(4192, 349, 'Kalir Bazar ', 'Active', 4192, 1456217167, 1, NULL, NULL, 4193),
(4193, 349, 'Panchthubi ', 'Active', 4193, 1456217167, 1, NULL, NULL, 4194),
(4194, 349, 'Uttar Durgapur ', 'Active', 4194, 1456217167, 1, NULL, NULL, 4195),
(4195, 354, 'Adra ', 'Active', 4195, 1456217167, 1, NULL, NULL, 4196),
(4196, 354, 'Bangodda ', 'Active', 4196, 1456217167, 1, NULL, NULL, 4197),
(4197, 354, 'Bakshaganj ', 'Active', 4197, 1456217167, 1, NULL, NULL, 4198),
(4198, 354, 'Dhalua ', 'Active', 4198, 1456217167, 1, NULL, NULL, 4199),
(4199, 354, 'Daulkhar ', 'Active', 4199, 1456217167, 1, NULL, NULL, 4200),
(4200, 354, 'Jodda ', 'Active', 4200, 1456217167, 1, NULL, NULL, 4201),
(4201, 354, 'Mokara ', 'Active', 4201, 1456217167, 1, NULL, NULL, 4202),
(4202, 354, 'Nangalkot ', 'Active', 4202, 1456217167, 1, NULL, NULL, 4203),
(4203, 354, 'Peria ', 'Active', 4203, 1456217167, 1, NULL, NULL, 4204),
(4204, 354, 'Roykot ', 'Active', 4204, 1456217167, 1, NULL, NULL, 4205),
(4205, 354, 'Satbaria ', 'Active', 4205, 1456217167, 1, NULL, NULL, 4206),
(4206, 354, 'Heshakhal ', 'Active', 4206, 1456217167, 1, NULL, NULL, 4207),
(4207, 355, 'Balarampur ', 'Active', 4207, 1456217167, 1, NULL, NULL, 4208),
(4208, 355, 'Bitikandi ', 'Active', 4208, 1456217167, 1, NULL, NULL, 4209),
(4209, 355, 'Jiarkandi ', 'Active', 4209, 1456217167, 1, NULL, NULL, 4210),
(4210, 355, 'Karikandi ', 'Active', 4210, 1456217167, 1, NULL, NULL, 4211),
(4211, 355, 'Satani ', 'Active', 4211, 1456217167, 1, NULL, NULL, 4212),
(4212, 355, 'Jagatpur ', 'Active', 4212, 1456217167, 1, NULL, NULL, 4213),
(4213, 355, 'Kalakandi ', 'Active', 4213, 1456217167, 1, NULL, NULL, 4214),
(4214, 355, 'Majidpur ', 'Active', 4214, 1456217167, 1, NULL, NULL, 4215),
(4215, 355, 'Narandia ', 'Active', 4215, 1456217167, 1, NULL, NULL, 4216),
(4216, 345, 'Bara Para ', 'Active', 4216, 1456217167, 1, NULL, NULL, 4217),
(4217, 345, 'Bijoypur ', 'Active', 4217, 1456217167, 1, NULL, NULL, 4218),
(4218, 345, 'Chouara ', 'Active', 4218, 1456217167, 1, NULL, NULL, 4219),
(4219, 345, 'Galiara ', 'Active', 4219, 1456217167, 1, NULL, NULL, 4220),
(4220, 345, 'Purba Jorekanan ', 'Active', 4220, 1456217167, 1, NULL, NULL, 4221),
(4221, 345, 'Paschim Jorekanan ', 'Active', 4221, 1456217167, 1, NULL, NULL, 4222),
(4222, 345, 'Baghmara ', 'Active', 4222, 1456217167, 1, NULL, NULL, 4223),
(4223, 345, 'Belghar ', 'Active', 4223, 1456217167, 1, NULL, NULL, 4224),
(4224, 345, 'Bholain ', 'Active', 4224, 1456217167, 1, NULL, NULL, 4225),
(4225, 345, 'Perul ', 'Active', 4225, 1456217167, 1, NULL, NULL, 4226),
(4226, 353, 'Akubpur ', 'Active', 4226, 1456217167, 1, NULL, NULL, 4227),
(4227, 353, 'Andikot ', 'Active', 4227, 1456217167, 1, NULL, NULL, 4228),
(4228, 353, 'Purba Bangara ', 'Active', 4228, 1456217167, 1, NULL, NULL, 4229),
(4229, 353, 'Paschim Bangara ', 'Active', 4229, 1456217167, 1, NULL, NULL, 4230),
(4230, 353, 'Chapitala ', 'Active', 4230, 1456217167, 1, NULL, NULL, 4231),
(4231, 353, 'Darora (Purba) ', 'Active', 4231, 1456217167, 1, NULL, NULL, 4232),
(4232, 353, 'Chhaliakandi ', 'Active', 4232, 1456217167, 1, NULL, NULL, 4233),
(4233, 353, 'Dhamghar ', 'Active', 4233, 1456217167, 1, NULL, NULL, 4234),
(4234, 353, 'Kamalla ', 'Active', 4234, 1456217167, 1, NULL, NULL, 4235),
(4235, 353, 'Jahapur ', 'Active', 4235, 1456217167, 1, NULL, NULL, 4236),
(4236, 353, 'Jatrapur ', 'Active', 4236, 1456217167, 1, NULL, NULL, 4237),
(4237, 353, 'Muradnagar ', 'Active', 4237, 1456217167, 1, NULL, NULL, 4238),
(4238, 353, 'Purba Nabipur ', 'Active', 4238, 1456217167, 1, NULL, NULL, 4239),
(4239, 353, 'Paschim Nabipur ', 'Active', 4239, 1456217167, 1, NULL, NULL, 4240),
(4240, 353, 'Paharpur ', 'Active', 4240, 1456217167, 1, NULL, NULL, 4241),
(4241, 353, 'Purba Purbadhair ', 'Active', 4241, 1456217167, 1, NULL, NULL, 4242),
(4242, 353, 'Paschim Purbadhair', 'Active', 4242, 1456217167, 1, NULL, NULL, 4243),
(4243, 353, 'Uttar Ramchandrapur ', 'Active', 4243, 1456217167, 1, NULL, NULL, 4244),
(4244, 353, 'Dakshin Ramchandrapur ', 'Active', 4244, 1456217167, 1, NULL, NULL, 4245),
(4245, 353, 'Sreekail ', 'Active', 4245, 1456217167, 1, NULL, NULL, 4246),
(4246, 353, 'Tonki ', 'Active', 4246, 1456217167, 1, NULL, NULL, 4247),
(4247, 353, 'Babutiparha ', 'Active', 4247, 1456217167, 1, NULL, NULL, 4248),
(4248, 352, 'Barakanda ', 'Active', 4248, 1456217167, 1, NULL, NULL, 4249),
(4249, 352, 'Chandanpur ', 'Active', 4249, 1456217167, 1, NULL, NULL, 4250),
(4250, 352, 'Gobindapur ', 'Active', 4250, 1456217167, 1, NULL, NULL, 4251),
(4251, 352, 'Luterchar ', 'Active', 4251, 1456217167, 1, NULL, NULL, 4252),
(4252, 352, 'Radhanagar ', 'Active', 4252, 1456217167, 1, NULL, NULL, 4253),
(4253, 352, 'Manikerchar ', 'Active', 4253, 1456217167, 1, NULL, NULL, 4254),
(4254, 352, 'Chalibhanga Union Paris', 'Active', 4254, 1456217167, 1, NULL, NULL, 4255),
(4255, 350, 'Bakai ', 'Active', 4255, 1456217167, 1, NULL, NULL, 4256),
(4256, 350, 'Kandirpar ', 'Active', 4256, 1456217167, 1, NULL, NULL, 4257),
(4257, 350, 'Gobindapur ', 'Active', 4257, 1456217167, 1, NULL, NULL, 4258),
(4258, 350, 'Laksam ', 'Active', 4258, 1456217167, 1, NULL, NULL, 4259),
(4259, 350, 'Mudapfarganj ', 'Active', 4259, 1456217167, 1, NULL, NULL, 4260),
(4260, 350, 'Ajgara ', 'Active', 4260, 1456217167, 1, NULL, NULL, 4261),
(4261, 350, 'Uttardah ', 'Active', 4261, 1456217167, 1, NULL, NULL, 4262),
(4262, 148, 'Azimpur ', 'Active', 4262, 1456217167, 1, NULL, NULL, 4263),
(4263, 148, 'Bhandari ', 'Active', 4263, 1456217167, 1, NULL, NULL, 4264),
(4264, 148, 'Birol ', 'Active', 4264, 1456217167, 1, NULL, NULL, 4265),
(4265, 148, 'Bijora ', 'Active', 4265, 1456217167, 1, NULL, NULL, 4266),
(4266, 148, 'Dhamair ', 'Active', 4266, 1456217167, 1, NULL, NULL, 4267),
(4267, 148, 'Dharmapur ', 'Active', 4267, 1456217167, 1, NULL, NULL, 4268),
(4268, 148, 'Farakkabad ', 'Active', 4268, 1456217167, 1, NULL, NULL, 4269),
(4269, 148, 'Mangalpur ', 'Active', 4269, 1456217167, 1, NULL, NULL, 4270),
(4270, 148, 'Ranipukur ', 'Active', 4270, 1456217167, 1, NULL, NULL, 4271),
(4271, 148, 'Sahargram ', 'Active', 4271, 1456217167, 1, NULL, NULL, 4272),
(4272, 149, 'Atgaon ', 'Active', 4272, 1456217167, 1, NULL, NULL, 4273),
(4273, 149, 'Chhatail ', 'Active', 4273, 1456217167, 1, NULL, NULL, 4274),
(4274, 149, 'Ishania ', 'Active', 4274, 1456217167, 1, NULL, NULL, 4275),
(4275, 149, 'Murshidhat ', 'Active', 4275, 1456217167, 1, NULL, NULL, 4276),
(4276, 149, 'Nafanagar ', 'Active', 4276, 1456217167, 1, NULL, NULL, 4277),
(4277, 149, 'Rangaon ', 'Active', 4277, 1456217167, 1, NULL, NULL, 4278),
(4278, 150, 'Abdulpur ', 'Active', 4278, 1456217167, 1, NULL, NULL, 4279),
(4279, 150, 'Alokdihi ', 'Active', 4279, 1456217167, 1, NULL, NULL, 4280),
(4280, 150, 'Amarpur ', 'Active', 4280, 1456217167, 1, NULL, NULL, 4281),
(4281, 150, 'Auliapukur ', 'Active', 4281, 1456217167, 1, NULL, NULL, 4282),
(4282, 150, 'Bhiail ', 'Active', 4282, 1456217167, 1, NULL, NULL, 4283),
(4283, 150, 'Fatehjangpur ', 'Active', 4283, 1456217167, 1, NULL, NULL, 4284),
(4284, 150, 'Isabpur ', 'Active', 4284, 1456217167, 1, NULL, NULL, 4285),
(4285, 150, 'Nasratpur ', 'Active', 4285, 1456217167, 1, NULL, NULL, 4286),
(4286, 150, 'Punotti ', 'Active', 4286, 1456217167, 1, NULL, NULL, 4287),
(4287, 150, 'Saintara ', 'Active', 4287, 1456217167, 1, NULL, NULL, 4288),
(4288, 150, 'Satnala ', 'Active', 4288, 1456217167, 1, NULL, NULL, 4289),
(4289, 150, 'Tentulia ', 'Active', 4289, 1456217167, 1, NULL, NULL, 4290),
(4290, 151, 'Aladipur ', 'Active', 4290, 1456217167, 1, NULL, NULL, 4291),
(4291, 151, 'Betdighi ', 'Active', 4291, 1456217167, 1, NULL, NULL, 4292),
(4292, 151, 'Daulatpur ', 'Active', 4292, 1456217167, 1, NULL, NULL, 4293),
(4293, 151, 'Eluary ', 'Active', 4293, 1456217167, 1, NULL, NULL, 4294),
(4294, 151, 'Kazihal ', 'Active', 4294, 1456217167, 1, NULL, NULL, 4295),
(4295, 151, 'Khoyerbari ', 'Active', 4295, 1456217167, 1, NULL, NULL, 4296),
(4296, 151, 'Shibnagar ', 'Active', 4296, 1456217167, 1, NULL, NULL, 4297),
(4297, 153, 'Alihat ', 'Active', 4297, 1456217167, 1, NULL, NULL, 4298),
(4298, 153, 'Boaldar ', 'Active', 4298, 1456217167, 1, NULL, NULL, 4299),
(4299, 153, 'Khambamadhobpara ', 'Active', 4299, 1456217167, 1, NULL, NULL, 4300),
(4300, 152, 'Bulakipur ', 'Active', 4300, 1456217167, 1, NULL, NULL, 4301),
(4301, 152, 'Ghoraghat ', 'Active', 4301, 1456217167, 1, NULL, NULL, 4302),
(4302, 152, 'Palash ', 'Active', 4302, 1456217167, 1, NULL, NULL, 4303),
(4303, 152, 'Shingra ', 'Active', 4303, 1456217167, 1, NULL, NULL, 4304),
(4304, 154, 'Dabor ', 'Active', 4304, 1456217167, 1, NULL, NULL, 4305),
(4305, 154, 'Mukundapur ', 'Active', 4305, 1456217167, 1, NULL, NULL, 4306),
(4306, 154, 'Ramchandrapur ', 'Active', 4306, 1456217167, 1, NULL, NULL, 4307),
(4307, 154, 'Rasulpur ', 'Active', 4307, 1456217167, 1, NULL, NULL, 4308),
(4308, 154, 'Sundarpur ', 'Active', 4308, 1456217167, 1, NULL, NULL, 4309),
(4309, 154, 'Targaon ', 'Active', 4309, 1456217167, 1, NULL, NULL, 4310),
(4310, 155, 'Alokjhari ', 'Active', 4310, 1456217167, 1, NULL, NULL, 4311),
(4311, 155, 'Angarpara ', 'Active', 4311, 1456217167, 1, NULL, NULL, 4312),
(4312, 155, 'Bhabki ', 'Active', 4312, 1456217167, 1, NULL, NULL, 4313),
(4313, 155, 'Bherbheli ', 'Active', 4313, 1456217167, 1, NULL, NULL, 4314),
(4314, 447, 'Ali Akbar Deli ', 'Active', 4314, 1456217167, 1, NULL, NULL, 4315),
(4315, 447, 'Baragop ', 'Active', 4315, 1456217167, 1, NULL, NULL, 4316),
(4316, 447, 'Dakshin Dhurung ', 'Active', 4316, 1456217167, 1, NULL, NULL, 4317),
(4317, 447, 'Kaiyarbil ', 'Active', 4317, 1456217167, 1, NULL, NULL, 4318),
(4318, 155, 'Goaldihi ', 'Active', 4318, 1456217167, 1, NULL, NULL, 4319),
(4319, 447, 'Lemsikhali ', 'Active', 4319, 1456217167, 1, NULL, NULL, 4320),
(4320, 447, 'Uttar Dhurung ', 'Active', 4320, 1456217167, 1, NULL, NULL, 4321),
(4321, 155, 'Khamarpara ', 'Active', 4321, 1456217167, 1, NULL, NULL, 4322),
(4322, 494, 'Badarkhali ', 'Active', 4322, 1456217167, 1, NULL, NULL, 4323),
(4323, 446, 'Barawtali ', 'Active', 4323, 1456217167, 1, NULL, NULL, 4324),
(4324, 446, 'Bheola Manik Char ', 'Active', 4324, 1456217167, 1, NULL, NULL, 4325),
(4325, 446, 'Bomobilchari ', 'Active', 4325, 1456217167, 1, NULL, NULL, 4326),
(4326, 156, 'Askarpur ', 'Active', 4326, 1456217167, 1, NULL, NULL, 4327),
(4327, 446, 'Chiringa ', 'Active', 4327, 1456217167, 1, NULL, NULL, 4328),
(4328, 446, 'Dulhazara ', 'Active', 4328, 1456217167, 1, NULL, NULL, 4329),
(4329, 446, 'Purba Barabheola ', 'Active', 4329, 1456217167, 1, NULL, NULL, 4330),
(4330, 156, 'Chehelgazi ', 'Active', 4330, 1456217167, 1, NULL, NULL, 4331),
(4331, 447, 'Ali Akbar Deli ', 'Active', 4331, 1456217167, 1, NULL, NULL, 4332),
(4332, 447, 'Baragop ', 'Active', 4332, 1456217167, 1, NULL, NULL, 4333),
(4333, 447, 'Dakshin Dhurung ', 'Active', 4333, 1456217167, 1, NULL, NULL, 4334),
(4334, 447, 'Kaiyarbil ', 'Active', 4334, 1456217167, 1, NULL, NULL, 4335),
(4335, 447, 'Lemsikhali ', 'Active', 4335, 1456217167, 1, NULL, NULL, 4336),
(4336, 447, 'Uttar Dhurung ', 'Active', 4336, 1456217167, 1, NULL, NULL, 4337),
(4337, 446, 'Badarkhali ', 'Active', 4337, 1456217167, 1, NULL, NULL, 4338),
(4338, 446, 'Barawtali ', 'Active', 4338, 1456217167, 1, NULL, NULL, 4339),
(4339, 446, 'Barawtali ', 'Active', 4339, 1456217167, 1, NULL, NULL, 4340),
(4340, 446, 'Bheola Manik Char ', 'Active', 4340, 1456217167, 1, NULL, NULL, 4341),
(4341, 446, 'Bomobilchari ', 'Active', 4341, 1456217167, 1, NULL, NULL, 4342),
(4342, 446, 'Chiringa ', 'Active', 4342, 1456217167, 1, NULL, NULL, 4343),
(4343, 446, 'Dulhazara ', 'Active', 4343, 1456217167, 1, NULL, NULL, 4344),
(4344, 446, 'Purba Barabheola ', 'Active', 4344, 1456217167, 1, NULL, NULL, 4345),
(4345, 446, 'Fasiakhali ', 'Active', 4345, 1456217167, 1, NULL, NULL, 4346),
(4346, 446, 'Harbang ', 'Active', 4346, 1456217167, 1, NULL, NULL, 4347),
(4347, 446, 'Kakara ', 'Active', 4347, 1456217167, 1, NULL, NULL, 4348),
(4348, 446, 'Kaiarbil ', 'Active', 4348, 1456217167, 1, NULL, NULL, 4349),
(4349, 446, 'Khutakhali ', 'Active', 4349, 1456217167, 1, NULL, NULL, 4350),
(4350, 446, 'Lakhyarchar ', 'Active', 4350, 1456217167, 1, NULL, NULL, 4351),
(4351, 446, 'Saharbil ', 'Active', 4351, 1456217167, 1, NULL, NULL, 4352),
(4352, 446, 'Paschim Bara Bheola ', 'Active', 4352, 1456217167, 1, NULL, NULL, 4353),
(4353, 446, 'Demushia ', 'Active', 4353, 1456217167, 1, NULL, NULL, 4354),
(4354, 446, 'Konakhali ', 'Active', 4354, 1456217167, 1, NULL, NULL, 4355),
(4355, 446, 'Surajpur-Manikpur ', 'Active', 4355, 1456217167, 1, NULL, NULL, 4356),
(4356, 449, 'Bara Bakia ', 'Active', 4356, 1456217167, 1, NULL, NULL, 4357),
(4357, 449, 'Magnama ', 'Active', 4357, 1456217167, 1, NULL, NULL, 4358),
(4358, 449, 'Pekua ', 'Active', 4358, 1456217167, 1, NULL, NULL, 4359),
(4359, 449, 'Rajakhali ', 'Active', 4359, 1456217167, 1, NULL, NULL, 4360),
(4360, 449, 'Toitong ', 'Active', 4360, 1456217167, 1, NULL, NULL, 4361),
(4361, 449, 'Uzantia ', 'Active', 4361, 1456217167, 1, NULL, NULL, 4362),
(4362, 449, 'Shilkhali ', 'Active', 4362, 1456217167, 1, NULL, NULL, 4363),
(4363, 448, 'Chhoto Moheshkhali ', 'Active', 4363, 1456217167, 1, NULL, NULL, 4364),
(4364, 448, 'Bara Maheskhali ', 'Active', 4364, 1456217167, 1, NULL, NULL, 4365),
(4365, 448, 'Dhalghat ', 'Active', 4365, 1456217167, 1, NULL, NULL, 4366),
(4366, 448, 'Hoanak ', 'Active', 4366, 1456217167, 1, NULL, NULL, 4367),
(4367, 448, 'Kalarmarchhara ', 'Active', 4367, 1456217167, 1, NULL, NULL, 4368),
(4368, 448, 'Kutubjom ', 'Active', 4368, 1456217167, 1, NULL, NULL, 4369),
(4369, 448, 'Matarbari ', 'Active', 4369, 1456217167, 1, NULL, NULL, 4370),
(4370, 448, 'Shaplapur ', 'Active', 4370, 1456217167, 1, NULL, NULL, 4371),
(4371, 450, 'Chakmarkul ', 'Active', 4371, 1456217167, 1, NULL, NULL, 4372),
(4372, 450, 'Fatekharkul ', 'Active', 4372, 1456217167, 1, NULL, NULL, 4373),
(4373, 450, 'Garjania ', 'Active', 4373, 1456217167, 1, NULL, NULL, 4374),
(4374, 450, 'Idgar ', 'Active', 4374, 1456217167, 1, NULL, NULL, 4375),
(4375, 450, 'Joarianala ', 'Active', 4375, 1456217167, 1, NULL, NULL, 4376),
(4376, 450, 'Kachhapia ', 'Active', 4376, 1456217167, 1, NULL, NULL, 4377),
(4377, 450, 'Ghuniapalong ', 'Active', 4377, 1456217167, 1, NULL, NULL, 4378),
(4378, 450, 'Kowerkhope ', 'Active', 4378, 1456217167, 1, NULL, NULL, 4379),
(4379, 450, 'Rajarkul ', 'Active', 4379, 1456217167, 1, NULL, NULL, 4380),
(4380, 450, 'Rashidnagar ', 'Active', 4380, 1456217167, 1, NULL, NULL, 4381),
(4381, 450, 'Dakshin Mithachhari ', 'Active', 4381, 1456217167, 1, NULL, NULL, 4382),
(4382, 452, 'Haldia Palong ', 'Active', 4382, 1456217167, 1, NULL, NULL, 4383),
(4383, 489, 'Baharchhara ', 'Active', 4383, 1456217167, 1, NULL, NULL, 4384),
(4384, 489, 'Bailchhari ', 'Active', 4384, 1456217167, 1, NULL, NULL, 4385),
(4385, 489, 'Chambal ', 'Active', 4385, 1456217167, 1, NULL, NULL, 4386),
(4386, 452, 'Jalia Palong ', 'Active', 4386, 1456217167, 1, NULL, NULL, 4387),
(4387, 452, 'Raja Palong ', 'Active', 4387, 1456217167, 1, NULL, NULL, 4388),
(4388, 452, 'Ratna Palong ', 'Active', 4388, 1456217167, 1, NULL, NULL, 4389),
(4389, 452, 'Palong Khali ', 'Active', 4389, 1456217167, 1, NULL, NULL, 4390),
(4390, 451, 'Baharchhara ', 'Active', 4390, 1456217167, 1, NULL, NULL, 4391),
(4391, 451, 'Nhila ', 'Active', 4391, 1456217167, 1, NULL, NULL, 4392),
(4392, 451, 'St.martin Dwip ', 'Active', 4392, 1456217167, 1, NULL, NULL, 4393),
(4393, 451, 'Sabrang ', 'Active', 4393, 1456217167, 1, NULL, NULL, 4394),
(4394, 451, 'Teknaf ', 'Active', 4394, 1456217167, 1, NULL, NULL, 4395),
(4395, 451, 'Whykong ', 'Active', 4395, 1456217167, 1, NULL, NULL, 4396),
(4396, 156, 'Auliapur ', 'Active', 4396, 1456217167, 1, NULL, NULL, 4397),
(4397, 156, 'Fazilpur ', 'Active', 4397, 1456217167, 1, NULL, NULL, 4398),
(4398, 156, 'Shankarpur ', 'Active', 4398, 1456217167, 1, NULL, NULL, 4399),
(4399, 156, 'Shashra ', 'Active', 4399, 1456217167, 1, NULL, NULL, 4400),
(4400, 156, 'Sundarban ', 'Active', 4400, 1456217167, 1, NULL, NULL, 4401),
(4401, 156, 'Uthrail ', 'Active', 4401, 1456217167, 1, NULL, NULL, 4402),
(4402, 157, 'Bhaduria ', 'Active', 4402, 1456217167, 1, NULL, NULL, 4403),
(4403, 157, 'Binodpur ', 'Active', 4403, 1456217167, 1, NULL, NULL, 4404),
(4404, 157, 'Daudpur ', 'Active', 4404, 1456217167, 1, NULL, NULL, 4405),
(4405, 157, 'Gopalganj ', 'Active', 4405, 1456217167, 1, NULL, NULL, 4406),
(4406, 157, 'Joypur ', 'Active', 4406, 1456217167, 1, NULL, NULL, 4407),
(4407, 157, 'Kushdaha ', 'Active', 4407, 1456217167, 1, NULL, NULL, 4408),
(4408, 157, 'Mahmudpur ', 'Active', 4408, 1456217167, 1, NULL, NULL, 4409),
(4409, 157, 'Putimara ', 'Active', 4409, 1456217167, 1, NULL, NULL, 4410),
(4410, 157, 'Shalkhuria ', 'Active', 4410, 1456217167, 1, NULL, NULL, 4411),
(4411, 146, 'Benail ', 'Active', 4411, 1456217167, 1, NULL, NULL, 4412),
(4412, 146, 'Mukundpur ', 'Active', 4412, 1456217167, 1, NULL, NULL, 4413),
(4413, 146, 'Deor ', 'Active', 4413, 1456217167, 1, NULL, NULL, 4414),
(4414, 146, 'Jotbani ', 'Active', 4414, 1456217167, 1, NULL, NULL, 4415),
(4415, 146, 'Katla ', 'Active', 4415, 1456217167, 1, NULL, NULL, 4416),
(4416, 146, 'Khanpur ', 'Active', 4416, 1456217167, 1, NULL, NULL, 4417),
(4417, 146, 'Poliprayagpur ', 'Active', 4417, 1456217167, 1, NULL, NULL, 4418),
(4418, 158, 'Belaichandi ', 'Active', 4418, 1456217167, 1, NULL, NULL, 4419),
(4419, 158, 'Chandipur ', 'Active', 4419, 1456217167, 1, NULL, NULL, 4420),
(4420, 158, 'Habra ', 'Active', 4420, 1456217167, 1, NULL, NULL, 4421),
(4421, 158, 'Hamidpur ', 'Active', 4421, 1456217167, 1, NULL, NULL, 4422),
(4422, 158, 'Harirampur ', 'Active', 4422, 1456217167, 1, NULL, NULL, 4423),
(4423, 158, 'Manmathapur ', 'Active', 4423, 1456217167, 1, NULL, NULL, 4424),
(4424, 158, 'Mominpur ', 'Active', 4424, 1456217167, 1, NULL, NULL, 4425),
(4425, 158, 'Mostafapur ', 'Active', 4425, 1456217167, 1, NULL, NULL, 4426),
(4426, 158, 'Palashbari ', 'Active', 4426, 1456217167, 1, NULL, NULL, 4427),
(4427, 158, 'Rampur ', 'Active', 4427, 1456217167, 1, NULL, NULL, 4428),
(4428, 147, 'Bhognagar ', 'Active', 4428, 1456217167, 1, NULL, NULL, 4429),
(4429, 147, 'Moricha ', 'Active', 4429, 1456217167, 1, NULL, NULL, 4430),
(4430, 147, 'Mohammadpur ', 'Active', 4430, 1456217167, 1, NULL, NULL, 4431),
(4431, 147, 'Mohanpur ', 'Active', 4431, 1456217167, 1, NULL, NULL, 4432),
(4432, 147, 'Nijpara ', 'Active', 4432, 1456217167, 1, NULL, NULL, 4433),
(4433, 147, 'Palashbari ', 'Active', 4433, 1456217167, 1, NULL, NULL, 4434),
(4434, 147, 'Paltapur ', 'Active', 4434, 1456217167, 1, NULL, NULL, 4435),
(4435, 147, 'Shatagram ', 'Active', 4435, 1456217167, 1, NULL, NULL, 4436),
(4436, 147, 'Satore ', 'Active', 4436, 1456217167, 1, NULL, NULL, 4437),
(4437, 147, 'Shibrampur ', 'Active', 4437, 1456217167, 1, NULL, NULL, 4438),
(4438, 147, 'Sujalpur ', 'Active', 4438, 1456217167, 1, NULL, NULL, 4439),
(4439, 454, 'Daganbhuiyan ', 'Active', 4439, 1456217167, 1, NULL, NULL, 4440),
(4440, 454, 'Joylashkara ', 'Active', 4440, 1456217167, 1, NULL, NULL, 4441),
(4441, 493, 'Sarulia ', 'Active', 4441, 1456217167, 1, NULL, NULL, 4442),
(4442, 454, 'Mathu Bhuiyan ', 'Active', 4442, 1456217167, 1, NULL, NULL, 4443),
(4443, 454, 'Purba Chandrapur ', 'Active', 4443, 1456217167, 1, NULL, NULL, 4444),
(4444, 493, 'Beraid ', 'Active', 4444, 1456217167, 1, NULL, NULL, 4445),
(4445, 454, 'Rajapur ', 'Active', 4445, 1456217167, 1, NULL, NULL, 4446),
(4446, 493, 'Manda ', 'Active', 4446, 1456217167, 1, NULL, NULL, 4447),
(4447, 454, 'Ramnagar ', 'Active', 4447, 1456217167, 1, NULL, NULL, 4448),
(4448, 454, 'Sindurpur ', 'Active', 4448, 1456217167, 1, NULL, NULL, 4449),
(4449, 493, 'Dania ', 'Active', 4449, 1456217167, 1, NULL, NULL, 4450),
(4450, 454, 'Yakubpur ', 'Active', 4450, 1456217167, 1, NULL, NULL, 4451),
(4451, 493, 'Dakshinkhan ', 'Active', 4451, 1456217167, 1, NULL, NULL, 4452),
(4452, 453, 'Gopal ', 'Active', 4452, 1456217167, 1, NULL, NULL, 4453),
(4453, 453, 'Mohamaya ', 'Active', 4453, 1456217167, 1, NULL, NULL, 4454),
(4454, 493, 'Dakshingaon ', 'Active', 4454, 1456217167, 1, NULL, NULL, 4455),
(4455, 453, 'Pathannagar ', 'Active', 4455, 1456217167, 1, NULL, NULL, 4456),
(4456, 453, 'Radhanagar ', 'Active', 4456, 1456217167, 1, NULL, NULL, 4457),
(4457, 493, 'Harirampur ', 'Active', 4457, 1456217167, 1, NULL, NULL, 4458),
(4458, 453, 'Subhapur ', 'Active', 4458, 1456217167, 1, NULL, NULL, 4459),
(4459, 493, 'Sultanganj ', 'Active', 4459, 1456217167, 1, NULL, NULL, 4460),
(4460, 458, 'Amirabad ', 'Active', 4460, 1456217167, 1, NULL, NULL, 4461),
(4461, 458, 'Bagdana ', 'Active', 4461, 1456217167, 1, NULL, NULL, 4462),
(4462, 493, 'Satarkul ', 'Active', 4462, 1456217167, 1, NULL, NULL, 4463),
(4463, 458, 'Char Chandira ', 'Active', 4463, 1456217167, 1, NULL, NULL, 4464),
(4464, 493, 'Nasirabad ', 'Active', 4464, 1456217167, 1, NULL, NULL, 4465),
(4465, 493, 'Demra ', 'Active', 4465, 1456217167, 1, NULL, NULL, 4466),
(4466, 493, 'Dumni ', 'Active', 4466, 1456217167, 1, NULL, NULL, 4467),
(4467, 493, 'Uttarkhan ', 'Active', 4467, 1456217167, 1, NULL, NULL, 4468),
(4468, 493, 'Matuail ', 'Active', 4468, 1456217167, 1, NULL, NULL, 4469),
(4469, 493, 'Badda ', 'Active', 4469, 1456217167, 1, NULL, NULL, 4470),
(4470, 493, 'Bhatara ', 'Active', 4470, 1456217167, 1, NULL, NULL, 4471),
(4471, 493, 'Shyampur ', 'Active', 4471, 1456217167, 1, NULL, NULL, 4472),
(4472, 458, 'Char Darbesh ', 'Active', 4472, 1456217167, 1, NULL, NULL, 4473),
(4473, 458, 'Char Majlishpur ', 'Active', 4473, 1456217167, 1, NULL, NULL, 4474),
(4474, 458, 'Mangalkandi ', 'Active', 4474, 1456217167, 1, NULL, NULL, 4475),
(4475, 458, 'Matiganj ', 'Active', 4475, 1456217167, 1, NULL, NULL, 4476),
(4476, 458, 'Nawabpur ', 'Active', 4476, 1456217167, 1, NULL, NULL, 4477),
(4477, 458, 'Sonagazi ', 'Active', 4477, 1456217167, 1, NULL, NULL, 4478),
(4478, 455, 'Baligaon ', 'Active', 4478, 1456217167, 1, NULL, NULL, 4479),
(4479, 455, 'Dhalia ', 'Active', 4479, 1456217167, 1, NULL, NULL, 4480),
(4480, 455, 'Dharmapur ', 'Active', 4480, 1456217167, 1, NULL, NULL, 4481),
(4481, 455, 'Farhadnagar ', 'Active', 4481, 1456217167, 1, NULL, NULL, 4482),
(4482, 455, 'Fazilpur ', 'Active', 4482, 1456217167, 1, NULL, NULL, 4483),
(4483, 455, 'Kalidah ', 'Active', 4483, 1456217167, 1, NULL, NULL, 4484),
(4484, 455, 'Kazirbag ', 'Active', 4484, 1456217167, 1, NULL, NULL, 4485),
(4485, 455, 'Lemua ', 'Active', 4485, 1456217167, 1, NULL, NULL, 4486),
(4486, 455, 'Matabi ', 'Active', 4486, 1456217167, 1, NULL, NULL, 4487),
(4487, 455, 'Panchgachhiya ', 'Active', 4487, 1456217167, 1, NULL, NULL, 4488),
(4488, 455, 'Chanua ', 'Active', 4488, 1456217167, 1, NULL, NULL, 4489),
(4489, 455, 'Sarishadi ', 'Active', 4489, 1456217167, 1, NULL, NULL, 4490),
(4490, 457, 'Chithalia ', 'Active', 4490, 1456217167, 1, NULL, NULL, 4491),
(4491, 457, 'Mirzanagar ', 'Active', 4491, 1456217167, 1, NULL, NULL, 4492),
(4492, 456, 'Amjadhat ', 'Active', 4492, 1456217167, 1, NULL, NULL, 4493),
(4493, 456, 'Anandapur ', 'Active', 4493, 1456217167, 1, NULL, NULL, 4494),
(4494, 456, 'Darbarpur ', 'Active', 4494, 1456217167, 1, NULL, NULL, 4495),
(4495, 456, 'Fulgazi ', 'Active', 4495, 1456217167, 1, NULL, NULL, 4496),
(4496, 456, 'G.M. Hat ', 'Active', 4496, 1456217167, 1, NULL, NULL, 4497),
(4497, 456, ' Munshirhat', 'Active', 4497, 1456217167, 1, NULL, NULL, 4498),
(4498, 494, 'Bharuakhali ', 'Active', 4498, 1456217167, 1, NULL, NULL, 4499),
(4499, 494, 'Chaufaldandi ', 'Active', 4499, 1456217167, 1, NULL, NULL, 4500),
(4500, 494, 'Idgaon ', 'Active', 4500, 1456217167, 1, NULL, NULL, 4501),
(4501, 494, 'Jhilwanja ', 'Active', 4501, 1456217167, 1, NULL, NULL, 4502),
(4502, 494, 'Khurushkul ', 'Active', 4502, 1456217167, 1, NULL, NULL, 4503),
(4503, 494, 'Patali Machhuakhali ', 'Active', 4503, 1456217167, 1, NULL, NULL, 4504),
(4504, 494, 'Pokkhali ', 'Active', 4504, 1456217167, 1, NULL, NULL, 4505),
(4505, 494, 'Islampur ', 'Active', 4505, 1456217167, 1, NULL, NULL, 4506),
(4506, 494, 'Islamabad ', 'Active', 4506, 1456217167, 1, NULL, NULL, 4507),
(4507, 494, 'Jalalabad ', 'Active', 4507, 1456217167, 1, NULL, NULL, 4508),
(4508, 315, 'Baramchal ', 'Active', 4508, 1456217167, 1, NULL, NULL, 4509),
(4509, 315, 'Bhatera ', 'Active', 4509, 1456217167, 1, NULL, NULL, 4510),
(4510, 315, 'Bhakshimail ', 'Active', 4510, 1456217167, 1, NULL, NULL, 4511),
(4511, 315, 'Bramhan Bazar ', 'Active', 4511, 1456217167, 1, NULL, NULL, 4512),
(4512, 315, 'Hajipur ', 'Active', 4512, 1456217167, 1, NULL, NULL, 4513),
(4513, 315, 'Joychandi ', 'Active', 4513, 1456217167, 1, NULL, NULL, 4514),
(4514, 315, 'Kadirpur ', 'Active', 4514, 1456217167, 1, NULL, NULL, 4515),
(4515, 315, 'Karmadha ', 'Active', 4515, 1456217167, 1, NULL, NULL, 4516),
(4516, 315, 'Kulaura ', 'Active', 4516, 1456217167, 1, NULL, NULL, 4517),
(4517, 315, 'Prithempasha ', 'Active', 4517, 1456217167, 1, NULL, NULL, 4518),
(4518, 315, 'Routhgaon ', 'Active', 4518, 1456217167, 1, NULL, NULL, 4519),
(4519, 315, 'Sharifpur ', 'Active', 4519, 1456217167, 1, NULL, NULL, 4520),
(4520, 315, 'Tilagaon ', 'Active', 4520, 1456217167, 1, NULL, NULL, 4521),
(4521, 316, 'Akhailkura ', 'Active', 4521, 1456217167, 1, NULL, NULL, 4522),
(4522, 316, 'Amtail ', 'Active', 4522, 1456217167, 1, NULL, NULL, 4523),
(4523, 316, 'Chandnighat ', 'Active', 4523, 1456217167, 1, NULL, NULL, 4524),
(4524, 316, 'Ekatuna ', 'Active', 4524, 1456217167, 1, NULL, NULL, 4525),
(4525, 316, 'Giasnagar ', 'Active', 4525, 1456217167, 1, NULL, NULL, 4526),
(4526, 316, 'Kamalpur ', 'Active', 4526, 1456217167, 1, NULL, NULL, 4527),
(4527, 316, 'Kanakpur ', 'Active', 4527, 1456217167, 1, NULL, NULL, 4528),
(4528, 316, 'Khalilpur ', 'Active', 4528, 1456217167, 1, NULL, NULL, 4529),
(4529, 316, 'Manumukh ', 'Active', 4529, 1456217167, 1, NULL, NULL, 4530),
(4530, 316, 'Mostafapur ', 'Active', 4530, 1456217167, 1, NULL, NULL, 4531),
(4531, 316, 'Nazirabad ', 'Active', 4531, 1456217167, 1, NULL, NULL, 4532),
(4532, 316, 'Kagabala ', 'Active', 4532, 1456217167, 1, NULL, NULL, 4533),
(4533, 136, 'Adhaipur ', 'Active', 4533, 1456217167, 1, NULL, NULL, 4534),
(4534, 136, 'Badalgachhi ', 'Active', 4534, 1456217167, 1, NULL, NULL, 4535),
(4535, 136, 'Balubhara ', 'Active', 4535, 1456217167, 1, NULL, NULL, 4536),
(4536, 136, 'Bilasbari ', 'Active', 4536, 1456217167, 1, NULL, NULL, 4537),
(4537, 136, 'Kola ', 'Active', 4537, 1456217167, 1, NULL, NULL, 4538),
(4538, 136, 'Mathurapur ', 'Active', 4538, 1456217167, 1, NULL, NULL, 4539),
(4539, 136, 'Midhapur ', 'Active', 4539, 1456217167, 1, NULL, NULL, 4540),
(4540, 136, 'Paharpur ', 'Active', 4540, 1456217167, 1, NULL, NULL, 4541),
(4541, 140, 'Baktarpur ', 'Active', 4541, 1456217167, 1, NULL, NULL, 4542),
(4542, 140, 'Balihat ', 'Active', 4542, 1456217167, 1, NULL, NULL, 4543),
(4543, 140, 'Barshail ', 'Active', 4543, 1456217167, 1, NULL, NULL, 4544),
(4544, 140, 'Boalia ', 'Active', 4544, 1456217167, 1, NULL, NULL, 4545),
(4545, 140, 'Moilagachhi ', 'Active', 4545, 1456217167, 1, NULL, NULL, 4546),
(4546, 140, 'Chandipur ', 'Active', 4546, 1456217167, 1, NULL, NULL, 4547),
(4547, 140, 'Dubalhat ', 'Active', 4547, 1456217167, 1, NULL, NULL, 4548),
(4548, 140, 'Hapania ', 'Active', 4548, 1456217167, 1, NULL, NULL, 4549),
(4549, 140, 'Hashaigarhi ', 'Active', 4549, 1456217167, 1, NULL, NULL, 4550),
(4550, 140, 'Kirttipur ', 'Active', 4550, 1456217167, 1, NULL, NULL, 4551),
(4551, 140, 'Shikarpur ', 'Active', 4551, 1456217167, 1, NULL, NULL, 4552),
(4552, 140, 'Tilakpur ', 'Active', 4552, 1456217167, 1, NULL, NULL, 4553),
(4553, 142, 'Akbarpur ', 'Active', 4553, 1456217167, 1, NULL, NULL, 4554),
(4554, 142, 'Amair ', 'Active', 4554, 1456217167, 1, NULL, NULL, 4555),
(4555, 142, 'Dibar ', 'Active', 4555, 1456217167, 1, NULL, NULL, 4556),
(4556, 142, 'Ghoshnagar ', 'Active', 4556, 1456217167, 1, NULL, NULL, 4557),
(4557, 142, 'Krishnapur ', 'Active', 4557, 1456217167, 1, NULL, NULL, 4558),
(4558, 142, 'Matindar ', 'Active', 4558, 1456217167, 1, NULL, NULL, 4559),
(4559, 142, 'Nazipur ', 'Active', 4559, 1456217167, 1, NULL, NULL, 4560),
(4560, 142, 'Nirmail ', 'Active', 4560, 1456217167, 1, NULL, NULL, 4561),
(4561, 142, 'Patichara ', 'Active', 4561, 1456217167, 1, NULL, NULL, 4562),
(4562, 142, 'Patnitala ', 'Active', 4562, 1456217167, 1, NULL, NULL, 4563),
(4563, 142, 'Shihara ', 'Active', 4563, 1456217167, 1, NULL, NULL, 4564),
(4564, 137, 'Agradigun ', 'Active', 4564, 1456217167, 1, NULL, NULL, 4565),
(4565, 137, 'Alampur ', 'Active', 4565, 1456217167, 1, NULL, NULL, 4566),
(4566, 34, 'salikha Upazilla', 'Active', 4566, 1456217167, 1, NULL, NULL, 4567);

-- --------------------------------------------------------

--
-- Table structure for table `ems_upazillas`
--

CREATE TABLE IF NOT EXISTS `ems_upazillas` (
  `id` int(11) NOT NULL,
  `district_id` int(11) NOT NULL,
  `name` varchar(255) NOT NULL,
  `status` varchar(11) NOT NULL DEFAULT 'Active',
  `ordering` int(11) NOT NULL DEFAULT '99',
  `date_created` int(11) NOT NULL DEFAULT '0',
  `user_created` int(11) NOT NULL DEFAULT '0',
  `date_updated` int(11) DEFAULT NULL,
  `user_updated` int(11) DEFAULT NULL,
  `old_upazilla_id` int(11) DEFAULT NULL
) ENGINE=InnoDB AUTO_INCREMENT=495 DEFAULT CHARSET=utf8;

--
-- Dumping data for table `ems_upazillas`
--

INSERT INTO `ems_upazillas` (`id`, `district_id`, `name`, `status`, `ordering`, `date_created`, `user_created`, `date_updated`, `user_updated`, `old_upazilla_id`) VALUES
(1, 64, 'DIMLA', 'Active', 1, 1456214128, 1, NULL, NULL, 6),
(2, 57, 'SATKHIR SADAR', 'Active', 2, 1456214128, 1, NULL, NULL, 7),
(3, 57, 'TALA', 'Active', 3, 1456214128, 1, NULL, NULL, 8),
(4, 57, 'KALAROYA', 'Active', 4, 1456214128, 1, NULL, NULL, 9),
(5, 57, 'ASSASUNI', 'Active', 5, 1456214128, 1, NULL, NULL, 10),
(6, 57, 'DEBHATA', 'Active', 6, 1456214128, 1, NULL, NULL, 11),
(7, 57, 'KALIGANJ', 'Active', 7, 1456214128, 1, NULL, NULL, 12),
(8, 57, 'SHYAMNAGAR', 'Active', 8, 1456214128, 1, NULL, NULL, 13),
(9, 64, 'JALDHAKA', 'Active', 9, 1456214128, 1, NULL, NULL, 14),
(10, 64, 'KISHOREGANJ', 'Active', 10, 1456214128, 1, NULL, NULL, 15),
(11, 64, 'DOMAR', 'Active', 11, 1456214128, 1, NULL, NULL, 16),
(12, 64, 'NILPHAMARI SADAR', 'Active', 12, 1456214128, 1, NULL, NULL, 17),
(13, 64, 'SAIDPUR', 'Active', 13, 1456214128, 1, NULL, NULL, 18),
(14, 23, 'ABHAYNAGAR', 'Active', 14, 1456214128, 1, NULL, NULL, 19),
(15, 23, 'BAGHER PARA', 'Active', 15, 1456214128, 1, NULL, NULL, 20),
(16, 23, 'CHAUGACHHA', 'Active', 16, 1456214128, 1, NULL, NULL, 21),
(17, 23, 'JHIKARGACHHA', 'Active', 17, 1456214128, 1, NULL, NULL, 22),
(18, 23, 'KESHABPUR', 'Active', 18, 1456214128, 1, NULL, NULL, 23),
(19, 23, 'KOTWALI', 'Active', 19, 1456214128, 1, NULL, NULL, 24),
(20, 23, 'MANIRAMPUR', 'Active', 20, 1456214128, 1, NULL, NULL, 25),
(21, 23, 'SHARSHA', 'Active', 21, 1456214128, 1, NULL, NULL, 26),
(22, 41, 'KALIA', 'Active', 22, 1456214128, 1, NULL, NULL, 27),
(23, 41, 'LOHAGARA', 'Active', 23, 1456214128, 1, NULL, NULL, 28),
(24, 41, 'NARAIL SADAR', 'Active', 24, 1456214128, 1, NULL, NULL, 29),
(25, 27, 'BATIAGHATA', 'Active', 25, 1456214128, 1, NULL, NULL, 30),
(26, 27, 'DACOPE', 'Active', 26, 1456214128, 1, NULL, NULL, 31),
(27, 27, 'DUMURIA', 'Active', 27, 1456214128, 1, NULL, NULL, 32),
(28, 27, 'DIGHALIA', 'Active', 28, 1456214128, 1, NULL, NULL, 33),
(29, 27, 'KOYRA', 'Active', 29, 1456214128, 1, NULL, NULL, 34),
(30, 27, 'PAIKGACHHA', 'Active', 30, 1456214128, 1, NULL, NULL, 35),
(31, 27, 'PHULTALA', 'Active', 31, 1456214128, 1, NULL, NULL, 36),
(32, 27, 'RUPSA', 'Active', 32, 1456214128, 1, NULL, NULL, 37),
(33, 27, 'TEROKHADA', 'Active', 33, 1456214128, 1, NULL, NULL, 38),
(34, 71, 'SHALIKHA', 'Active', 34, 1456214128, 1, NULL, NULL, 39),
(35, 34, 'MAGURA SADAR', 'Active', 35, 1456214128, 1, NULL, NULL, 40),
(36, 34, 'MOHAMMADPUR', 'Active', 36, 1456214128, 1, NULL, NULL, 41),
(37, 34, 'SREEPUR', 'Active', 37, 1456214128, 1, NULL, NULL, 42),
(38, 10, 'ALAMDANGA', 'Active', 38, 1456214128, 1, NULL, NULL, 43),
(39, 10, 'CHUADANGA SADAR', 'Active', 39, 1456214128, 1, NULL, NULL, 44),
(40, 10, 'DAMURHUDA', 'Active', 40, 1456214128, 1, NULL, NULL, 45),
(41, 10, 'JIBAN NAGAR', 'Active', 41, 1456214128, 1, NULL, NULL, 46),
(42, 36, 'GANGNI', 'Active', 42, 1456214128, 1, NULL, NULL, 47),
(43, 36, 'MUJIB NAGAR', 'Active', 43, 1456214128, 1, NULL, NULL, 48),
(44, 36, 'MEHERPUR SADAR', 'Active', 44, 1456214128, 1, NULL, NULL, 49),
(45, 30, 'BHERAMARA', 'Active', 45, 1456214128, 1, NULL, NULL, 50),
(46, 30, 'DAULATPUR', 'Active', 46, 1456214128, 1, NULL, NULL, 51),
(47, 30, 'KHOKSA', 'Active', 47, 1456214128, 1, NULL, NULL, 52),
(48, 30, 'KUMARKHALI', 'Active', 48, 1456214128, 1, NULL, NULL, 53),
(49, 30, 'KUSHTIA SADAR', 'Active', 49, 1456214128, 1, NULL, NULL, 54),
(50, 30, 'MIRPUR', 'Active', 50, 1456214128, 1, NULL, NULL, 55),
(51, 25, 'HARINAKUNDA', 'Active', 51, 1456214128, 1, NULL, NULL, 56),
(52, 25, 'JHENAIDAHA SADAR', 'Active', 52, 1456214128, 1, NULL, NULL, 57),
(53, 25, 'KALIGANJ', 'Active', 53, 1456214128, 1, NULL, NULL, 58),
(54, 25, 'KOTCHANDPUR', 'Active', 54, 1456214128, 1, NULL, NULL, 59),
(55, 25, 'MAHESHPUR', 'Active', 55, 1456214128, 1, NULL, NULL, 60),
(56, 25, 'SHAILKUPA', 'Active', 56, 1456214128, 1, NULL, NULL, 61),
(57, 15, 'ALFADANGA', 'Active', 57, 1456214128, 1, NULL, NULL, 62),
(58, 15, 'BHANGA', 'Active', 58, 1456214128, 1, NULL, NULL, 63),
(59, 15, 'BOALMARI', 'Active', 59, 1456214128, 1, NULL, NULL, 64),
(60, 15, 'CHAR BHADRASAN', 'Active', 60, 1456214128, 1, NULL, NULL, 65),
(61, 15, 'FARIDPUR SADAR', 'Active', 61, 1456214128, 1, NULL, NULL, 66),
(62, 15, 'MADHUKHALI', 'Active', 62, 1456214128, 1, NULL, NULL, 67),
(63, 15, 'NAGARKANDA', 'Active', 63, 1456214128, 1, NULL, NULL, 68),
(64, 15, 'SADARPUR', 'Active', 64, 1456214128, 1, NULL, NULL, 69),
(65, 15, 'SALTHA', 'Active', 65, 1456214128, 1, NULL, NULL, 70),
(66, 53, 'BALIAKANDI', 'Active', 66, 1456214128, 1, NULL, NULL, 71),
(67, 53, 'GOALANDAGHAT', 'Active', 67, 1456214128, 1, NULL, NULL, 72),
(68, 53, 'KALUKHALI', 'Active', 68, 1456214128, 1, NULL, NULL, 73),
(69, 53, 'PANGSHA', 'Active', 69, 1456214128, 1, NULL, NULL, 74),
(70, 53, 'RAJBARI SADAR', 'Active', 70, 1456214128, 1, NULL, NULL, 75),
(71, 52, 'BAGHA', 'Active', 71, 1456214128, 1, NULL, NULL, 76),
(72, 52, 'BAGHMARA', 'Active', 72, 1456214128, 1, NULL, NULL, 77),
(73, 52, 'CHARGHAT', 'Active', 73, 1456214128, 1, NULL, NULL, 78),
(74, 52, 'DURGAPUR', 'Active', 74, 1456214128, 1, NULL, NULL, 79),
(75, 52, 'GODAGARI', 'Active', 75, 1456214128, 1, NULL, NULL, 80),
(76, 52, 'MOHANPUR', 'Active', 76, 1456214128, 1, NULL, NULL, 81),
(77, 52, 'PABA', 'Active', 77, 1456214128, 1, NULL, NULL, 82),
(78, 52, 'PUTHIA', 'Active', 78, 1456214128, 1, NULL, NULL, 83),
(79, 52, 'TANORE', 'Active', 79, 1456214128, 1, NULL, NULL, 84),
(80, 45, 'BHOLAHAT', 'Active', 80, 1456214128, 1, NULL, NULL, 85),
(81, 45, 'GOMASTAPUR', 'Active', 81, 1456214128, 1, NULL, NULL, 86),
(82, 45, 'NACHOLE', 'Active', 82, 1456214128, 1, NULL, NULL, 87),
(83, 45, 'NABABGANJ SADAR', 'Active', 83, 1456214128, 1, NULL, NULL, 88),
(84, 45, 'SHIBGANJ', 'Active', 84, 1456214128, 1, NULL, NULL, 89),
(85, 44, 'BAGATI PARA', 'Active', 85, 1456214128, 1, NULL, NULL, 90),
(86, 44, 'BARAIGRAM', 'Active', 86, 1456214128, 1, NULL, NULL, 91),
(87, 44, 'GURUDASPUR', 'Active', 87, 1456214128, 1, NULL, NULL, 92),
(88, 44, 'LALPUR', 'Active', 88, 1456214128, 1, NULL, NULL, 93),
(89, 44, 'NATORE SADAR', 'Active', 89, 1456214128, 1, NULL, NULL, 94),
(90, 44, 'NALDANGA', 'Active', 90, 1456214128, 1, NULL, NULL, 95),
(91, 44, 'SINGRA', 'Active', 91, 1456214128, 1, NULL, NULL, 96),
(92, 48, 'ATGHARIA', 'Active', 92, 1456214128, 1, NULL, NULL, 97),
(93, 48, 'ATAIKULA', 'Active', 93, 1456214128, 1, NULL, NULL, 98),
(94, 48, 'BERA', 'Active', 94, 1456214128, 1, NULL, NULL, 99),
(95, 48, 'BHANGURA', 'Active', 95, 1456214128, 1, NULL, NULL, 100),
(96, 48, 'CHATMOHAR', 'Active', 96, 1456214128, 1, NULL, NULL, 101),
(97, 48, 'FARIDPUR', 'Active', 97, 1456214128, 1, NULL, NULL, 102),
(98, 48, 'ISHWARDI', 'Active', 98, 1456214128, 1, NULL, NULL, 103),
(99, 48, 'PABNA SADAR', 'Active', 99, 1456214128, 1, NULL, NULL, 104),
(100, 48, 'SANTHIA', 'Active', 100, 1456214128, 1, NULL, NULL, 105),
(101, 48, 'SUJANAGAR', 'Active', 101, 1456214128, 1, NULL, NULL, 106),
(102, 58, 'BELKUCHI', 'Active', 102, 1456214128, 1, NULL, NULL, 107),
(103, 58, 'CHAUHALI', 'Active', 103, 1456214128, 1, NULL, NULL, 108),
(104, 58, 'KAMARKHANDA', 'Active', 104, 1456214128, 1, NULL, NULL, 109),
(105, 58, 'KAZIPUR', 'Active', 105, 1456214128, 1, NULL, NULL, 110),
(106, 58, 'ROYGANJ', 'Active', 106, 1456214128, 1, NULL, NULL, 111),
(107, 58, 'SHAHJADPUR', 'Active', 107, 1456214128, 1, NULL, NULL, 112),
(108, 58, 'SIRAJGANJ SADAR', 'Active', 108, 1456214128, 1, NULL, NULL, 113),
(109, 58, 'TARASH', 'Active', 109, 1456214128, 1, NULL, NULL, 114),
(110, 68, 'ULLAH PARA', 'Active', 110, 1456214128, 1, NULL, NULL, 115),
(111, 6, 'ADAMDIGHI', 'Active', 111, 1456214128, 1, NULL, NULL, 116),
(112, 6, 'BOGRA SADAR', 'Active', 112, 1456214128, 1, NULL, NULL, 117),
(113, 6, 'DHUNAT', 'Active', 113, 1456214128, 1, NULL, NULL, 118),
(114, 6, 'DHUPCHANCHIA', 'Active', 114, 1456214128, 1, NULL, NULL, 119),
(115, 6, 'GABTALI', 'Active', 115, 1456214128, 1, NULL, NULL, 120),
(116, 6, 'KAHALOO', 'Active', 116, 1456214128, 1, NULL, NULL, 121),
(117, 6, 'NANDIGRAM', 'Active', 117, 1456214128, 1, NULL, NULL, 122),
(118, 6, 'SARIAKANDI', 'Active', 118, 1456214128, 1, NULL, NULL, 123),
(119, 6, 'SHAJAHANPUR', 'Active', 119, 1456214128, 1, NULL, NULL, 124),
(120, 6, 'SHERPUR', 'Active', 120, 1456214128, 1, NULL, NULL, 125),
(121, 66, 'SHIBGANJ', 'Active', 121, 1456214128, 1, NULL, NULL, 126),
(122, 6, 'SONATOLA', 'Active', 122, 1456214128, 1, NULL, NULL, 127),
(123, 17, 'FULCHHARI', 'Active', 123, 1456214128, 1, NULL, NULL, 128),
(124, 17, 'GAIBANDHA SADAR', 'Active', 124, 1456214128, 1, NULL, NULL, 129),
(125, 17, 'GOBINDAGANJ', 'Active', 125, 1456214128, 1, NULL, NULL, 130),
(126, 17, 'PALASHBARI', 'Active', 126, 1456214128, 1, NULL, NULL, 131),
(127, 17, 'SADULLAPUR', 'Active', 127, 1456214128, 1, NULL, NULL, 132),
(128, 17, 'SAGHATTA', 'Active', 128, 1456214128, 1, NULL, NULL, 133),
(129, 17, 'SUNDARGANJ', 'Active', 129, 1456214128, 1, NULL, NULL, 134),
(130, 21, 'AKKELPUR', 'Active', 130, 1456214128, 1, NULL, NULL, 135),
(131, 21, 'JOYPURHAT SADAR', 'Active', 131, 1456214128, 1, NULL, NULL, 136),
(132, 21, 'KALAI', 'Active', 132, 1456214128, 1, NULL, NULL, 137),
(133, 21, 'KHETLAL', 'Active', 133, 1456214128, 1, NULL, NULL, 138),
(134, 21, 'PANCHBIBI', 'Active', 134, 1456214128, 1, NULL, NULL, 139),
(135, 40, 'ATRAI', 'Active', 135, 1456214128, 1, NULL, NULL, 140),
(136, 67, 'BADALGACHHI', 'Active', 136, 1456214128, 1, NULL, NULL, 141),
(137, 67, 'DHAMOIRHAT', 'Active', 137, 1456214128, 1, NULL, NULL, 142),
(138, 40, 'MANDA', 'Active', 138, 1456214128, 1, NULL, NULL, 143),
(139, 67, 'MAHADEBPUR', 'Active', 139, 1456214128, 1, NULL, NULL, 144),
(140, 67, 'NAOGAON SADAR', 'Active', 140, 1456214128, 1, NULL, NULL, 145),
(141, 40, 'NIAMATPUR', 'Active', 141, 1456214128, 1, NULL, NULL, 146),
(142, 67, 'PATNITALA', 'Active', 142, 1456214128, 1, NULL, NULL, 147),
(143, 40, 'PORSHA', 'Active', 143, 1456214128, 1, NULL, NULL, 148),
(144, 40, 'RANINAGAR', 'Active', 144, 1456214128, 1, NULL, NULL, 149),
(145, 67, 'SAPAHAR', 'Active', 145, 1456214128, 1, NULL, NULL, 150),
(146, 14, 'BIRAMPUR', 'Active', 146, 1456214128, 1, NULL, NULL, 151),
(147, 14, 'BIRGANJ', 'Active', 147, 1456214128, 1, NULL, NULL, 152),
(148, 14, 'BIRAL', 'Active', 148, 1456214128, 1, NULL, NULL, 153),
(149, 14, 'BOCHAGANJ', 'Active', 149, 1456214128, 1, NULL, NULL, 154),
(150, 14, 'CHIRIRBANDAR', 'Active', 150, 1456214128, 1, NULL, NULL, 155),
(151, 14, 'FULBARI', 'Active', 151, 1456214128, 1, NULL, NULL, 156),
(152, 14, 'GHORAGHAT', 'Active', 152, 1456214128, 1, NULL, NULL, 157),
(153, 14, 'HAKIMPUR', 'Active', 153, 1456214128, 1, NULL, NULL, 158),
(154, 14, 'KAHAROLE', 'Active', 154, 1456214128, 1, NULL, NULL, 159),
(155, 14, 'KHANSAMA', 'Active', 155, 1456214128, 1, NULL, NULL, 160),
(156, 14, 'DINAJPUR SADAR', 'Active', 156, 1456214128, 1, NULL, NULL, 161),
(157, 14, 'NAWABGANJ', 'Active', 157, 1456214128, 1, NULL, NULL, 162),
(158, 14, 'PARBATIPUR', 'Active', 158, 1456214128, 1, NULL, NULL, 163),
(159, 55, 'BADARGANJ', 'Active', 159, 1456214128, 1, NULL, NULL, 164),
(160, 55, 'GANGACHARA', 'Active', 160, 1456214128, 1, NULL, NULL, 165),
(161, 55, 'KAUNIA', 'Active', 161, 1456214128, 1, NULL, NULL, 166),
(162, 55, 'RANGPUR SADAR', 'Active', 162, 1456214128, 1, NULL, NULL, 167),
(163, 55, 'MITHA PUKUR', 'Active', 163, 1456214128, 1, NULL, NULL, 168),
(164, 55, 'PIRGACHHA', 'Active', 164, 1456214128, 1, NULL, NULL, 169),
(165, 55, 'PIRGANJ', 'Active', 165, 1456214128, 1, NULL, NULL, 170),
(166, 55, 'TARAGANJ', 'Active', 166, 1456214128, 1, NULL, NULL, 171),
(167, 32, 'ADITMARI', 'Active', 167, 1456214128, 1, NULL, NULL, 172),
(168, 32, 'HATIBANDHA', 'Active', 168, 1456214128, 1, NULL, NULL, 173),
(169, 32, 'KALIGANJ', 'Active', 169, 1456214128, 1, NULL, NULL, 174),
(170, 32, 'LALMONIRHAT SADAR', 'Active', 170, 1456214128, 1, NULL, NULL, 175),
(171, 32, 'PATGRAM', 'Active', 171, 1456214128, 1, NULL, NULL, 176),
(172, 29, 'BHURUNGAMARI', 'Active', 172, 1456214128, 1, NULL, NULL, 177),
(173, 29, 'CHAR RAJIBPUR', 'Active', 173, 1456214128, 1, NULL, NULL, 178),
(174, 29, 'CHILMARI', 'Active', 174, 1456214128, 1, NULL, NULL, 179),
(175, 29, 'PHULBARI', 'Active', 175, 1456214128, 1, NULL, NULL, 180),
(176, 29, 'KURIGRAM SADAR', 'Active', 176, 1456214128, 1, NULL, NULL, 181),
(177, 29, 'NAGESHWARI', 'Active', 177, 1456214128, 1, NULL, NULL, 182),
(178, 29, 'RAJARHAT', 'Active', 178, 1456214128, 1, NULL, NULL, 183),
(179, 29, 'RAUMARI', 'Active', 179, 1456214128, 1, NULL, NULL, 184),
(180, 29, 'ULIPUR', 'Active', 180, 1456214128, 1, NULL, NULL, 185),
(181, 49, 'ATWARI', 'Active', 181, 1456214128, 1, NULL, NULL, 186),
(182, 49, 'BODA', 'Active', 182, 1456214128, 1, NULL, NULL, 187),
(183, 49, 'DEBIGANJ', 'Active', 183, 1456214128, 1, NULL, NULL, 188),
(184, 49, 'PANCHAGARH SADAR', 'Active', 184, 1456214128, 1, NULL, NULL, 189),
(185, 49, 'TENTULIA', 'Active', 185, 1456214128, 1, NULL, NULL, 190),
(186, 63, 'BALIADANGI', 'Active', 186, 1456214128, 1, NULL, NULL, 191),
(187, 63, 'HARIPUR', 'Active', 187, 1456214128, 1, NULL, NULL, 192),
(188, 63, 'PIRGANJ', 'Active', 188, 1456214128, 1, NULL, NULL, 193),
(189, 63, 'RANISANKAIL', 'Active', 189, 1456214128, 1, NULL, NULL, 194),
(190, 63, 'THAKURGAON SADAR', 'Active', 190, 1456214128, 1, NULL, NULL, 195),
(191, 13, 'DOHAR ', 'Active', 191, 1456214128, 1, NULL, NULL, 196),
(192, 13, 'SAVAR ', 'Active', 192, 1456214128, 1, NULL, NULL, 197),
(193, 13, 'NAWABGANJ ', 'Active', 193, 1456214128, 1, NULL, NULL, 198),
(194, 13, 'KERANIGANJ ', 'Active', 194, 1456214128, 1, NULL, NULL, 199),
(195, 13, 'DHAMRAI ', 'Active', 195, 1456214128, 1, NULL, NULL, 200),
(196, 42, 'NARAYANGANJ SADAR ', 'Active', 196, 1456214128, 1, NULL, NULL, 201),
(197, 42, 'ARAIHAZAR ', 'Active', 197, 1456214128, 1, NULL, NULL, 202),
(198, 42, 'RUPGANJ ', 'Active', 198, 1456214128, 1, NULL, NULL, 203),
(199, 42, 'BANDAR ', 'Active', 199, 1456214128, 1, NULL, NULL, 204),
(200, 42, 'SONARGAON ', 'Active', 200, 1456214128, 1, NULL, NULL, 205),
(201, 42, 'SIDDHIRGANJ ', 'Active', 201, 1456214128, 1, NULL, NULL, 206),
(202, 42, ' FATULLAH ', 'Active', 202, 1456214128, 1, NULL, NULL, 207),
(203, 18, 'GAZIPUR SADAR', 'Active', 203, 1456214128, 1, NULL, NULL, 208),
(204, 18, 'KALIAKAIR', 'Active', 204, 1456214128, 1, NULL, NULL, 209),
(205, 18, 'KALIGANJ', 'Active', 205, 1456214128, 1, NULL, NULL, 210),
(206, 18, 'TONGI', 'Active', 206, 1456214128, 1, NULL, NULL, 211),
(207, 18, 'KAPASIA', 'Active', 207, 1456214128, 1, NULL, NULL, 212),
(208, 18, 'SREEPUR', 'Active', 208, 1456214128, 1, NULL, NULL, 213),
(209, 35, 'DAULATPUR', 'Active', 209, 1456214128, 1, NULL, NULL, 214),
(210, 35, 'GHIOR', 'Active', 210, 1456214128, 1, NULL, NULL, 215),
(211, 35, 'HARIRAMPUR', 'Active', 211, 1456214128, 1, NULL, NULL, 216),
(212, 35, 'MANIKGANJ SADAR', 'Active', 212, 1456214128, 1, NULL, NULL, 217),
(213, 35, 'SATURIA', 'Active', 213, 1456214128, 1, NULL, NULL, 218),
(214, 35, 'SHIBALAYA', 'Active', 214, 1456214128, 1, NULL, NULL, 219),
(215, 35, 'SINGAIR', 'Active', 215, 1456214128, 1, NULL, NULL, 220),
(216, 62, 'BASAIL', 'Active', 216, 1456214128, 1, NULL, NULL, 221),
(217, 62, 'BHUAPUR', 'Active', 217, 1456214128, 1, NULL, NULL, 222),
(218, 62, 'DELDUAR', 'Active', 218, 1456214128, 1, NULL, NULL, 223),
(219, 62, 'DHANBARI', 'Active', 219, 1456214128, 1, NULL, NULL, 224),
(220, 62, 'GHATAIL', 'Active', 220, 1456214128, 1, NULL, NULL, 225),
(221, 62, 'GOPALPUR', 'Active', 221, 1456214128, 1, NULL, NULL, 226),
(222, 62, 'KALIHATI', 'Active', 222, 1456214128, 1, NULL, NULL, 227),
(223, 62, 'MADHUPUR', 'Active', 223, 1456214128, 1, NULL, NULL, 228),
(224, 62, 'MIRZAPUR', 'Active', 224, 1456214128, 1, NULL, NULL, 229),
(225, 62, 'NAGARPUR', 'Active', 225, 1456214128, 1, NULL, NULL, 230),
(226, 62, 'SAKHIPUR', 'Active', 226, 1456214128, 1, NULL, NULL, 231),
(227, 62, 'TANGAIL SADAR', 'Active', 227, 1456214128, 1, NULL, NULL, 232),
(228, 72, 'GAZARIA', 'Active', 228, 1456214128, 1, NULL, NULL, 233),
(229, 38, 'LOHAJANG', 'Active', 229, 1456214128, 1, NULL, NULL, 234),
(230, 38, 'MUNSHIGANJ SADAR', 'Active', 230, 1456214128, 1, NULL, NULL, 235),
(231, 38, 'SERAJDIKHAN', 'Active', 231, 1456214128, 1, NULL, NULL, 236),
(232, 38, 'SREENAGAR', 'Active', 232, 1456214128, 1, NULL, NULL, 237),
(233, 38, 'TONGIBARI', 'Active', 233, 1456214128, 1, NULL, NULL, 238),
(234, 39, 'BHALUKA', 'Active', 234, 1456214128, 1, NULL, NULL, 239),
(235, 39, 'DHOBAURA', 'Active', 235, 1456214128, 1, NULL, NULL, 240),
(236, 39, 'FULBARIA', 'Active', 236, 1456214128, 1, NULL, NULL, 241),
(237, 39, 'GAFFARGAON', 'Active', 237, 1456214128, 1, NULL, NULL, 242),
(238, 39, 'GAURIPUR', 'Active', 238, 1456214128, 1, NULL, NULL, 243),
(239, 39, 'HALUAGHAT', 'Active', 239, 1456214128, 1, NULL, NULL, 244),
(240, 39, 'ISHWARGANJ', 'Active', 240, 1456214128, 1, NULL, NULL, 245),
(241, 39, 'MYMENSINGH SADAR', 'Active', 241, 1456214128, 1, NULL, NULL, 246),
(242, 39, 'MUKTAGACHHA', 'Active', 242, 1456214128, 1, NULL, NULL, 247),
(243, 39, 'NANDAIL', 'Active', 243, 1456214128, 1, NULL, NULL, 248),
(244, 39, 'PHULPUR', 'Active', 244, 1456214128, 1, NULL, NULL, 249),
(245, 39, 'TATA KANDA', 'Active', 245, 1456214128, 1, NULL, NULL, 250),
(246, 39, 'TRISHAL', 'Active', 246, 1456214128, 1, NULL, NULL, 251),
(247, 59, 'JHENAIGATI', 'Active', 247, 1456214128, 1, NULL, NULL, 252),
(248, 59, 'NAKLA', 'Active', 248, 1456214128, 1, NULL, NULL, 253),
(249, 59, 'NALITABARI', 'Active', 249, 1456214128, 1, NULL, NULL, 254),
(250, 59, 'SHERPUR SADAR', 'Active', 250, 1456214128, 1, NULL, NULL, 255),
(251, 59, 'SREEBARDI', 'Active', 251, 1456214128, 1, NULL, NULL, 256),
(252, 22, 'BAKSHIGANJ', 'Active', 252, 1456214128, 1, NULL, NULL, 257),
(253, 22, 'DEWANGANJ', 'Active', 253, 1456214128, 1, NULL, NULL, 258),
(254, 22, 'ISLAMPUR', 'Active', 254, 1456214128, 1, NULL, NULL, 259),
(255, 22, 'JAMALPUR SADAR', 'Active', 255, 1456214128, 1, NULL, NULL, 260),
(256, 22, 'MADARGANJ', 'Active', 256, 1456214128, 1, NULL, NULL, 261),
(257, 22, 'MELANDAHA', 'Active', 257, 1456214128, 1, NULL, NULL, 262),
(258, 22, 'SARISHABARI', 'Active', 258, 1456214128, 1, NULL, NULL, 263),
(259, 46, 'ATPARA', 'Active', 259, 1456214128, 1, NULL, NULL, 264),
(260, 46, 'BARHATTA', 'Active', 260, 1456214128, 1, NULL, NULL, 265),
(261, 46, 'DURGAPUR', 'Active', 261, 1456214128, 1, NULL, NULL, 266),
(262, 46, 'KHALIAJURI', 'Active', 262, 1456214128, 1, NULL, NULL, 267),
(263, 46, 'KALMAKANDA', 'Active', 263, 1456214128, 1, NULL, NULL, 268),
(264, 46, 'KENDUA THANA', 'Active', 264, 1456214128, 1, NULL, NULL, 269),
(265, 46, 'MADAN', 'Active', 265, 1456214128, 1, NULL, NULL, 270),
(266, 46, 'MOHANGANJ', 'Active', 266, 1456214128, 1, NULL, NULL, 271),
(267, 46, 'NETROKONA SADAR', 'Active', 267, 1456214128, 1, NULL, NULL, 272),
(268, 46, 'PURBADHALA', 'Active', 268, 1456214128, 1, NULL, NULL, 273),
(269, 28, 'AUSTAGRAM', 'Active', 269, 1456214128, 1, NULL, NULL, 274),
(270, 28, 'BAJITPUR', 'Active', 270, 1456214128, 1, NULL, NULL, 275),
(271, 28, 'BHAIRAB', 'Active', 271, 1456214128, 1, NULL, NULL, 276),
(272, 28, 'HOSSAINPUR', 'Active', 272, 1456214128, 1, NULL, NULL, 277),
(273, 28, 'ITNA', 'Active', 273, 1456214128, 1, NULL, NULL, 278),
(274, 28, 'KARIMGANJ', 'Active', 274, 1456214128, 1, NULL, NULL, 279),
(275, 28, 'KATIADI', 'Active', 275, 1456214128, 1, NULL, NULL, 280),
(276, 28, 'KISHOREGANJ SADAR', 'Active', 276, 1456214128, 1, NULL, NULL, 281),
(277, 28, 'KULIAR CHAR', 'Active', 277, 1456214128, 1, NULL, NULL, 282),
(278, 28, 'MITHAMAIN', 'Active', 278, 1456214128, 1, NULL, NULL, 283),
(279, 28, 'NIKLI', 'Active', 279, 1456214128, 1, NULL, NULL, 284),
(280, 28, 'PAKUNDIA', 'Active', 280, 1456214128, 1, NULL, NULL, 285),
(281, 28, 'TARAIL', 'Active', 281, 1456214128, 1, NULL, NULL, 286),
(282, 43, 'BELABO', 'Active', 282, 1456214128, 1, NULL, NULL, 287),
(283, 43, 'MANOHARDI', 'Active', 283, 1456214128, 1, NULL, NULL, 288),
(284, 43, 'NARSINGDI SADAR', 'Active', 284, 1456214128, 1, NULL, NULL, 289),
(285, 43, 'PALASH', 'Active', 285, 1456214128, 1, NULL, NULL, 290),
(286, 43, 'ROYPURA', 'Active', 286, 1456214128, 1, NULL, NULL, 291),
(287, 43, 'SHIBPUR', 'Active', 287, 1456214128, 1, NULL, NULL, 292),
(288, 61, 'BALAGANJ', 'Active', 288, 1456214128, 1, NULL, NULL, 293),
(289, 61, 'BEANI BAZAR', 'Active', 289, 1456214128, 1, NULL, NULL, 294),
(290, 69, 'BISHWANATH', 'Active', 290, 1456214128, 1, NULL, NULL, 295),
(291, 69, 'COMPANIGANJ', 'Active', 291, 1456214128, 1, NULL, NULL, 296),
(292, 69, 'DAKHIN SURMA', 'Active', 292, 1456214128, 1, NULL, NULL, 297),
(293, 61, 'FENCHUGANJ', 'Active', 293, 1456214128, 1, NULL, NULL, 298),
(294, 61, 'GOLABGANJ', 'Active', 294, 1456214128, 1, NULL, NULL, 299),
(295, 69, 'GOWAINGHAT', 'Active', 295, 1456214128, 1, NULL, NULL, 300),
(296, 69, 'JAINTIAPUR', 'Active', 296, 1456214128, 1, NULL, NULL, 301),
(297, 61, 'KANAIGHAT', 'Active', 297, 1456214128, 1, NULL, NULL, 302),
(298, 69, 'SYLHET SADAR', 'Active', 298, 1456214128, 1, NULL, NULL, 303),
(299, 61, 'ZAKIGANJ', 'Active', 299, 1456214128, 1, NULL, NULL, 304),
(300, 60, 'BISHWAMBARPUR', 'Active', 300, 1456214128, 1, NULL, NULL, 305),
(301, 60, 'CHHATAK', 'Active', 301, 1456214128, 1, NULL, NULL, 306),
(302, 60, 'DAKHIN SUNAMGANJ', 'Active', 302, 1456214128, 1, NULL, NULL, 307),
(303, 60, 'DERAI', 'Active', 303, 1456214128, 1, NULL, NULL, 308),
(304, 60, 'DHARAMPASHA', 'Active', 304, 1456214128, 1, NULL, NULL, 309),
(305, 20, 'AJMIRIGANJ', 'Active', 305, 1456214128, 1, NULL, NULL, 310),
(306, 60, 'DOWARABAZAR', 'Active', 306, 1456214128, 1, NULL, NULL, 311),
(307, 60, 'JAGANNATHPUR', 'Active', 307, 1456214128, 1, NULL, NULL, 312),
(308, 60, 'JAMALGANJ', 'Active', 308, 1456214128, 1, NULL, NULL, 313),
(309, 60, 'SULLA', 'Active', 309, 1456214128, 1, NULL, NULL, 314),
(310, 60, 'SUNAMGANJ SADAR', 'Active', 310, 1456214128, 1, NULL, NULL, 315),
(311, 60, 'TAHIRPUR', 'Active', 311, 1456214128, 1, NULL, NULL, 316),
(312, 70, 'BARLEKHA', 'Active', 312, 1456214128, 1, NULL, NULL, 317),
(313, 70, 'JURI', 'Active', 313, 1456214128, 1, NULL, NULL, 318),
(314, 37, 'KAMALGANJ', 'Active', 314, 1456214128, 1, NULL, NULL, 319),
(315, 70, 'KULAURA', 'Active', 315, 1456214128, 1, NULL, NULL, 320),
(316, 70, 'MAULVI BAZAR SADAR', 'Active', 316, 1456214128, 1, NULL, NULL, 321),
(317, 70, 'RAJNAGAR', 'Active', 317, 1456214128, 1, NULL, NULL, 322),
(318, 37, 'SREEMANGAL', 'Active', 318, 1456214128, 1, NULL, NULL, 323),
(319, 20, 'BAHUBAL', 'Active', 319, 1456214128, 1, NULL, NULL, 324),
(320, 20, 'BANIACHONG', 'Active', 320, 1456214128, 1, NULL, NULL, 325),
(321, 20, 'CHUNARUGHAT', 'Active', 321, 1456214128, 1, NULL, NULL, 326),
(322, 20, 'HABIGANJ SADAR', 'Active', 322, 1456214128, 1, NULL, NULL, 327),
(323, 20, 'LAKHAI', 'Active', 323, 1456214128, 1, NULL, NULL, 328),
(324, 20, 'MADHABPUR', 'Active', 324, 1456214128, 1, NULL, NULL, 329),
(325, 20, 'NABIGANJ', 'Active', 325, 1456214128, 1, NULL, NULL, 330),
(326, 31, 'KAMALNAGAR', 'Active', 326, 1456214128, 1, NULL, NULL, 331),
(327, 31, 'LAKSHMIPUR SADAR', 'Active', 327, 1456214128, 1, NULL, NULL, 332),
(328, 31, 'ROYPUR', 'Active', 328, 1456214128, 1, NULL, NULL, 333),
(329, 31, 'RAMGANJ', 'Active', 329, 1456214128, 1, NULL, NULL, 334),
(330, 31, 'RAMGATI', 'Active', 330, 1456214128, 1, NULL, NULL, 335),
(331, 47, 'BEGUMGANJ', 'Active', 331, 1456214128, 1, NULL, NULL, 336),
(332, 47, 'CHATKHIL', 'Active', 332, 1456214128, 1, NULL, NULL, 337),
(333, 47, 'COMPANIGANJ', 'Active', 333, 1456214128, 1, NULL, NULL, 338),
(334, 47, 'HATIYA', 'Active', 334, 1456214128, 1, NULL, NULL, 339),
(335, 47, 'KABIRHAT', 'Active', 335, 1456214128, 1, NULL, NULL, 340),
(336, 47, 'SENBAGH', 'Active', 336, 1456214128, 1, NULL, NULL, 341),
(337, 47, 'SONAIMURI', 'Active', 337, 1456214128, 1, NULL, NULL, 342),
(338, 47, 'SUBARNA CHAR', 'Active', 338, 1456214128, 1, NULL, NULL, 343),
(339, 47, 'NOAKHALI SADAR (SUDHARAM)', 'Active', 339, 1456214128, 1, NULL, NULL, 344),
(340, 11, 'BARURA', 'Active', 340, 1456214128, 1, NULL, NULL, 345),
(341, 11, 'BRAHMAN PARA', 'Active', 341, 1456214128, 1, NULL, NULL, 346),
(342, 11, 'BURICHANG', 'Active', 342, 1456214128, 1, NULL, NULL, 347),
(343, 11, 'CHANDINA', 'Active', 343, 1456214128, 1, NULL, NULL, 348),
(344, 11, 'CHAUDDAGRAM', 'Active', 344, 1456214128, 1, NULL, NULL, 349),
(345, 11, 'COMILLA SADAR DAKHIN', 'Active', 345, 1456214128, 1, NULL, NULL, 350),
(346, 11, 'DAUDKANDI', 'Active', 346, 1456214128, 1, NULL, NULL, 351),
(347, 11, 'DEBIDWAR', 'Active', 347, 1456214128, 1, NULL, NULL, 352),
(348, 11, 'HOMNA', 'Active', 348, 1456214128, 1, NULL, NULL, 353),
(349, 11, 'COMILLA ADARSHA SADAR', 'Active', 349, 1456214128, 1, NULL, NULL, 354),
(350, 11, 'LAKSAM', 'Active', 350, 1456214128, 1, NULL, NULL, 355),
(351, 11, 'MANOHARGANJ', 'Active', 351, 1456214128, 1, NULL, NULL, 356),
(352, 11, 'MEGHNA', 'Active', 352, 1456214128, 1, NULL, NULL, 357),
(353, 11, 'MURADNAGAR', 'Active', 353, 1456214128, 1, NULL, NULL, 358),
(354, 11, 'NANGALKOT', 'Active', 354, 1456214128, 1, NULL, NULL, 359),
(355, 11, 'TITAS', 'Active', 355, 1456214128, 1, NULL, NULL, 360),
(356, 8, 'CHANDPUR SADAR', 'Active', 356, 1456214128, 1, NULL, NULL, 361),
(357, 8, 'FARIDGANJ', 'Active', 357, 1456214128, 1, NULL, NULL, 362),
(358, 8, 'HAIM CHAR', 'Active', 358, 1456214128, 1, NULL, NULL, 363),
(359, 8, 'HAJIGANJ', 'Active', 359, 1456214128, 1, NULL, NULL, 364),
(360, 8, 'KACHUA', 'Active', 360, 1456214128, 1, NULL, NULL, 365),
(361, 8, 'MATLAB', 'Active', 361, 1456214128, 1, NULL, NULL, 366),
(362, 8, 'UTTAR MATLAB', 'Active', 362, 1456214128, 1, NULL, NULL, 367),
(363, 8, 'SHAHRASTI', 'Active', 363, 1456214128, 1, NULL, NULL, 368),
(364, 7, 'AKHAURA', 'Active', 364, 1456214128, 1, NULL, NULL, 369),
(365, 7, 'BANCHHARAMPUR', 'Active', 365, 1456214128, 1, NULL, NULL, 370),
(366, 7, 'BIJOYNAGAR', 'Active', 366, 1456214128, 1, NULL, NULL, 371),
(367, 7, 'BRAHMANBARIA SADAR', 'Active', 367, 1456214128, 1, NULL, NULL, 372),
(368, 7, 'ASHUGANJ', 'Active', 368, 1456214128, 1, NULL, NULL, 373),
(369, 7, 'KASBA', 'Active', 369, 1456214128, 1, NULL, NULL, 374),
(370, 7, 'NABINAGAR', 'Active', 370, 1456214128, 1, NULL, NULL, 375),
(371, 7, 'NASIRNAGAR', 'Active', 371, 1456214128, 1, NULL, NULL, 376),
(372, 7, 'SARAIL', 'Active', 372, 1456214128, 1, NULL, NULL, 377),
(373, 4, 'AGAILJHARA', 'Active', 373, 1456214128, 1, NULL, NULL, 378),
(374, 4, 'BABUGANJ', 'Active', 374, 1456214128, 1, NULL, NULL, 379),
(375, 4, 'BAKERGANJ', 'Active', 375, 1456214128, 1, NULL, NULL, 380),
(376, 4, 'BANARIPARA', 'Active', 376, 1456214128, 1, NULL, NULL, 381),
(377, 4, 'GAURNADI', 'Active', 377, 1456214128, 1, NULL, NULL, 382),
(378, 4, 'HIZLA', 'Active', 378, 1456214128, 1, NULL, NULL, 383),
(379, 4, 'BARISAL SADAR', 'Active', 379, 1456214128, 1, NULL, NULL, 384),
(380, 4, 'MEHENDIGANJ', 'Active', 380, 1456214128, 1, NULL, NULL, 385),
(381, 4, 'MULADI', 'Active', 381, 1456214128, 1, NULL, NULL, 386),
(382, 4, 'UZIRPUR', 'Active', 382, 1456214128, 1, NULL, NULL, 387),
(383, 3, 'AMTALI', 'Active', 383, 1456214128, 1, NULL, NULL, 388),
(384, 3, 'BAMNA', 'Active', 384, 1456214128, 1, NULL, NULL, 389),
(385, 3, 'TALTALI', 'Active', 385, 1456214128, 1, NULL, NULL, 390),
(386, 3, 'BARGUNA SADAR', 'Active', 386, 1456214128, 1, NULL, NULL, 391),
(387, 3, 'BETAGI', 'Active', 387, 1456214128, 1, NULL, NULL, 392),
(388, 3, 'PATHARGHATA', 'Active', 388, 1456214128, 1, NULL, NULL, 393),
(389, 50, 'BAUPHAL', 'Active', 389, 1456214128, 1, NULL, NULL, 394),
(390, 50, 'DASHMINA', 'Active', 390, 1456214128, 1, NULL, NULL, 395),
(391, 50, 'DUMKI', 'Active', 391, 1456214128, 1, NULL, NULL, 396),
(392, 50, 'RANGABALI', 'Active', 392, 1456214128, 1, NULL, NULL, 397),
(393, 50, 'GALACHIPA', 'Active', 393, 1456214128, 1, NULL, NULL, 398),
(394, 50, 'KALA PARA', 'Active', 394, 1456214128, 1, NULL, NULL, 399),
(395, 50, 'MIRZAGANJ', 'Active', 395, 1456214128, 1, NULL, NULL, 400),
(396, 50, 'PATUAKHALI SADAR', 'Active', 396, 1456214128, 1, NULL, NULL, 401),
(397, 24, 'JHALOKATI SADAR', 'Active', 397, 1456214128, 1, NULL, NULL, 402),
(398, 24, 'KANTHALIA', 'Active', 398, 1456214128, 1, NULL, NULL, 403),
(399, 24, 'NALCHITY', 'Active', 399, 1456214128, 1, NULL, NULL, 404),
(400, 24, 'RAJAPUR', 'Active', 400, 1456214128, 1, NULL, NULL, 405),
(401, 5, 'BHOLA SADAR', 'Active', 401, 1456214128, 1, NULL, NULL, 406),
(402, 5, 'BURHANUDDIN', 'Active', 402, 1456214128, 1, NULL, NULL, 407),
(403, 5, 'CHAR FASSON', 'Active', 403, 1456214128, 1, NULL, NULL, 408),
(404, 5, 'DAULAT KHAN', 'Active', 404, 1456214128, 1, NULL, NULL, 409),
(405, 5, 'LALMOHAN', 'Active', 405, 1456214128, 1, NULL, NULL, 410),
(406, 5, 'MANPURA', 'Active', 406, 1456214128, 1, NULL, NULL, 411),
(407, 5, 'TAZUMUDDIN', 'Active', 407, 1456214128, 1, NULL, NULL, 412),
(408, 19, 'GOPALGANJ SADAR', 'Active', 408, 1456214128, 1, NULL, NULL, 413),
(409, 19, 'KASHIANI', 'Active', 409, 1456214128, 1, NULL, NULL, 414),
(410, 19, 'KOTALIPARA', 'Active', 410, 1456214128, 1, NULL, NULL, 415),
(411, 19, 'MUKSUDPUR', 'Active', 411, 1456214128, 1, NULL, NULL, 416),
(412, 19, 'TUNGIPARA', 'Active', 412, 1456214128, 1, NULL, NULL, 417),
(413, 1, 'BAGERHAT SADAR', 'Active', 413, 1456214128, 1, NULL, NULL, 418),
(414, 1, 'CHITALMARI', 'Active', 414, 1456214128, 1, NULL, NULL, 419),
(415, 1, 'FAKIRHAT', 'Active', 415, 1456214128, 1, NULL, NULL, 420),
(416, 1, 'KACHUA', 'Active', 416, 1456214128, 1, NULL, NULL, 421),
(417, 1, 'MOLLAHAT', 'Active', 417, 1456214128, 1, NULL, NULL, 422),
(418, 1, 'MONGLA', 'Active', 418, 1456214128, 1, NULL, NULL, 423),
(419, 1, 'MORRELGANJ', 'Active', 419, 1456214128, 1, NULL, NULL, 424),
(420, 1, 'SARANKHOLA', 'Active', 421, 1456214128, 1, NULL, NULL, 426),
(421, 33, 'KALKINI', 'Active', 422, 1456214128, 1, NULL, NULL, 427),
(422, 33, 'MADARIPUR SADAR', 'Active', 423, 1456214128, 1, NULL, NULL, 428),
(423, 33, 'RAJOIR', 'Active', 424, 1456214128, 1, NULL, NULL, 429),
(424, 33, 'SHIB CHAR', 'Active', 425, 1456214128, 1, NULL, NULL, 430),
(425, 56, 'BHEDARGANJ', 'Active', 426, 1456214128, 1, NULL, NULL, 431),
(426, 56, 'DAMUDYA', 'Active', 427, 1456214128, 1, NULL, NULL, 432),
(427, 56, 'GOSAIRHAT', 'Active', 428, 1456214128, 1, NULL, NULL, 433),
(428, 56, 'SHAKHIPUR', 'Active', 429, 1456214128, 1, NULL, NULL, 434),
(429, 56, 'NARIA', 'Active', 430, 1456214128, 1, NULL, NULL, 435),
(430, 56, 'PALONG (SHARIATPUR SADAR)', 'Active', 431, 1456214128, 1, NULL, NULL, 436),
(431, 56, 'ZANJIRA', 'Active', 432, 1456214128, 1, NULL, NULL, 437),
(432, 51, 'BHANDARIA', 'Active', 433, 1456214128, 1, NULL, NULL, 438),
(433, 51, 'KAWKHALI', 'Active', 434, 1456214128, 1, NULL, NULL, 439),
(434, 51, 'MATHBARIA', 'Active', 435, 1456214128, 1, NULL, NULL, 440),
(435, 51, 'NAZIRPUR', 'Active', 436, 1456214128, 1, NULL, NULL, 441),
(436, 51, 'PIROJPUR SADAR', 'Active', 437, 1456214128, 1, NULL, NULL, 442),
(437, 51, 'NESARABAD (SWARUPKATI)', 'Active', 438, 1456214128, 1, NULL, NULL, 443),
(438, 51, 'ZIANAGAR', 'Active', 439, 1456214128, 1, NULL, NULL, 444),
(439, 2, 'ALIKADAM', 'Active', 440, 1456214128, 1, NULL, NULL, 445),
(440, 2, 'BANDARBAN SADAR', 'Active', 441, 1456214128, 1, NULL, NULL, 446),
(441, 2, 'LAMA', 'Active', 442, 1456214128, 1, NULL, NULL, 447),
(442, 2, 'ROWANGCHHARI', 'Active', 443, 1456214128, 1, NULL, NULL, 448),
(443, 2, 'NAIKHONGCHHARI', 'Active', 444, 1456214128, 1, NULL, NULL, 449),
(444, 2, 'RUMA', 'Active', 445, 1456214128, 1, NULL, NULL, 450),
(445, 2, 'THANCHI', 'Active', 446, 1456214128, 1, NULL, NULL, 451),
(446, 12, 'CHAKARIA', 'Active', 447, 1456214128, 1, NULL, NULL, 452),
(447, 12, 'KUTUBDIA', 'Active', 448, 1456214128, 1, NULL, NULL, 453),
(448, 12, 'MAHESHKHALI', 'Active', 449, 1456214128, 1, NULL, NULL, 454),
(449, 12, 'PEKUA', 'Active', 450, 1456214128, 1, NULL, NULL, 455),
(450, 12, 'RAMU', 'Active', 451, 1456214128, 1, NULL, NULL, 456),
(451, 12, 'TEKNAF', 'Active', 452, 1456214128, 1, NULL, NULL, 457),
(452, 12, 'UKHIA', 'Active', 453, 1456214128, 1, NULL, NULL, 458),
(453, 16, 'CHHAGALNAIYA', 'Active', 454, 1456214128, 1, NULL, NULL, 473),
(454, 16, 'DAGANBHUIYAN', 'Active', 455, 1456214128, 1, NULL, NULL, 474),
(455, 16, 'FENI SADAR', 'Active', 456, 1456214128, 1, NULL, NULL, 475),
(456, 16, 'FULGAZI', 'Active', 457, 1456214128, 1, NULL, NULL, 476),
(457, 16, 'PARSHURAM', 'Active', 458, 1456214128, 1, NULL, NULL, 477),
(458, 16, 'SONAGAZI', 'Active', 459, 1456214128, 1, NULL, NULL, 478),
(459, 26, 'DIGHINALA', 'Active', 460, 1456214128, 1, NULL, NULL, 479),
(460, 26, 'KHAGRACHHARI SADAR', 'Active', 461, 1456214128, 1, NULL, NULL, 480),
(461, 26, 'LAKSHMICHHARI', 'Active', 462, 1456214128, 1, NULL, NULL, 481),
(462, 26, 'MAHALCHHARI', 'Active', 463, 1456214128, 1, NULL, NULL, 482),
(463, 26, 'MANIKCHHARI', 'Active', 464, 1456214128, 1, NULL, NULL, 483),
(464, 26, 'MATIRANGA', 'Active', 465, 1456214128, 1, NULL, NULL, 484),
(465, 26, 'PANCHHARI', 'Active', 466, 1456214128, 1, NULL, NULL, 485),
(466, 26, 'RAMGARH', 'Active', 467, 1456214128, 1, NULL, NULL, 486),
(467, 54, 'BAGHAI CHHARI', 'Active', 468, 1456214128, 1, NULL, NULL, 487),
(468, 54, 'BARKAL', 'Active', 469, 1456214128, 1, NULL, NULL, 488),
(469, 54, 'KAWKHALI (BETBUNIA)', 'Active', 470, 1456214128, 1, NULL, NULL, 489),
(470, 54, 'BELAI CHHARI', 'Active', 471, 1456214128, 1, NULL, NULL, 490),
(471, 54, 'KAPTAI', 'Active', 472, 1456214128, 1, NULL, NULL, 491),
(472, 54, 'JURAI CHHARI', 'Active', 473, 1456214128, 1, NULL, NULL, 492),
(473, 54, 'LANGADU', 'Active', 474, 1456214128, 1, NULL, NULL, 493),
(474, 54, 'NANIARCHAR', 'Active', 475, 1456214128, 1, NULL, NULL, 494),
(475, 54, 'RAJASTHALI', 'Active', 476, 1456214128, 1, NULL, NULL, 495),
(476, 54, 'RANGAMATI SADAR', 'Active', 477, 1456214128, 1, NULL, NULL, 496),
(477, 9, 'Mirsharai', 'Active', 478, 1456214128, 1, NULL, NULL, 497),
(478, 9, 'Fatikchari', 'Active', 479, 1456214128, 1, NULL, NULL, 498),
(479, 9, 'Sitakunda', 'Active', 480, 1456214128, 1, NULL, NULL, 499),
(480, 9, 'Raojan', 'Active', 481, 1456214128, 1, NULL, NULL, 500),
(481, 9, 'Hathazari', 'Active', 482, 1456214128, 1, NULL, NULL, 501),
(482, 9, 'Sandwip', 'Active', 483, 1456214128, 1, NULL, NULL, 502),
(483, 65, '-', 'Active', 484, 1456214128, 1, NULL, NULL, 503),
(484, 65, 'Boalkhali', 'Active', 485, 1456214128, 1, NULL, NULL, 504),
(485, 65, 'Patiya', 'Active', 486, 1456214128, 1, NULL, NULL, 505),
(486, 65, 'Anwara', 'Active', 487, 1456214128, 1, NULL, NULL, 506),
(487, 65, 'Chondanish', 'Active', 488, 1456214128, 1, NULL, NULL, 507),
(488, 65, 'Satkania', 'Active', 489, 1456214128, 1, NULL, NULL, 508),
(489, 65, 'Banskhali', 'Active', 490, 1456214128, 1, NULL, NULL, 509),
(490, 65, 'Lohagara', 'Active', 491, 1456214128, 1, NULL, NULL, 510),
(491, 9, 'Rangunia', 'Active', 492, 1456214128, 1, NULL, NULL, 511),
(492, 1, 'RAMPAL', 'Active', 494, 1456214128, 1, NULL, NULL, 513),
(493, 13, 'TEJGAON', 'Active', 495, 1456214128, 1, NULL, NULL, 514),
(494, 12, 'COXS BAZAR SADAR', 'Active', 496, 1456214128, 1, NULL, NULL, 515);

-- --------------------------------------------------------

--
-- Table structure for table `ems_varieties`
--

CREATE TABLE IF NOT EXISTS `ems_varieties` (
  `id` int(11) NOT NULL,
  `name` varchar(255) NOT NULL,
  `crop_type_id` int(11) NOT NULL,
  `whose` varchar(30) NOT NULL DEFAULT 'ARM',
  `competitor_id` int(11) DEFAULT NULL,
  `stock_id` varchar(100) DEFAULT NULL,
  `hybrid` varchar(30) DEFAULT NULL,
  `description` text,
  `status` varchar(11) NOT NULL DEFAULT 'Active',
  `ordering` int(11) NOT NULL DEFAULT '999',
  `date_created` int(11) NOT NULL DEFAULT '0',
  `user_created` int(11) NOT NULL DEFAULT '0',
  `date_updated` int(11) DEFAULT NULL,
  `user_updated` int(11) DEFAULT NULL
) ENGINE=InnoDB AUTO_INCREMENT=355 DEFAULT CHARSET=utf8;

--
-- Dumping data for table `ems_varieties`
--

INSERT INTO `ems_varieties` (`id`, `name`, `crop_type_id`, `whose`, `competitor_id`, `stock_id`, `hybrid`, `description`, `status`, `ordering`, `date_created`, `user_created`, `date_updated`, `user_updated`) VALUES
(1, 'Snow  Star ', 2, 'ARM', 0, '01-02-01', 'F1 Hybrid', '', 'Active', 1, 1456565654, 1, NULL, NULL),
(2, 'No. 111 (S)', 1, 'ARM', 0, '01-01-01', 'F1 Hybrid', '', 'Active', 1, 1456565654, 1, NULL, NULL),
(3, 'White Marble', 1, 'ARM', 0, '01-01-05', 'F1 Hybrid', '', 'Active', 5, 1456565654, 1, NULL, NULL),
(4, 'White Shot  (S)', 1, 'ARM', 0, '01-01-04', 'F1 Hybrid', '', 'Active', 4, 1456565654, 1, NULL, NULL),
(5, 'Early White', 1, 'ARM', 0, '01-01-06', 'F1 Hybrid', '', 'Active', 6, 1456565654, 1, NULL, NULL),
(6, 'White Corona', 1, 'ARM', 0, '01-01-07', 'F1 Hybrid', '', 'Active', 7, 1456565654, 1, NULL, NULL),
(7, 'White Mountain', 2, 'ARM', 0, '01-02-02', 'F1 Hybrid', '', 'Active', 2, 1456565654, 1, NULL, NULL),
(8, 'White Contessa', 2, 'ARM', 0, '01-02-03', 'F1 Hybrid', '', 'Active', 3, 1456565654, 1, NULL, NULL),
(9, 'Milkyway', 2, 'ARM', 0, '01-02-04', 'F1 Hybrid', '', 'Active', 4, 1456565654, 1, NULL, NULL),
(10, 'No. 777', 2, 'ARM', 0, '01-02-05', 'F1 Hybrid', '', 'Active', 5, 1456565654, 1, NULL, NULL),
(11, 'White Excel', 2, 'ARM', 0, '01-02-06', 'F1 Hybrid', '', 'Active', 6, 1456565654, 1, NULL, NULL),
(12, 'Cashmere', 3, 'ARM', 0, '01-03-01', 'F1 Hybrid', '', 'Active', 1, 1456565654, 1, NULL, NULL),
(13, 'Candid Charm', 3, 'ARM', 0, '01-03-02', 'F1 Hybrid', '', 'Active', 2, 1456565654, 1, NULL, NULL),
(14, 'Incline', 3, 'ARM', 0, '01-03-03', 'F1 Hybrid', '', 'Active', 3, 1456565654, 1, NULL, NULL),
(15, 'Yukon', 3, 'ARM', 0, '01-03-04', 'F1 Hybrid', '', 'Active', 4, 1456565654, 1, NULL, NULL),
(16, 'Green Crown', 9, 'ARM', 0, '21-02-01', 'F1 Hybrid', '', 'Active', 1, 1456565654, 1, NULL, NULL),
(17, 'Kinpu-712  (S)', 4, 'ARM', 0, '02-01-01', 'F1 Hybrid', '', 'Active', 1, 1456565654, 1, NULL, NULL),
(18, 'Super Early  (S)', 4, 'ARM', 0, '02-01-02', 'F1 Hybrid', '', 'Active', 2, 1456565654, 1, NULL, NULL),
(19, 'Haya ST', 4, 'ARM', 0, '02-01-06', 'F1 Hybrid', '', 'Active', 6, 1456565654, 1, NULL, NULL),
(20, 'Hikari', 4, 'ARM', 0, '02-01-04', 'F1 Hybrid', '', 'Active', 4, 1456565654, 1, NULL, NULL),
(21, 'Beauty Ball', 4, 'ARM', 0, '02-01-05', 'F1 Hybrid', '', 'Active', 5, 1456565654, 1, NULL, NULL),
(22, 'Atlas-70', 5, 'ARM', 0, '02-02-01', 'F1 Hybrid', '', 'Active', 1, 1456565654, 1, NULL, NULL),
(23, 'Quick Star', 6, 'ARM', 0, '03-01-01', 'F1 Hybrid', '', 'Active', 1, 1456565654, 1, NULL, NULL),
(24, 'Supper Green', 6, 'ARM', 0, '03-01-02', 'F1 Hybrid', '', 'Active', 2, 1456565654, 1, NULL, NULL),
(25, 'Challanger', 7, 'ARM', 0, '03-02-01', 'F1 Hybrid', '', 'Active', 1, 1456565654, 1, NULL, NULL),
(26, 'Hero', 19, 'ARM', 0, '04-02-01', 'F1 Hybrid', '', 'Active', 1, 1456565654, 1, NULL, NULL),
(27, 'TM-027', 20, 'ARM', 0, '04-03-01', 'F1 Hybrid', '', 'Active', 1, 1456565654, 1, NULL, NULL),
(28, 'Epoch', 20, 'ARM', 0, '04-03-02', 'F1 Hybrid', '', 'Active', 2, 1456565654, 1, NULL, NULL),
(29, 'Jessica', 20, 'ARM', 0, '04-03-03', 'F1 Hybrid', '', 'Active', 3, 1456565654, 1, NULL, NULL),
(30, 'Romeo', 21, 'ARM', 0, '04-04-01', 'F1 Hybrid', '', 'Active', 1, 1456565654, 1, NULL, NULL),
(31, 'Summer Hot', 22, 'ARM', 0, '05-01-01', 'F1 Hybrid', '', 'Active', 1, 1456565654, 1, NULL, NULL),
(32, 'Laser', 22, 'ARM', 0, '', 'F1 Hybrid', '', 'In-Active', 0, 1456565654, 1, NULL, NULL),
(33, 'Indira', 22, 'ARM', 0, '05-01-02', 'F1 Hybrid', '', 'Active', 2, 1456565654, 1, NULL, NULL),
(34, 'Bijlee', 23, 'ARM', 0, '05-02-01', 'F1 Hybrid', '', 'Active', 1, 1456565654, 1, NULL, NULL),
(35, 'Sakata-653', 23, 'ARM', 0, '05-02-03', 'F1 Hybrid', '', 'Active', 2, 1456565654, 1, NULL, NULL),
(36, 'Sakata-651', 23, 'ARM', 0, '', 'F1 Hybrid', '', 'In-Active', 0, 1456565654, 1, NULL, NULL),
(37, 'NS 1701', 23, 'ARM', 0, '05-02-04', 'F1 Hybrid', '', 'Active', 3, 1456565654, 1, NULL, NULL),
(38, 'Nandita', 23, 'ARM', 0, '05-02-05', 'F1 Hybrid', '', 'Active', 4, 1456565654, 1, NULL, NULL),
(39, 'Green Ball', 26, 'ARM', 0, '06-01-01', 'F1 Hybrid', '', 'Active', 1, 1456565654, 1, NULL, NULL),
(40, 'Lalita', 27, 'ARM', 0, '06-02-01', 'F1 Hybrid', '', 'Active', 1, 1456565654, 1, NULL, NULL),
(41, 'Pushpita', 27, 'ARM', 0, '06-02-02', 'F1 Hybrid', '', 'Active', 2, 1456565654, 1, NULL, NULL),
(42, 'Laboni', 28, 'ARM', 0, '06-03-01', 'F1 Hybrid', '', 'Active', 1, 1456565654, 1, NULL, NULL),
(43, 'Sheela', 28, 'ARM', 0, '06-03-02', 'F1 Hybrid', '', 'Active', 2, 1456565654, 1, NULL, NULL),
(44, 'Green Bird', 30, 'ARM', 0, '07-02-01', 'F1 Hybrid', '', 'Active', 1, 1456565654, 1, NULL, NULL),
(45, 'Moynamoti', 30, 'ARM', 0, '07-02-03', 'F1 Hybrid', '', 'Active', 2, 1456565654, 1, NULL, NULL),
(46, 'Ajanta', 33, 'ARM', 0, '08-02-01', 'F1 Hybrid', '', 'Active', 1, 1456565654, 1, NULL, NULL),
(47, 'Rider', 34, 'ARM', 0, '08-03-01', 'F1 Hybrid', '', 'Active', 1, 1456565654, 1, NULL, NULL),
(48, 'Chitra', 34, 'ARM', 0, '08-03-02', 'F1 Hybrid', '', 'Active', 2, 1456565654, 1, NULL, NULL),
(49, 'Modhumoti', 35, 'ARM', 0, '09-01-01', 'F1 Hybrid', '', 'Active', 1, 1456565654, 1, NULL, NULL),
(50, 'Dalia', 35, 'ARM', 0, '09-01-02', 'F1 Hybrid', '', 'Active', 2, 1456565654, 1, NULL, NULL),
(51, 'Shanti', 35, 'ARM', 0, '09-01-03', 'F1 Hybrid', '', 'Active', 3, 1456565654, 1, NULL, NULL),
(52, 'Sagor', 38, 'ARM', 0, '10-02-01', 'F1 Hybrid', '', 'Active', 1, 1456565654, 1, NULL, NULL),
(53, 'Rani', 39, 'ARM', 0, '10-03-01', 'F1 Hybrid', '', 'Active', 1, 1456565654, 1, NULL, NULL),
(54, 'Asha', 40, 'ARM', 0, '11-01-01', 'F1 Hybrid', '', 'Active', 1, 1456565654, 1, NULL, NULL),
(55, 'Biplob', 40, 'ARM', 0, '11-01-02', 'F1 Hybrid', '', 'Active', 2, 1456565654, 1, NULL, NULL),
(56, 'Alina', 43, 'ARM', 0, '12-02-01', 'F1 Hybrid', '', 'Active', 1, 1456565654, 1, NULL, NULL),
(57, 'Momota', 45, 'ARM', 0, '13-02-01', 'F1 Hybrid', '', 'Active', 1, 1456565654, 1, NULL, NULL),
(58, 'Aarti', 45, 'ARM', 0, '13-02-02', 'F1 Hybrid', '', 'Active', 2, 1456565654, 1, NULL, NULL),
(59, 'Monica', 46, 'ARM', 0, '14-01-01', 'F1 Hybrid', '', 'Active', 1, 1456565654, 1, NULL, NULL),
(60, 'Black Stone', 46, 'ARM', 0, '14-01-02', 'F1 Hybrid', '', 'Active', 2, 1456565654, 1, NULL, NULL),
(61, 'Early White 35', 48, 'ARM', 0, '15-01-01', 'OP', '', 'Active', 1, 1456565654, 1, NULL, NULL),
(62, 'KTX 726', 49, 'ARM', 0, '15-02-01', 'F1 Hybrid', '', 'Active', 1, 1456565654, 1, NULL, NULL),
(63, 'Tropical Cross', 49, 'ARM', 0, '15-02-04', 'F1 Hybrid', '', 'Active', 4, 1456565654, 1, NULL, NULL),
(64, 'Mino Early', 49, 'ARM', 0, '15-02-05', 'F1 Hybrid', '', 'Active', 5, 1456565654, 1, NULL, NULL),
(65, 'New Kuroda', 50, 'ARM', 0, '16-01-01', 'F1 Hybrid', '', 'Active', 1, 1456565654, 1, NULL, NULL),
(66, 'Sigma', 51, 'ARM', 0, '16-02-01', 'F1 Hybrid', '', 'Active', 1, 1456565654, 1, NULL, NULL),
(67, 'Shomy', 52, 'ARM', 0, '17-01-01', 'F1 Hybrid', '', 'Active', 1, 1456565654, 1, NULL, NULL),
(68, 'Shyamalee', 52, 'ARM', 0, '17-01-03', 'F1 Hybrid', '', 'Active', 2, 1456565654, 1, NULL, NULL),
(69, 'Ava', 52, 'ARM', 0, '17-01-04', 'F1 Hybrid', '', 'Active', 3, 1456565654, 1, NULL, NULL),
(70, 'Deep', 52, 'ARM', 0, '17-01-05', 'F1 Hybrid', '', 'Active', 4, 1456565654, 1, NULL, NULL),
(71, 'Green Giant', 54, 'ARM', 0, '18-01-01', 'F1 Hybrid', '', 'Active', 1, 1456565654, 1, NULL, NULL),
(72, 'Field King', 57, 'ARM', 0, '', 'F1 Hybrid', '', 'In-Active', 0, 1456565654, 1, NULL, NULL),
(73, 'Field Master', 57, 'ARM', 0, '19-01-02', 'F1 Hybrid', '', 'Active', 2, 1456565654, 1, NULL, NULL),
(74, 'Big Top', 57, 'ARM', 0, '19-01-03', 'F1 Hybrid', '', 'Active', 3, 1456565654, 1, NULL, NULL),
(75, 'World Queen', 57, 'ARM', 0, '19-01-04', 'F1 Hybrid', '', 'Active', 4, 1456565654, 1, NULL, NULL),
(76, 'World Hero', 57, 'ARM', 0, '', 'F1 Hybrid', '', 'In-Active', 0, 1456565654, 1, NULL, NULL),
(77, 'Top Yield', 57, 'ARM', 0, '19-01-06', 'F1 Hybrid', '', 'Active', 6, 1456565654, 1, NULL, NULL),
(78, 'Pakeeza (25)', 55, 'ARM', 0, '19-02-01', 'F1 Hybrid', '', 'Active', 1, 1456565654, 1, NULL, NULL),
(79, 'Big Dragon', 55, 'ARM', 0, '19-02-02', 'F1 Hybrid', '', 'Active', 2, 1456565654, 1, NULL, NULL),
(80, 'New Super Dragon', 55, 'ARM', 0, '19-02-03', 'F1 Hybrid', '', 'Active', 3, 1456565654, 1, NULL, NULL),
(81, 'Sweaty', 55, 'ARM', 0, '19-02-04', 'F1 Hybrid', '', 'Active', 4, 1456565654, 1, NULL, NULL),
(82, 'Black Stone', 56, 'ARM', 0, '19-03-01', 'F1 Hybrid', '', 'Active', 1, 1456565654, 1, NULL, NULL),
(83, 'Black Master', 56, 'ARM', 0, '19-03-02', 'F1 Hybrid', '', 'Active', 2, 1456565654, 1, NULL, NULL),
(84, '14W-204', 58, 'ARM', 0, '19-04-01', 'F1 Hybrid', '', 'Active', 1, 1456565654, 1, NULL, NULL),
(85, 'Sweetie', 60, 'ARM', 0, '20-02-01', 'F1 Hybrid', '', 'Active', 1, 1456565654, 1, NULL, NULL),
(86, 'KH-37 (S)', 1, 'ARM', 0, '01-01-02', 'F1 Hybrid', '', 'Active', 2, 1456565654, 1, NULL, NULL),
(87, 'Quick Set (S)', 1, 'ARM', 0, '01-01-03', 'F1 Hybrid', '', 'Active', 3, 1456565654, 1, NULL, NULL),
(88, 'Quicker (S)', 4, 'ARM', 0, '02-01-03', 'F1 Hybrid', '', 'Active', 3, 1456565654, 1, NULL, NULL),
(89, 'Indira Plus', 22, 'ARM', 0, '05-01-04', 'F1 Hybrid', '', 'Active', 3, 1456565654, 1, NULL, NULL),
(90, 'Super Set ', 4, 'ARM', 0, '02-01-07', 'F1 Hybrid', '', 'Active', 7, 1456565654, 1, NULL, NULL),
(91, 'Red Jewel', 5, 'ARM', 0, '02-02-02', 'F1 Hybrid', '', 'Active', 2, 1456565654, 1, NULL, NULL),
(92, 'Harvest King', 6, 'ARM', 0, '03-01-03', 'F1 Hybrid', '', 'Active', 3, 1456565654, 1, NULL, NULL),
(93, 'Don', 30, 'ARM', 0, '07-02-05', 'F1 Hybrid', '', 'Active', 3, 1456565654, 1, NULL, NULL),
(94, 'Lucky', 32, 'ARM', 0, '08-01-01', 'F1 Hybrid', '', 'Active', 1, 1456565654, 1, NULL, NULL),
(95, 'Summer White', 49, 'ARM', 0, '15-02-02', 'F1 Hybrid', '', 'Active', 2, 1456565654, 1, NULL, NULL),
(96, 'Bengal White', 49, 'ARM', 0, '15-02-03', 'F1 Hybrid', '', 'Active', 3, 1456565654, 1, NULL, NULL),
(97, 'Kuroda Power', 50, 'ARM', 0, '16-01-02', 'F1 Hybrid', '', 'Active', 2, 1456565654, 1, NULL, NULL),
(98, 'Field King', 57, 'ARM', 0, '19-01-01', 'F1 Hybrid', '', 'Active', 1, 1456565654, 1, NULL, NULL),
(99, 'World Hero', 57, 'ARM', 0, '19-01-05', 'F1 Hybrid', '', 'Active', 5, 1456565654, 1, NULL, NULL),
(100, 'Tropical Delight', 11, 'ARM', 0, '22-02-01', 'F1 Hybrid', '', 'Active', 1, 1456565654, 1, NULL, NULL),
(101, 'Oriental Gem', 12, 'ARM', 0, '23-01-01', 'F1 Hybrid', '', 'Active', 1, 1456565654, 1, NULL, NULL),
(102, 'Evergreen', 62, 'ARM', 0, '24-01-01', 'F1 Hybrid', '', 'Active', 1, 1456565654, 1, NULL, NULL),
(103, 'Pritam', 26, 'ARM', 0, '', 'F1 Hybrid', '', 'In-Active', 2, 1456565654, 1, NULL, NULL),
(104, 'Pritam', 26, 'ARM', 0, '06-01-02', 'F1 Hybrid', '', 'Active', 2, 1456565654, 1, NULL, NULL),
(105, 'Summer Diamond', 1, 'Competitor', 1, '', 'F1 Hybrid', '', 'Active', 0, 1456565654, 1, NULL, NULL),
(106, 'Ninja', 1, 'Competitor', 2, '', 'F1 Hybrid', '', 'Active', 0, 1456565654, 1, NULL, NULL),
(107, 'Tropical 11', 1, 'Competitor', 2, '', 'F1 Hybrid', '', 'Active', 0, 1456565654, 1, NULL, NULL),
(108, 'Maradona', 1, 'Competitor', 3, '', 'F1 Hybrid', '', 'Active', 0, 1456565654, 1, NULL, NULL),
(109, 'Snow King', 1, 'Competitor', 4, '', 'F1 Hybrid', '', 'Active', 0, 1456565654, 1, NULL, NULL),
(110, 'Snow Box', 2, 'Competitor', 4, '', 'F1 Hybrid', '', 'Active', 0, 1456565654, 1, NULL, NULL),
(111, 'RS-5340', 2, 'Competitor', 5, '', 'F1 Hybrid', '', 'Active', 0, 1456565654, 1, NULL, NULL),
(112, 'RS-4053', 2, 'Competitor', 5, '', 'F1 Hybrid', '', 'Active', 0, 1456565654, 1, NULL, NULL),
(113, 'Alfasun', 2, 'Competitor', 6, '', 'F1 Hybrid', '', 'Active', 0, 1456565654, 1, NULL, NULL),
(114, 'Fresh Market', 2, 'Competitor', 4, '', 'F1 Hybrid', '', 'Active', 0, 1456565654, 1, NULL, NULL),
(115, '671', 2, 'Competitor', 3, '', 'F1 Hybrid', '', 'Active', 0, 1456565654, 1, NULL, NULL),
(116, 'Silver Cap ', 2, 'Competitor', 7, '', 'F1 Hybrid', '', 'Active', 0, 1456565654, 1, NULL, NULL),
(117, 'Siraziki', 2, 'Competitor', 8, '', 'F1 Hybrid', '', 'Active', 0, 1456565654, 1, NULL, NULL),
(118, 'Snow Daimond', 2, 'Competitor', 1, '', 'F1 Hybrid', '', 'Active', 0, 1456565654, 1, NULL, NULL),
(119, 'Monalisa', 3, 'Competitor', 9, '', 'F1 Hybrid', '', 'Active', 0, 1456565654, 1, NULL, NULL),
(120, 'Snow White', 3, 'Competitor', 10, '', 'F1 Hybrid', '', 'Active', 0, 1456565654, 1, NULL, NULL),
(121, 'Girija', 3, 'Competitor', 11, '', 'F1 Hybrid', '', 'Active', 0, 1456565654, 1, NULL, NULL),
(122, 'Hamaziki', 3, 'Competitor', 8, '', 'F1 Hybrid', '', 'Active', 0, 1456565654, 1, NULL, NULL),
(123, 'Rupali', 3, 'Competitor', 12, '', 'F1 Hybrid', '', 'Active', 0, 1456565654, 1, NULL, NULL),
(124, 'Tropic Sun Plus', 4, 'Competitor', 11, '', 'F1 Hybrid', '', 'Active', 0, 1456565654, 1, NULL, NULL),
(125, 'KK Cross', 4, 'Competitor', 13, '', 'F1 Hybrid', '', 'Active', 0, 1456565654, 1, NULL, NULL),
(126, 'Dawn-175', 1, 'Competitor', 14, '', 'F1 Hybrid', '', 'Active', 0, 1456565654, 1, NULL, NULL),
(127, 'Magnet-12', 1, 'Competitor', 4, '', 'F1 Hybrid', '', 'Active', 0, 1456565654, 1, NULL, NULL),
(128, 'Super Early', 4, 'Competitor', 3, '', 'F1 Hybrid', '', 'Active', 0, 1456565654, 1, NULL, NULL),
(129, 'Tropical Quick', 4, 'Competitor', 15, '', 'F1 Hybrid', '', 'Active', 0, 1456565654, 1, NULL, NULL),
(130, 'GT Cross', 4, 'Competitor', 16, '', 'F1 Hybrid', '', 'Active', 0, 1456565654, 1, NULL, NULL),
(131, 'Laurels', 4, 'Competitor', 4, '', 'F1 Hybrid', '', 'Active', 0, 1456565654, 1, NULL, NULL),
(132, 'Tropic Sun ', 4, 'Competitor', 11, '', 'F1 Hybrid', '', 'Active', 0, 1456565654, 1, NULL, NULL),
(133, 'Green 621', 4, 'Competitor', 4, '', 'F1 Hybrid', '', 'Active', 0, 1456565654, 1, NULL, NULL),
(134, 'Green 60', 4, 'Competitor', 17, '', 'F1 Hybrid', '', 'Active', 0, 1456565654, 1, NULL, NULL),
(135, 'Supreme Queen ', 4, 'Competitor', 1, '', 'F1 Hybrid', '', 'Active', 0, 1456565654, 1, NULL, NULL),
(136, 'Autumn Queen', 5, 'Competitor', 11, '', 'F1 Hybrid', '', 'Active', 0, 1456565654, 1, NULL, NULL),
(137, '005', 6, 'Competitor', 18, '', 'F1 Hybrid', '', 'Active', 0, 1456565654, 1, NULL, NULL),
(138, 'Lucky 7', 6, 'Competitor', 19, '', 'F1 Hybrid', '', 'Active', 0, 1456565654, 1, NULL, NULL),
(139, 'Green Duke', 7, 'Competitor', 13, '', 'F1 Hybrid', '', 'Active', 0, 1456565654, 1, NULL, NULL),
(140, 'Pride of Mollika', 7, 'Competitor', 20, '', 'F1 Hybrid', '', 'Active', 0, 1456565654, 1, NULL, NULL),
(141, 'Jupitar', 7, 'Competitor', 4, '', 'F1 Hybrid', '', 'Active', 0, 1456565654, 1, NULL, NULL),
(142, 'Mollika Express', 7, 'Competitor', 20, '', 'F1 Hybrid', '', 'Active', 0, 1456565654, 1, NULL, NULL),
(143, 'Mintu Super', 19, 'Competitor', 21, '', 'F1 Hybrid', '', 'Active', 0, 1456565654, 1, NULL, NULL),
(144, 'Nova', 19, 'Competitor', 1, '', 'F1 Hybrid', '', 'Active', 0, 1456565654, 1, NULL, NULL),
(145, 'BARI-4', 19, 'Competitor', 21, '', 'F1 Hybrid', '', 'Active', 0, 1456565654, 1, NULL, NULL),
(146, 'Rocky', 19, 'Competitor', 17, '', 'F1 Hybrid', '', 'Active', 0, 1456565654, 1, NULL, NULL),
(147, 'Hi Tom', 19, 'Competitor', 17, '', 'F1 Hybrid', '', 'Active', 0, 1456565654, 1, NULL, NULL),
(148, 'VL-642', 20, 'Competitor', 11, '', 'F1 Hybrid', '', 'Active', 0, 1456565654, 1, NULL, NULL),
(149, 'Lovely', 20, 'Competitor', 9, '', 'F1 Hybrid', '', 'Active', 0, 1456565654, 1, NULL, NULL),
(150, 'Bijlee-11', 20, 'Competitor', 4, '', 'F1 Hybrid', '', 'Active', 0, 1456565654, 1, NULL, NULL),
(151, 'Nashib', 20, 'Competitor', 22, '', 'F1 Hybrid', '', 'Active', 0, 1456565654, 1, NULL, NULL),
(152, 'Shofol', 20, 'Competitor', 17, '', 'F1 Hybrid', '', 'Active', 0, 1456565654, 1, NULL, NULL),
(153, 'Super', 20, 'Competitor', 9, '', 'F1 Hybrid', '', 'Active', 0, 1456565654, 1, NULL, NULL),
(154, 'Delta', 20, 'Competitor', 21, '', 'F1 Hybrid', '', 'Active', 0, 1456565654, 1, NULL, NULL),
(155, 'Hero Plus ', 20, 'Competitor', 23, '', 'F1 Hybrid', '', 'Active', 0, 1456565654, 1, NULL, NULL),
(156, 'Chironjib', 20, 'Competitor', 23, '', 'F1 Hybrid', '', 'Active', 0, 1456565654, 1, NULL, NULL),
(157, 'Summer King', 20, 'Competitor', 3, '', 'F1 Hybrid', '', 'Active', 0, 1456565654, 1, NULL, NULL),
(158, '884', 20, 'Competitor', 24, '', 'F1 Hybrid', '', 'Active', 0, 1456565654, 1, NULL, NULL),
(159, '701', 22, 'Competitor', 4, '', 'F1 Hybrid', '', 'Active', 0, 1456565654, 1, NULL, NULL),
(160, 'Green Hot', 22, 'Competitor', 25, '', 'F1 Hybrid', '', 'Active', 0, 1456565654, 1, NULL, NULL),
(161, 'Bindu', 23, 'Competitor', 9, '', 'F1 Hybrid', '', 'In-Active', 0, 1456565654, 1, NULL, NULL),
(162, 'Picnic', 23, 'Competitor', 26, '', 'F1 Hybrid', '', 'Active', 0, 1456565654, 1, NULL, NULL),
(163, 'Sonic', 23, 'Competitor', 21, '', 'F1 Hybrid', '', 'Active', 0, 1456565654, 1, NULL, NULL),
(164, '1701', 23, 'Competitor', 26, '', 'F1 Hybrid', '', 'Active', 0, 1456565654, 1, NULL, NULL),
(165, 'Agni', 23, 'Competitor', 4, '', 'F1 Hybrid', '', 'Active', 0, 1456565654, 1, NULL, NULL),
(166, 'Hot  Mastar', 23, 'Competitor', 27, '', 'F1 Hybrid', '', 'Active', 0, 1456565654, 1, NULL, NULL),
(167, 'Angarika', 23, 'Competitor', 28, '', 'F1 Hybrid', '', 'Active', 0, 1456565654, 1, NULL, NULL),
(168, 'Sundori ', 23, 'Competitor', 29, '', 'F1 Hybrid', '', 'Active', 0, 1456565654, 1, NULL, NULL),
(169, 'Chomok', 23, 'Competitor', 30, '', 'F1 Hybrid', '', 'Active', 0, 1456565654, 1, NULL, NULL),
(170, 'Parthib', 26, 'Competitor', 21, '', 'F1 Hybrid', '', 'Active', 0, 1456565654, 1, NULL, NULL),
(171, 'Utkol', 26, 'Competitor', 31, '', 'F1 Hybrid', '', 'Active', 0, 1456565654, 1, NULL, NULL),
(172, 'VNR-05', 26, 'Competitor', 31, '', 'F1 Hybrid', '', 'Active', 0, 1456565654, 1, NULL, NULL),
(173, 'No-38', 26, 'Competitor', 32, '', 'F1 Hybrid', '', 'Active', 0, 1456565654, 1, NULL, NULL),
(174, 'Green Ball CK', 26, 'Competitor', 26, '', 'F1 Hybrid', '', 'Active', 0, 1456565654, 1, NULL, NULL),
(175, 'Venchuri', 26, 'Competitor', 1, '', 'F1 Hybrid', '', 'Active', 0, 1456565654, 1, NULL, NULL),
(176, 'Barnali', 26, 'Competitor', 33, '', 'F1 Hybrid', '', 'Active', 0, 1456565654, 1, NULL, NULL),
(177, 'Chakka', 26, 'Competitor', 30, '', 'F1 Hybrid', '', 'Active', 0, 1456565654, 1, NULL, NULL),
(178, 'Challanger ', 27, 'Competitor', 26, '', 'F1 Hybrid', '', 'Active', 0, 1456565654, 1, NULL, NULL),
(179, 'Purple king', 27, 'Competitor', 21, '', 'F1 Hybrid', '', 'Active', 0, 1456565654, 1, NULL, NULL),
(180, 'Ananda ', 27, 'Competitor', 20, '', 'F1 Hybrid', '', 'Active', 0, 1456565654, 1, NULL, NULL),
(181, 'Alavy Green', 30, 'Competitor', 21, '', 'F1 Hybrid', '', 'Active', 0, 1456565654, 1, NULL, NULL),
(182, 'Elin', 30, 'Competitor', 34, '', 'F1 Hybrid', '', 'Active', 0, 1456565654, 1, NULL, NULL),
(183, 'Green Line', 30, 'Competitor', 35, '', 'F1 Hybrid', '', 'Active', 0, 1456565654, 1, NULL, NULL),
(184, 'Aduri', 30, 'Competitor', 20, '', 'F1 Hybrid', '', 'Active', 0, 1456565654, 1, NULL, NULL),
(185, 'Fantasy', 30, 'Competitor', 9, '', 'F1 Hybrid', '', 'Active', 0, 1456565654, 1, NULL, NULL),
(186, 'All Rounder 2', 30, 'Competitor', 9, '', 'F1 Hybrid', '', 'Active', 0, 1456565654, 1, NULL, NULL),
(187, 'Fung Tong', 30, 'Competitor', 36, '', 'F1 Hybrid', '', 'Active', 0, 1456565654, 1, NULL, NULL),
(188, 'Fortune1', 30, 'Competitor', 37, '', 'F1 Hybrid', '', 'Active', 0, 1456565654, 1, NULL, NULL),
(189, 'Mrs. Thai', 30, 'Competitor', 38, '', 'F1 Hybrid', '', 'Active', 0, 1456565654, 1, NULL, NULL),
(190, 'Big Green', 30, 'Competitor', 37, '', 'F1 Hybrid', '', 'Active', 0, 1456565654, 1, NULL, NULL),
(191, 'Gaint Long ', 30, 'Competitor', 26, '', 'F1 Hybrid', '', 'Active', 0, 1456565654, 1, NULL, NULL),
(192, 'Lucky', 30, 'Competitor', 4, '', 'F1 Hybrid', '', 'Active', 0, 1456565654, 1, NULL, NULL),
(193, 'Banalata', 30, 'Competitor', 39, '', 'F1 Hybrid', '', 'Active', 0, 1456565654, 1, NULL, NULL),
(194, 'Bonus', 30, 'Competitor', 4, '', 'F1 Hybrid', '', 'Active', 0, 1456565654, 1, NULL, NULL),
(195, 'Local 2', 32, 'Competitor', 40, '', 'F1 Hybrid', '', 'In-Active', 0, 1456565654, 1, NULL, NULL),
(196, 'Local 1', 32, 'Competitor', 26, '', 'F1 Hybrid', '', 'In-Active', 0, 1456565654, 1, NULL, NULL),
(197, 'Local 4', 32, 'Competitor', 41, '', 'OP', '', 'In-Active', 0, 1456565654, 1, NULL, NULL),
(198, 'Local 3', 32, 'Competitor', 42, '', 'OP', '', 'In-Active', 0, 1456565654, 1, NULL, NULL),
(199, 'Manik', 33, 'Competitor', 27, '', 'F1 Hybrid', '', 'Active', 0, 1456565654, 1, NULL, NULL),
(200, 'Shuktara', 33, 'Competitor', 26, '', 'F1 Hybrid', '', 'Active', 0, 1456565654, 1, NULL, NULL),
(201, 'Ranipukur', 33, 'Competitor', 41, '', 'OP', '', 'Active', 0, 1456565654, 1, NULL, NULL),
(202, 'Rani-35', 33, 'Competitor', 26, '', 'OP', '', 'Active', 0, 1456565654, 1, NULL, NULL),
(203, 'Tia', 34, 'Competitor', 21, '', 'F1 Hybrid', '', 'Active', 0, 1456565654, 1, NULL, NULL),
(204, 'Lima', 34, 'Competitor', 26, '', 'F1 Hybrid', '', 'Active', 0, 1456565654, 1, NULL, NULL),
(205, 'Papia', 34, 'Competitor', 34, '', 'F1 Hybrid', '', 'Active', 0, 1456565654, 1, NULL, NULL),
(206, 'Manik', 34, 'Competitor', 27, '', 'F1 Hybrid', '', 'Active', 0, 1456565654, 1, NULL, NULL),
(207, 'Dill', 34, 'Competitor', 1, '', 'F1 Hybrid', '', 'Active', 0, 1456565654, 1, NULL, NULL),
(208, 'Jamboo', 34, 'Competitor', 37, '', 'F1 Hybrid', '', 'Active', 0, 1456565654, 1, NULL, NULL),
(209, 'Green Arrow', 34, 'Competitor', 26, '', 'F1 Hybrid', '', 'Active', 0, 1456565654, 1, NULL, NULL),
(210, 'Marshal Super', 35, 'Competitor', 3, '', 'F1 Hybrid', '', 'Active', 0, 1456565654, 1, NULL, NULL),
(211, 'Moyna', 35, 'Competitor', 3, '', 'F1 Hybrid', '', 'Active', 0, 1456565654, 1, NULL, NULL),
(212, 'Daina', 35, 'Competitor', 21, '', 'F1 Hybrid', '', 'Active', 0, 1456565654, 1, NULL, NULL),
(213, 'Barsha', 35, 'Competitor', 21, '', 'F1 Hybrid', '', 'Active', 0, 1456565654, 1, NULL, NULL),
(214, 'Green Ruby', 35, 'Competitor', 20, '', 'F1 Hybrid', '', 'Active', 0, 1456565654, 1, NULL, NULL),
(215, 'Raj Round', 35, 'Competitor', 26, '', 'F1 Hybrid', '', 'Active', 0, 1456565654, 1, NULL, NULL),
(216, 'Chisti', 35, 'Competitor', 16, '', 'F1 Hybrid', '', 'Active', 0, 1456565654, 1, NULL, NULL),
(217, 'Hi Green', 35, 'Competitor', 26, '', 'F1 Hybrid', '', 'Active', 0, 1456565654, 1, NULL, NULL),
(218, 'Durjoy', 39, 'Competitor', 3, '', 'F1 Hybrid', '', 'Active', 0, 1456565654, 1, NULL, NULL),
(219, 'Hero', 39, 'Competitor', 21, '', 'F1 Hybrid', '', 'Active', 0, 1456565654, 1, NULL, NULL),
(220, 'Ashim', 39, 'Competitor', 1, '', 'F1 Hybrid', '', 'Active', 0, 1456565654, 1, NULL, NULL),
(221, 'Ureka', 39, 'Competitor', 26, '', 'F1 Hybrid', '', 'Active', 0, 1456565654, 1, NULL, NULL),
(222, 'Roshni', 39, 'Competitor', 43, '', 'F1 Hybrid', '', 'Active', 0, 1456565654, 1, NULL, NULL),
(223, 'Modhumoti', 40, 'Competitor', 4, '', 'F1 Hybrid', '', 'Active', 0, 1456565654, 1, NULL, NULL),
(224, 'Discover', 40, 'Competitor', 26, '', 'F1 Hybrid', '', 'Active', 0, 1456565654, 1, NULL, NULL),
(225, 'Rohinee', 40, 'Competitor', 9, '', 'F1 Hybrid', '', 'Active', 0, 1456565654, 1, NULL, NULL),
(226, 'Bornali', 40, 'Competitor', 20, '', 'F1 Hybrid', '', 'Active', 0, 1456565654, 1, NULL, NULL),
(227, 'Padma', 40, 'Competitor', 21, '', 'F1 Hybrid', '', 'Active', 0, 1456565654, 1, NULL, NULL),
(228, 'Runner', 40, 'Competitor', 9, '', 'F1 Hybrid', '', 'Active', 0, 1456565654, 1, NULL, NULL),
(229, 'Bumper', 40, 'Competitor', 9, '', 'F1 Hybrid', '', 'Active', 0, 1456565654, 1, NULL, NULL),
(230, 'Bashanti', 43, 'Competitor', 20, '', 'F1 Hybrid', '', 'Active', 0, 1456565654, 1, NULL, NULL),
(231, 'Pole Star', 43, 'Competitor', 21, '', 'F1 Hybrid', '', 'Active', 0, 1456565654, 1, NULL, NULL),
(232, 'Jupiter', 43, 'Competitor', 21, '', 'F1 Hybrid', '', 'Active', 0, 1456565654, 1, NULL, NULL),
(233, 'Maya', 43, 'Competitor', 26, '', 'F1 Hybrid', '', 'Active', 0, 1456565654, 1, NULL, NULL),
(234, 'Super Star', 43, 'Competitor', 3, '', 'F1 Hybrid', '', 'Active', 0, 1456565654, 1, NULL, NULL),
(235, 'Sabuj Bangla', 43, 'Competitor', 44, '', 'F1 Hybrid', '', 'Active', 0, 1456565654, 1, NULL, NULL),
(236, 'Fujian', 45, 'Competitor', 21, '', 'F1 Hybrid', '', 'Active', 0, 1456565654, 1, NULL, NULL),
(237, 'Shuvro', 45, 'Competitor', 20, '', 'F1 Hybrid', '', 'Active', 0, 1456565654, 1, NULL, NULL),
(238, 'White Delight', 45, 'Competitor', 9, '', 'F1 Hybrid', '', 'Active', 0, 1456565654, 1, NULL, NULL),
(239, 'Sweety', 46, 'Competitor', 33, '', 'F1 Hybrid', '', 'Active', 0, 1456565654, 1, NULL, NULL),
(240, 'Bangkok-1', 46, 'Competitor', 9, '', 'F1 Hybrid', '', 'Active', 0, 1456565654, 1, NULL, NULL),
(241, 'Bangkok-2', 46, 'Competitor', 9, '', 'F1 Hybrid', '', 'Active', 0, 1456565654, 1, NULL, NULL),
(242, 'Bangkok-3', 46, 'Competitor', 9, '', 'F1 Hybrid', '', 'Active', 0, 1456565654, 1, NULL, NULL),
(243, 'Bangkok-4', 46, 'Competitor', 9, '', 'F1 Hybrid', '', 'Active', 0, 1456565654, 1, NULL, NULL),
(244, 'Lalima', 46, 'Competitor', 26, '', 'F1 Hybrid', '', 'Active', 0, 1456565654, 1, NULL, NULL),
(245, 'Thai-Sweet', 46, 'Competitor', 30, '', 'F1 Hybrid', '', 'Active', 0, 1456565654, 1, NULL, NULL),
(246, 'Gunjon', 46, 'Competitor', 45, '', 'F1 Hybrid', '', 'Active', 0, 1456565654, 1, NULL, NULL),
(247, 'Sweet Gold', 46, 'Competitor', 3, '', 'F1 Hybrid', '', 'Active', 0, 1456565654, 1, NULL, NULL),
(248, 'Shera', 46, 'Competitor', 46, '', 'F1 Hybrid', '', 'Active', 0, 1456565654, 1, NULL, NULL),
(249, 'Suprema', 46, 'Competitor', 33, '', 'F1 Hybrid', '', 'Active', 0, 1456565654, 1, NULL, NULL),
(250, 'Wonder Ball', 46, 'Competitor', 1, '', 'F1 Hybrid', '', 'Active', 0, 1456565654, 1, NULL, NULL),
(251, 'Beauty', 46, 'Competitor', 4, '', 'F1 Hybrid', '', 'Active', 0, 1456565654, 1, NULL, NULL),
(252, 'Maxima', 46, 'Competitor', 26, '', 'F1 Hybrid', '', 'Active', 0, 1456565654, 1, NULL, NULL),
(253, 'Bangal Sweet 2', 47, 'Competitor', 9, '', 'F1 Hybrid', '', 'Active', 0, 1456565654, 1, NULL, NULL),
(254, 'Bright white 40', 48, 'Competitor', 3, '', 'OP', '', 'Active', 0, 1456565654, 1, NULL, NULL),
(255, 'Tusar ', 48, 'Competitor', 16, '', 'OP', '', 'Active', 0, 1456565654, 1, NULL, NULL),
(256, 'Payra 40', 48, 'Competitor', 4, '', 'OP', '', 'Active', 0, 1456565654, 1, NULL, NULL),
(257, 'Tara 40', 48, 'Competitor', 47, '', 'OP', '', 'Active', 0, 1456565654, 1, NULL, NULL),
(258, 'Lucky ', 48, 'Competitor', 27, '', 'OP', '', 'Active', 0, 1456565654, 1, NULL, NULL),
(259, 'Magic 35', 48, 'Competitor', 48, '', 'OP', '', 'Active', 0, 1456565654, 1, NULL, NULL),
(260, 'Rocky 45', 48, 'Competitor', 21, '', 'OP', '', 'Active', 0, 1456565654, 1, NULL, NULL),
(261, 'Everest', 49, 'Competitor', 13, '', 'F1 Hybrid', '', 'Active', 0, 1456565654, 1, NULL, NULL),
(262, 'Shangu White', 49, 'Competitor', 26, '', 'F1 Hybrid', '', 'Active', 0, 1456565654, 1, NULL, NULL),
(263, 'Tropic Ivory', 49, 'Competitor', 4, '', 'F1 Hybrid', '', 'Active', 0, 1456565654, 1, NULL, NULL),
(264, 'Maya Chika', 49, 'Competitor', 25, '', 'F1 Hybrid', '', 'Active', 0, 1456565654, 1, NULL, NULL),
(265, 'Shidur', 50, 'Competitor', 4, '', 'OP', '', 'Active', 0, 1456565654, 1, NULL, NULL),
(266, 'New Kuroda', 50, 'Competitor', 7, '', 'OP', '', 'Active', 0, 1456565654, 1, NULL, NULL),
(267, 'Orange King', 51, 'Competitor', 4, '', 'F1 Hybrid', '', 'Active', 0, 1456565654, 1, NULL, NULL),
(268, 'Alo', 52, 'Competitor', 49, '', 'F1 Hybrid', '', 'Active', 0, 1456565654, 1, NULL, NULL),
(269, 'Sharas', 52, 'Competitor', 17, '', 'F1 Hybrid', '', 'Active', 0, 1456565654, 1, NULL, NULL),
(270, ' Palak', 52, 'Competitor', 17, '', 'F1 Hybrid', '', 'Active', 0, 1456565654, 1, NULL, NULL),
(271, 'Tender 5', 52, 'Competitor', 26, '', 'F1 Hybrid', '', 'Active', 0, 1456565654, 1, NULL, NULL),
(272, 'Green Finger', 52, 'Competitor', 21, '', 'F1 Hybrid', '', 'Active', 0, 1456565654, 1, NULL, NULL),
(273, 'Anarkoly', 52, 'Competitor', 43, '', 'F1 Hybrid', '', 'Active', 0, 1456565654, 1, NULL, NULL),
(274, 'Shakti', 52, 'Competitor', 4, '', 'F1 Hybrid', '', 'Active', 0, 1456565654, 1, NULL, NULL),
(275, 'Angkona', 52, 'Competitor', 50, '', 'F1 Hybrid', '', 'Active', 0, 1456565654, 1, NULL, NULL),
(276, 'Tara Komol', 52, 'Competitor', 47, '', 'F1 Hybrid', '', 'Active', 0, 1456565654, 1, NULL, NULL),
(277, 'US-9202', 52, 'Competitor', 22, '', 'F1 Hybrid', '', 'Active', 0, 1456565654, 1, NULL, NULL),
(278, 'US 8063', 52, 'Competitor', 22, '', 'F1 Hybrid', '', 'Active', 0, 1456565654, 1, NULL, NULL),
(279, 'Kamol', 52, 'Competitor', 51, '', 'F1 Hybrid', '', 'Active', 0, 1456565654, 1, NULL, NULL),
(280, 'Alpha-1', 52, 'Competitor', 29, '', 'F1 Hybrid', '', 'Active', 0, 1456565654, 1, NULL, NULL),
(281, 'Green Soft', 52, 'Competitor', 3, '', 'F1 Hybrid', '', 'Active', 0, 1456565654, 1, NULL, NULL),
(282, 'Green Leaf', 54, 'Competitor', 3, '', 'F1 Hybrid', '', 'Active', 0, 1456565654, 1, NULL, NULL),
(283, 'Green Aroma', 54, 'Competitor', 36, '', 'F1 Hybrid', '', 'Active', 0, 1456565654, 1, NULL, NULL),
(284, 'Ramces', 54, 'Competitor', 21, '', 'F1 Hybrid', '', 'Active', 0, 1456565654, 1, NULL, NULL),
(285, 'Laina', 54, 'Competitor', 17, '', 'F1 Hybrid', '', 'Active', 0, 1456565654, 1, NULL, NULL),
(286, 'Fresh Leaf', 54, 'Competitor', 52, '', 'F1 Hybrid', '', 'Active', 0, 1456565654, 1, NULL, NULL),
(287, 'Super Leaf', 54, 'Competitor', 46, '', 'F1 Hybrid', '', 'Active', 0, 1456565654, 1, NULL, NULL),
(288, 'Bindu', 24, 'Competitor', 9, '', 'F1 Hybrid', '', 'Active', 0, 1456565654, 1, NULL, NULL),
(289, 'OP', 6, 'Competitor', 41, '', 'OP', '', 'Active', 0, 1456565654, 1, NULL, NULL),
(290, 'OP', 7, 'Competitor', 41, '', 'OP', '', 'Active', 0, 1456565654, 1, NULL, NULL),
(291, 'OP', 18, 'Competitor', 41, '', 'OP', '', 'Active', 0, 1456565654, 1, NULL, NULL),
(292, 'OP', 19, 'Competitor', 41, '', 'OP', '', 'Active', 0, 1456565654, 1, NULL, NULL),
(293, 'OP', 20, 'Competitor', 41, '', 'OP', '', 'Active', 0, 1456565654, 1, NULL, NULL),
(294, 'OP', 21, 'Competitor', 41, '', 'OP', '', 'Active', 0, 1456565654, 1, NULL, NULL),
(295, 'OP', 22, 'Competitor', 41, '', 'OP', '', 'Active', 0, 1456565654, 1, NULL, NULL),
(296, 'OP', 23, 'Competitor', 41, '', 'OP', '', 'Active', 0, 1456565654, 1, NULL, NULL),
(297, 'OP', 24, 'Competitor', 41, '', 'OP', '', 'Active', 0, 1456565654, 1, NULL, NULL),
(298, 'OP', 25, 'Competitor', 41, '', 'OP', '', 'Active', 0, 1456565654, 1, NULL, NULL),
(299, 'OP', 26, 'Competitor', 41, '', 'OP', '', 'Active', 0, 1456565654, 1, NULL, NULL),
(300, 'OP', 27, 'Competitor', 41, '', 'OP', '', 'Active', 0, 1456565654, 1, NULL, NULL),
(301, 'OP', 28, 'Competitor', 41, '', 'OP', '', 'Active', 0, 1456565654, 1, NULL, NULL),
(302, 'OP', 30, 'Competitor', 41, '', 'OP', '', 'Active', 0, 1456565654, 1, NULL, NULL),
(303, 'OP', 32, 'Competitor', 41, '', 'OP', '', 'Active', 0, 1456565654, 1, NULL, NULL),
(304, 'OP', 33, 'Competitor', 41, '', 'OP', '', 'Active', 0, 1456565654, 1, NULL, NULL),
(305, 'OP', 34, 'Competitor', 41, '', 'OP', '', 'Active', 0, 1456565654, 1, NULL, NULL),
(306, 'OP', 35, 'Competitor', 41, '', 'OP', '', 'Active', 0, 1456565654, 1, NULL, NULL),
(307, 'OP', 36, 'Competitor', 41, '', 'OP', '', 'Active', 0, 1456565654, 1, NULL, NULL),
(308, 'OP', 38, 'Competitor', 41, '', 'OP', '', 'Active', 0, 1456565654, 1, NULL, NULL),
(309, 'OP', 39, 'Competitor', 41, '', 'OP', '', 'Active', 0, 1456565654, 1, NULL, NULL),
(310, 'OP', 40, 'Competitor', 41, '', 'F1 Hybrid', '', 'Active', 0, 1456565654, 1, NULL, NULL),
(311, 'OP', 41, 'Competitor', 41, '', 'OP', '', 'In-Active', 0, 1456565654, 1, NULL, NULL),
(312, 'OP', 41, 'Competitor', 41, '', 'OP', '', 'Active', 0, 1456565654, 1, NULL, NULL),
(313, 'OP', 42, 'Competitor', 41, '', 'OP', '', 'Active', 0, 1456565654, 1, NULL, NULL),
(314, 'OP', 43, 'Competitor', 41, '', 'OP', '', 'Active', 0, 1456565654, 1, NULL, NULL),
(315, 'OP', 44, 'Competitor', 41, '', 'OP', '', 'Active', 0, 1456565654, 1, NULL, NULL),
(316, 'OP', 45, 'Competitor', 41, '', 'OP', '', 'Active', 0, 1456565654, 1, NULL, NULL),
(317, 'OP', 46, 'Competitor', 41, '', 'OP', '', 'Active', 0, 1456565654, 1, NULL, NULL),
(318, 'OP', 47, 'Competitor', 41, '', 'OP', '', 'Active', 0, 1456565654, 1, NULL, NULL),
(319, 'OP', 48, 'Competitor', 41, '', 'OP', '', 'Active', 0, 1456565654, 1, NULL, NULL),
(320, 'OP', 50, 'Competitor', 41, '', 'OP', '', 'Active', 0, 1456565654, 1, NULL, NULL),
(321, 'OP', 51, 'Competitor', 41, '', 'OP', '', 'Active', 0, 1456565654, 1, NULL, NULL),
(322, 'OP', 63, 'Competitor', 41, '', 'OP', '', 'Active', 0, 1456565654, 1, NULL, NULL),
(323, 'OP', 54, 'Competitor', 41, '', 'OP', '', 'Active', 0, 1456565654, 1, NULL, NULL),
(324, 'OP', 59, 'Competitor', 41, '', 'OP', '', 'Active', 0, 1456565654, 1, NULL, NULL),
(325, 'OP', 60, 'Competitor', 41, '', 'OP', '', 'Active', 0, 1456565654, 1, NULL, NULL),
(326, 'OP', 61, 'Competitor', 41, '', 'OP', '', 'Active', 0, 1456565654, 1, NULL, NULL),
(327, 'Summer Warrior  ', 4, 'Competitor', 53, '', 'F1 Hybrid', '', 'Active', 0, 1456565654, 1, NULL, NULL),
(328, 'NUN 2074', 24, 'ARM', 0, '', 'F1 Hybrid', '', 'Active', 0, 1456565654, 1, NULL, NULL),
(329, 'Indira Plus (250)', 22, 'ARM', 0, '05-01-05', 'F1 Hybrid', '', 'Active', 0, 1456565654, 1, NULL, NULL),
(330, 'Bijlee (250)', 23, 'ARM', 0, '05-02-02', 'F1 Hybrid', '', 'Active', 0, 1456565654, 1, NULL, NULL),
(331, 'Indira (250)', 22, 'ARM', 0, '05-01-03', 'F1 Hybrid', '', 'Active', 0, 1456565654, 1, NULL, NULL),
(332, 'Nandita (250)', 23, 'ARM', 0, '05-02-06', 'F1 Hybrid', '', 'Active', 0, 1456565654, 1, NULL, NULL),
(333, 'Green Bird (10)', 30, 'ARM', 0, '07-02-02', 'F1 Hybrid', '', 'Active', 0, 1456565654, 1, NULL, NULL),
(334, 'Moynamoti (10)', 30, 'ARM', 0, '07-02-04', 'F1 Hybrid', '', 'Active', 0, 1456565654, 1, NULL, NULL),
(335, 'Krishnokoli', 44, 'ARM', 0, '13-02-03', 'F1 Hybrid', '', 'In-Active', 5, 1456565654, 1, 1459934018, 2),
(336, 'Shomy (250)', 52, 'ARM', 0, '17-01-02', 'F1 Hybrid', '', 'Active', 0, 1456565654, 1, NULL, NULL),
(337, '205', 4, 'Upcoming', 0, '', 'F1 Hybrid', '', 'Active', 0, 1456565654, 1, NULL, NULL),
(338, '205', 4, 'Upcoming', 0, '', 'F1 Hybrid', '', 'Active', 0, 1456565654, 1, NULL, NULL),
(339, 'previous test', 4, 'ARM', 0, '', 'F1 Hybrid', '', 'In-Active', 0, 1456565654, 1, NULL, NULL),
(340, 'Udayon', 21, 'Competitor', 27, '0', 'F1 Hybrid', '', 'Active', 6, 1456565654, 1, NULL, NULL),
(341, 'Hitom', 21, 'Competitor', 41, '', 'F1 Hybrid', '', 'Active', 0, 1456565654, 1, NULL, NULL),
(342, 'Pakeeza (50)', 55, 'ARM', 0, '', 'F1 Hybrid', '', 'Active', 0, 1456565654, 1, NULL, NULL),
(343, 'White Pioneer', 3, 'ARM', 0, '01-03-05', 'F1 Hybrid', '', 'Active', 0, 1456565654, 1, NULL, NULL),
(344, 'TM-023', 20, 'ARM', 0, '04-03-04', 'F1 Hybrid', '', 'Active', 0, 1456565654, 1, NULL, NULL),
(345, 'Racer', 32, 'ARM', 0, '', 'F1 Hybrid', '', 'Active', 0, 1456565654, 1, NULL, NULL),
(346, 'Shuvra', 43, 'ARM', 0, '', 'F1 Hybrid', '', 'Active', 0, 1456565654, 1, NULL, NULL),
(347, 'OP', 1, 'Competitor', 41, '', 'OP', '', 'Active', 0, 1456565654, 1, NULL, NULL),
(348, 'OP', 2, 'Competitor', 41, '', 'OP', '', 'Active', 0, 1456565654, 1, NULL, NULL),
(349, 'OP', 3, 'Competitor', 41, '', 'OP', '', 'Active', 0, 1456565654, 1, NULL, NULL),
(350, 'OP', 4, 'Competitor', 41, '', 'OP', '', 'Active', 0, 1456565654, 1, NULL, NULL),
(351, 'OP', 5, 'Competitor', 41, '', 'OP', '', 'Active', 0, 1456565654, 1, NULL, NULL),
(352, 'OP', 8, 'Competitor', 41, '', 'OP', '', 'Active', 0, 1456565654, 1, NULL, NULL),
(353, 'Shanthi', 52, 'ARM', NULL, '17-01-06', 'F1 Hybrid', NULL, 'Active', 0, 1459533600, 1, NULL, NULL),
(354, 'Bijlee Plus', 23, 'ARM', NULL, '05-02-08', 'F1 Hybrid', NULL, 'Active', 0, 1459533600, 1, NULL, NULL);

-- --------------------------------------------------------

--
-- Table structure for table `ems_variety_bonus`
--

CREATE TABLE IF NOT EXISTS `ems_variety_bonus` (
  `id` int(11) NOT NULL,
  `variety_id` int(11) NOT NULL,
  `pack_size_id` int(11) NOT NULL,
  `date_created` int(11) NOT NULL DEFAULT '0',
  `user_created` int(11) NOT NULL DEFAULT '0'
) ENGINE=InnoDB AUTO_INCREMENT=42 DEFAULT CHARSET=utf8;

--
-- Dumping data for table `ems_variety_bonus`
--

INSERT INTO `ems_variety_bonus` (`id`, `variety_id`, `pack_size_id`, `date_created`, `user_created`) VALUES
(1, 93, 18, 1457580826, 2),
(2, 2, 2, 1458359035, 2),
(3, 67, 4, 1458455233, 2),
(4, 47, 11, 1458455523, 2),
(5, 3, 2, 1459138233, 2),
(6, 26, 1, 1459140582, 2),
(7, 27, 1, 1459142045, 2),
(8, 30, 1, 1459147166, 2),
(9, 31, 1, 1459147441, 2),
(10, 328, 1, 1459148564, 2),
(11, 39, 1, 1459148787, 2),
(12, 104, 1, 1459154329, 2),
(13, 40, 2, 1459154617, 2),
(14, 41, 2, 1459154823, 2),
(15, 43, 2, 1459155173, 2),
(16, 33, 13, 1459155903, 2),
(17, 89, 2, 1459156105, 2),
(18, 89, 16, 1459156381, 2),
(19, 38, 2, 1459156917, 2),
(20, 94, 2, 1459158788, 2),
(21, 48, 2, 1459226025, 2),
(22, 49, 2, 1459226121, 2),
(23, 50, 2, 1459226271, 2),
(24, 55, 2, 1459226454, 2),
(25, 56, 2, 1459226612, 2),
(26, 59, 2, 1459226804, 2),
(27, 60, 2, 1459227025, 2),
(28, 96, 4, 1459227771, 2),
(29, 95, 4, 1459227999, 2),
(30, 66, 4, 1459228268, 2),
(31, 70, 5, 1459228571, 2),
(32, 73, 4, 1459228979, 2),
(33, 74, 4, 1459229157, 2),
(34, 75, 4, 1459229386, 2),
(35, 99, 4, 1459229653, 2),
(36, 77, 4, 1459229970, 2),
(37, 342, 5, 1459230277, 2),
(38, 79, 4, 1459230427, 2),
(39, 80, 4, 1459230513, 2),
(40, 81, 4, 1459230613, 2),
(41, 82, 4, 1459230736, 2);

-- --------------------------------------------------------

--
-- Table structure for table `ems_variety_bonus_details`
--

CREATE TABLE IF NOT EXISTS `ems_variety_bonus_details` (
  `id` int(11) NOT NULL,
  `bonus_id` int(11) NOT NULL,
  `quantity_min` int(11) NOT NULL,
  `bonus_pack_size_id` int(11) NOT NULL,
  `quantity_bonus` int(11) NOT NULL,
  `revision` int(11) NOT NULL DEFAULT '1',
  `date_created` int(11) NOT NULL DEFAULT '0',
  `user_created` int(11) NOT NULL DEFAULT '0'
) ENGINE=InnoDB AUTO_INCREMENT=346 DEFAULT CHARSET=utf8;

--
-- Dumping data for table `ems_variety_bonus_details`
--

INSERT INTO `ems_variety_bonus_details` (`id`, `bonus_id`, `quantity_min`, `bonus_pack_size_id`, `quantity_bonus`, `revision`, `date_created`, `user_created`) VALUES
(1, 2, 100, 2, 0, 1, 1459137490, 2),
(2, 2, 500, 2, 0, 1, 1459137500, 2),
(3, 2, 400, 2, 0, 1, 1459137508, 2),
(4, 2, 300, 2, 0, 1, 1459137515, 2),
(5, 2, 200, 2, 0, 1, 1459137524, 2),
(6, 5, 100, 2, 10, 1, 1459138233, 2),
(7, 5, 200, 2, 20, 1, 1459138256, 2),
(8, 5, 300, 2, 30, 1, 1459138269, 2),
(9, 5, 400, 2, 40, 1, 1459138281, 2),
(10, 5, 500, 2, 50, 1, 1459138290, 2),
(11, 5, 600, 2, 60, 1, 1459138302, 2),
(12, 5, 700, 2, 70, 1, 1459138314, 2),
(13, 5, 800, 2, 80, 1, 1459138326, 2),
(14, 5, 900, 2, 90, 1, 1459138360, 2),
(15, 5, 1000, 2, 100, 1, 1459138373, 2),
(16, 6, 100, 1, 10, 1, 1459140582, 2),
(17, 6, 200, 1, 20, 1, 1459140845, 2),
(18, 6, 300, 1, 30, 1, 1459140860, 2),
(19, 6, 400, 1, 40, 1, 1459140873, 2),
(20, 6, 500, 1, 50, 1, 1459140883, 2),
(21, 6, 600, 1, 60, 1, 1459140894, 2),
(22, 6, 700, 1, 70, 1, 1459140904, 2),
(23, 6, 800, 1, 80, 1, 1459140916, 2),
(24, 6, 900, 1, 90, 1, 1459140931, 2),
(25, 6, 1000, 1, 100, 1, 1459140948, 2),
(26, 7, 100, 1, 10, 1, 1459142045, 2),
(27, 7, 200, 1, 20, 1, 1459142071, 2),
(28, 7, 300, 1, 30, 1, 1459142082, 2),
(29, 7, 400, 1, 40, 1, 1459142108, 2),
(30, 7, 500, 1, 50, 1, 1459142146, 2),
(31, 7, 600, 1, 60, 1, 1459142162, 2),
(32, 7, 700, 1, 70, 1, 1459142184, 2),
(33, 7, 800, 1, 80, 1, 1459142199, 2),
(34, 7, 900, 1, 90, 1, 1459142208, 2),
(35, 7, 1000, 1, 100, 1, 1459142221, 2),
(36, 8, 100, 1, 10, 1, 1459147166, 2),
(37, 8, 200, 1, 20, 1, 1459147183, 2),
(38, 8, 300, 1, 30, 1, 1459147193, 2),
(39, 8, 400, 1, 40, 1, 1459147215, 2),
(40, 8, 500, 1, 50, 1, 1459147232, 2),
(41, 8, 600, 1, 60, 1, 1459147248, 2),
(42, 8, 700, 1, 70, 1, 1459147265, 2),
(43, 8, 800, 1, 80, 1, 1459147277, 2),
(44, 8, 900, 1, 90, 1, 1459147288, 2),
(45, 8, 1000, 1, 100, 1, 1459147301, 2),
(46, 9, 100, 1, 10, 1, 1459147441, 2),
(47, 9, 200, 1, 20, 1, 1459147459, 2),
(48, 9, 300, 1, 30, 1, 1459147470, 2),
(49, 9, 400, 1, 40, 1, 1459147480, 2),
(50, 9, 500, 1, 50, 1, 1459147490, 2),
(51, 9, 600, 1, 60, 1, 1459147504, 2),
(52, 9, 700, 1, 70, 1, 1459147516, 2),
(53, 9, 800, 1, 80, 1, 1459147526, 2),
(54, 9, 900, 1, 90, 1, 1459147538, 2),
(55, 9, 1000, 1, 100, 1, 1459147552, 2),
(56, 10, 100, 1, 10, 1, 1459148564, 2),
(57, 10, 200, 1, 20, 1, 1459148584, 2),
(58, 10, 300, 1, 30, 1, 1459148595, 2),
(59, 10, 400, 1, 40, 1, 1459148605, 2),
(60, 10, 500, 1, 50, 1, 1459148617, 2),
(61, 10, 600, 1, 60, 1, 1459148634, 2),
(62, 11, 100, 1, 10, 1, 1459148787, 2),
(63, 11, 200, 1, 20, 1, 1459148829, 2),
(64, 11, 300, 1, 30, 1, 1459148846, 2),
(65, 11, 400, 1, 40, 1, 1459148858, 2),
(66, 11, 500, 1, 50, 1, 1459148868, 2),
(67, 11, 600, 1, 60, 1, 1459148899, 2),
(68, 11, 700, 1, 70, 1, 1459148910, 2),
(69, 11, 800, 1, 80, 1, 1459148922, 2),
(70, 11, 900, 1, 90, 1, 1459148936, 2),
(71, 11, 1000, 1, 100, 1, 1459148952, 2),
(72, 12, 100, 1, 10, 1, 1459154329, 2),
(73, 12, 200, 1, 20, 1, 1459154383, 2),
(74, 12, 300, 1, 30, 1, 1459154407, 2),
(75, 12, 400, 1, 40, 1, 1459154422, 2),
(76, 12, 500, 1, 50, 1, 1459154473, 2),
(77, 12, 600, 1, 60, 1, 1459154484, 2),
(78, 12, 700, 1, 70, 1, 1459154495, 2),
(79, 12, 800, 1, 80, 1, 1459154506, 2),
(80, 12, 900, 1, 90, 1, 1459154518, 2),
(81, 12, 1000, 1, 100, 1, 1459154531, 2),
(82, 13, 100, 2, 10, 1, 1459154617, 2),
(83, 13, 300, 2, 30, 1, 1459154658, 2),
(84, 13, 200, 2, 20, 1, 1459154665, 2),
(85, 13, 400, 2, 40, 1, 1459154682, 2),
(86, 13, 500, 2, 50, 1, 1459154693, 2),
(87, 13, 600, 2, 60, 1, 1459154703, 2),
(88, 13, 700, 2, 70, 1, 1459154713, 2),
(89, 13, 800, 2, 80, 1, 1459154725, 2),
(90, 13, 900, 2, 90, 1, 1459154735, 2),
(91, 13, 1000, 2, 100, 1, 1459154748, 2),
(92, 14, 100, 2, 10, 1, 1459154823, 2),
(93, 14, 200, 2, 20, 1, 1459154848, 2),
(94, 14, 300, 2, 30, 1, 1459154944, 2),
(95, 14, 400, 2, 40, 1, 1459154955, 2),
(96, 14, 500, 2, 50, 1, 1459154965, 2),
(97, 14, 600, 2, 60, 1, 1459154976, 2),
(98, 14, 700, 2, 70, 1, 1459154988, 2),
(99, 14, 800, 2, 80, 1, 1459155001, 2),
(100, 14, 900, 2, 90, 1, 1459155013, 2),
(101, 14, 1000, 2, 100, 1, 1459155025, 2),
(102, 15, 100, 2, 10, 1, 1459155173, 2),
(103, 15, 200, 2, 20, 1, 1459155191, 2),
(104, 15, 300, 2, 30, 1, 1459155202, 2),
(105, 15, 400, 2, 40, 1, 1459155213, 2),
(106, 15, 500, 2, 50, 1, 1459155223, 2),
(107, 15, 600, 2, 60, 1, 1459155232, 2),
(108, 15, 700, 2, 70, 1, 1459155243, 2),
(109, 15, 800, 2, 80, 1, 1459155254, 2),
(110, 15, 900, 2, 90, 1, 1459155263, 2),
(111, 15, 1000, 2, 100, 1, 1459155274, 2),
(112, 16, 80, 13, 8, 1, 1459155903, 2),
(113, 16, 160, 13, 16, 1, 1459155931, 2),
(114, 16, 240, 13, 24, 1, 1459155958, 2),
(115, 16, 320, 13, 32, 1, 1459155970, 2),
(116, 16, 400, 13, 40, 1, 1459155984, 2),
(117, 17, 100, 2, 10, 1, 1459156105, 2),
(118, 17, 200, 2, 20, 1, 1459156123, 2),
(119, 17, 300, 2, 30, 1, 1459156133, 2),
(120, 17, 400, 2, 40, 1, 1459156143, 2),
(121, 17, 500, 2, 50, 1, 1459156153, 2),
(122, 18, 18, 16, 2, 1, 1459156381, 2),
(123, 18, 36, 16, 4, 1, 1459156399, 2),
(124, 18, 54, 16, 6, 1, 1459156413, 2),
(125, 18, 72, 16, 8, 1, 1459156429, 2),
(126, 18, 90, 16, 10, 1, 1459156453, 2),
(127, 19, 100, 2, 10, 1, 1459156917, 2),
(128, 19, 200, 2, 20, 1, 1459156954, 2),
(129, 19, 300, 2, 30, 1, 1459156966, 2),
(130, 19, 400, 2, 40, 1, 1459156977, 2),
(131, 19, 500, 2, 50, 1, 1459156987, 2),
(132, 1, 150, 18, 15, 1, 1459158011, 2),
(133, 1, 225, 18, 23, 1, 1459158044, 2),
(134, 1, 300, 18, 31, 1, 1459158193, 2),
(135, 1, 375, 18, 39, 1, 1459158208, 2),
(136, 1, 450, 18, 47, 1, 1459158222, 2),
(137, 1, 525, 18, 55, 1, 1459158249, 2),
(138, 1, 600, 18, 63, 1, 1459158266, 2),
(139, 1, 675, 18, 71, 1, 1459158283, 2),
(140, 1, 750, 18, 79, 1, 1459158299, 2),
(141, 20, 100, 2, 10, 1, 1459158788, 2),
(142, 20, 200, 2, 20, 1, 1459158805, 2),
(143, 20, 300, 2, 30, 1, 1459158819, 2),
(144, 20, 400, 2, 40, 1, 1459158829, 2),
(145, 20, 500, 2, 50, 1, 1459158839, 2),
(146, 20, 600, 2, 600, 1, 1459158852, 2),
(147, 20, 700, 2, 700, 1, 1459158864, 2),
(148, 20, 800, 2, 80, 1, 1459158874, 2),
(149, 20, 900, 2, 90, 1, 1459158884, 2),
(150, 20, 1000, 2, 100, 1, 1459158897, 2),
(151, 3, 100, 4, 0, 1, 1459225430, 2),
(152, 3, 500, 4, 0, 1, 1459225439, 2),
(153, 3, 400, 4, 0, 1, 1459225449, 2),
(154, 3, 300, 4, 0, 1, 1459225457, 2),
(155, 3, 200, 4, 0, 1, 1459225465, 2),
(156, 4, 60, 11, 6, 1, 1459225682, 2),
(157, 4, 120, 11, 12, 1, 1459225699, 2),
(158, 4, 180, 11, 18, 1, 1459225714, 2),
(159, 4, 240, 11, 24, 1, 1459225741, 2),
(160, 4, 300, 11, 30, 1, 1459225755, 2),
(161, 4, 360, 11, 36, 1, 1459225781, 2),
(162, 4, 420, 11, 42, 1, 1459225800, 2),
(163, 4, 480, 11, 48, 1, 1459225818, 2),
(164, 4, 540, 11, 54, 1, 1459225842, 2),
(165, 4, 600, 11, 60, 1, 1459225870, 2),
(166, 21, 100, 2, 10, 1, 1459226025, 2),
(167, 21, 200, 2, 20, 1, 1459226042, 2),
(168, 21, 300, 2, 30, 1, 1459226053, 2),
(169, 21, 400, 2, 40, 1, 1459226063, 2),
(170, 21, 500, 2, 50, 1, 1459226075, 2),
(171, 22, 100, 2, 10, 1, 1459226121, 2),
(172, 22, 200, 2, 20, 1, 1459226140, 2),
(173, 22, 300, 2, 30, 1, 1459226151, 2),
(174, 22, 400, 2, 40, 1, 1459226162, 2),
(175, 22, 500, 2, 50, 1, 1459226172, 2),
(176, 22, 600, 2, 60, 1, 1459226185, 2),
(177, 22, 700, 2, 70, 1, 1459226195, 2),
(178, 22, 800, 2, 80, 1, 1459226206, 2),
(179, 22, 900, 2, 90, 1, 1459226216, 2),
(180, 22, 1000, 2, 100, 1, 1459226227, 2),
(181, 23, 100, 2, 10, 1, 1459226271, 2),
(182, 23, 200, 2, 20, 1, 1459226296, 2),
(183, 23, 300, 2, 30, 1, 1459226308, 2),
(184, 23, 400, 2, 40, 1, 1459226318, 2),
(185, 23, 500, 2, 50, 1, 1459226328, 2),
(186, 24, 100, 2, 10, 1, 1459226454, 2),
(187, 24, 200, 2, 20, 1, 1459226503, 2),
(188, 24, 300, 2, 30, 1, 1459226513, 2),
(189, 24, 400, 2, 40, 1, 1459226525, 2),
(190, 24, 500, 2, 50, 1, 1459226535, 2),
(191, 25, 100, 2, 10, 1, 1459226612, 2),
(192, 25, 200, 2, 20, 1, 1459226628, 2),
(193, 25, 300, 2, 30, 1, 1459226641, 2),
(194, 25, 400, 2, 40, 1, 1459226652, 2),
(195, 25, 500, 2, 50, 1, 1459226664, 2),
(196, 26, 100, 2, 10, 1, 1459226804, 2),
(197, 26, 200, 2, 20, 1, 1459226880, 2),
(198, 26, 300, 2, 30, 1, 1459226892, 2),
(199, 26, 400, 2, 40, 1, 1459226903, 2),
(200, 26, 500, 2, 50, 1, 1459226914, 2),
(201, 26, 600, 2, 60, 1, 1459226938, 2),
(202, 26, 700, 2, 70, 1, 1459226953, 2),
(203, 26, 800, 2, 80, 1, 1459226962, 2),
(204, 26, 900, 2, 90, 1, 1459226971, 2),
(205, 26, 1000, 2, 100, 1, 1459226984, 2),
(206, 27, 100, 2, 10, 1, 1459227025, 2),
(207, 27, 200, 2, 20, 1, 1459227041, 2),
(208, 27, 300, 2, 30, 1, 1459227051, 2),
(209, 27, 400, 2, 40, 1, 1459227063, 2),
(210, 27, 500, 2, 50, 1, 1459227073, 2),
(211, 27, 600, 2, 60, 1, 1459227084, 2),
(212, 27, 700, 2, 70, 1, 1459227093, 2),
(213, 27, 800, 2, 80, 1, 1459227103, 2),
(214, 27, 900, 2, 90, 1, 1459227115, 2),
(215, 27, 1000, 2, 100, 1, 1459227126, 2),
(216, 28, 10, 4, 1, 1, 1459227771, 2),
(217, 28, 20, 4, 2, 1, 1459227824, 2),
(218, 28, 30, 4, 3, 1, 1459227838, 2),
(219, 28, 40, 4, 4, 1, 1459227849, 2),
(220, 28, 50, 4, 5, 1, 1459227860, 2),
(221, 28, 60, 4, 6, 1, 1459227878, 2),
(222, 28, 70, 4, 7, 1, 1459227890, 2),
(223, 28, 80, 4, 8, 1, 1459227901, 2),
(224, 28, 90, 4, 9, 1, 1459227910, 2),
(225, 28, 100, 4, 10, 1, 1459227923, 2),
(226, 29, 10, 4, 1, 1, 1459227999, 2),
(227, 29, 20, 4, 2, 1, 1459228022, 2),
(228, 29, 30, 4, 3, 1, 1459228033, 2),
(229, 29, 40, 4, 4, 1, 1459228044, 2),
(230, 29, 50, 4, 5, 1, 1459228054, 2),
(231, 29, 60, 4, 6, 1, 1459228063, 2),
(232, 29, 70, 4, 7, 1, 1459228071, 2),
(233, 29, 80, 4, 8, 1, 1459228080, 2),
(234, 29, 90, 4, 9, 1, 1459228089, 2),
(235, 29, 100, 4, 10, 1, 1459228100, 2),
(236, 30, 10, 4, 1, 1, 1459228268, 2),
(237, 30, 20, 4, 2, 1, 1459228286, 2),
(238, 30, 30, 4, 3, 1, 1459228296, 2),
(239, 30, 40, 4, 4, 1, 1459228306, 2),
(240, 30, 50, 4, 5, 1, 1459228317, 2),
(241, 30, 70, 4, 7, 1, 1459228342, 2),
(242, 30, 60, 4, 6, 1, 1459228349, 2),
(243, 30, 80, 4, 8, 1, 1459228360, 2),
(244, 30, 90, 4, 9, 1, 1459228371, 2),
(245, 30, 100, 4, 10, 1, 1459228382, 2),
(246, 31, 20, 5, 4, 1, 1459228571, 2),
(247, 31, 40, 5, 8, 1, 1459228602, 2),
(248, 31, 60, 5, 12, 1, 1459228633, 2),
(249, 31, 80, 5, 16, 1, 1459228654, 2),
(250, 31, 100, 5, 20, 1, 1459228673, 2),
(251, 31, 140, 5, 28, 1, 1459228710, 2),
(252, 31, 120, 5, 24, 1, 1459228728, 2),
(253, 31, 160, 5, 32, 1, 1459228745, 2),
(254, 31, 180, 5, 36, 1, 1459228761, 2),
(255, 31, 200, 5, 40, 1, 1459228778, 2),
(256, 32, 10, 4, 1, 1, 1459228979, 2),
(257, 32, 20, 4, 2, 1, 1459229003, 2),
(258, 32, 30, 4, 3, 1, 1459229022, 2),
(259, 32, 40, 4, 4, 1, 1459229031, 2),
(260, 32, 50, 4, 5, 1, 1459229041, 2),
(261, 32, 60, 4, 6, 1, 1459229052, 2),
(262, 32, 70, 4, 7, 1, 1459229062, 2),
(263, 32, 80, 4, 8, 1, 1459229073, 2),
(264, 32, 90, 4, 9, 1, 1459229088, 2),
(265, 32, 100, 4, 10, 1, 1459229102, 2),
(266, 33, 10, 4, 1, 1, 1459229157, 2),
(267, 33, 20, 4, 2, 1, 1459229194, 2),
(268, 33, 30, 4, 3, 1, 1459229208, 2),
(269, 33, 40, 4, 4, 1, 1459229218, 2),
(270, 33, 50, 4, 5, 1, 1459229228, 2),
(271, 33, 60, 4, 6, 1, 1459229237, 2),
(272, 33, 70, 4, 7, 1, 1459229246, 2),
(273, 33, 80, 4, 8, 1, 1459229257, 2),
(274, 33, 90, 4, 9, 1, 1459229267, 2),
(275, 33, 100, 4, 10, 1, 1459229278, 2),
(276, 34, 10, 4, 2, 1, 1459229386, 2),
(277, 34, 20, 4, 4, 1, 1459229440, 2),
(278, 34, 40, 4, 8, 1, 1459229483, 2),
(279, 34, 30, 4, 6, 1, 1459229493, 2),
(280, 34, 50, 4, 10, 1, 1459229511, 2),
(281, 34, 60, 4, 12, 1, 1459229526, 2),
(282, 34, 70, 4, 14, 1, 1459229540, 2),
(283, 34, 80, 4, 16, 1, 1459229552, 2),
(284, 34, 90, 4, 18, 1, 1459229564, 2),
(285, 34, 100, 4, 20, 1, 1459229577, 2),
(286, 35, 10, 4, 2, 1, 1459229653, 2),
(287, 35, 20, 4, 4, 1, 1459229694, 2),
(288, 35, 30, 4, 6, 1, 1459229709, 2),
(289, 35, 40, 4, 8, 1, 1459229721, 2),
(290, 35, 50, 4, 10, 1, 1459229732, 2),
(291, 35, 60, 4, 12, 1, 1459229744, 2),
(292, 35, 70, 4, 14, 1, 1459229758, 2),
(293, 35, 80, 4, 16, 1, 1459229904, 2),
(294, 35, 90, 4, 18, 1, 1459229919, 2),
(295, 35, 100, 4, 20, 1, 1459229930, 2),
(296, 36, 10, 4, 1, 1, 1459229970, 2),
(297, 36, 20, 4, 2, 1, 1459229999, 2),
(298, 36, 30, 4, 3, 1, 1459230008, 2),
(299, 36, 40, 4, 4, 1, 1459230016, 2),
(300, 36, 50, 4, 5, 1, 1459230028, 2),
(301, 36, 60, 4, 6, 1, 1459230036, 2),
(302, 36, 70, 4, 7, 1, 1459230044, 2),
(303, 36, 80, 4, 8, 1, 1459230052, 2),
(304, 36, 90, 4, 9, 1, 1459230059, 2),
(305, 36, 100, 4, 10, 1, 1459230069, 2),
(306, 37, 20, 5, 2, 1, 1459230277, 2),
(307, 37, 40, 5, 4, 1, 1459230296, 2),
(308, 37, 60, 5, 6, 1, 1459230309, 2),
(309, 37, 80, 5, 8, 1, 1459230319, 2),
(310, 37, 100, 5, 10, 1, 1459230332, 2),
(311, 37, 120, 5, 12, 1, 1459230342, 2),
(312, 37, 140, 5, 14, 1, 1459230353, 2),
(313, 37, 160, 5, 16, 1, 1459230367, 2),
(314, 37, 180, 5, 18, 1, 1459230378, 2),
(315, 37, 200, 5, 20, 1, 1459230389, 2),
(316, 38, 10, 4, 1, 1, 1459230427, 2),
(317, 38, 20, 4, 2, 1, 1459230444, 2),
(318, 38, 30, 4, 3, 1, 1459230454, 2),
(319, 38, 40, 4, 4, 1, 1459230464, 2),
(320, 38, 50, 4, 5, 1, 1459230472, 2),
(321, 39, 10, 4, 2, 1, 1459230513, 2),
(322, 39, 20, 4, 4, 1, 1459230542, 2),
(323, 39, 30, 4, 6, 1, 1459230552, 2),
(324, 39, 40, 4, 8, 1, 1459230564, 2),
(325, 39, 50, 4, 10, 1, 1459230575, 2),
(326, 40, 10, 4, 1, 1, 1459230613, 2),
(327, 40, 20, 4, 2, 1, 1459230628, 2),
(328, 40, 30, 4, 3, 1, 1459230640, 2),
(329, 40, 40, 4, 4, 1, 1459230653, 2),
(330, 40, 50, 4, 5, 1, 1459230662, 2),
(331, 40, 60, 4, 6, 1, 1459230670, 2),
(332, 40, 70, 4, 7, 1, 1459230679, 2),
(333, 40, 80, 4, 8, 1, 1459230688, 2),
(334, 40, 90, 4, 9, 1, 1459230697, 2),
(335, 40, 100, 4, 10, 1, 1459230707, 2),
(336, 41, 10, 4, 1, 1, 1459230736, 2),
(337, 41, 20, 4, 2, 1, 1459230752, 2),
(338, 41, 30, 4, 3, 1, 1459230762, 2),
(339, 41, 40, 4, 4, 1, 1459230770, 2),
(340, 41, 50, 4, 5, 1, 1459230778, 2),
(341, 41, 60, 4, 6, 1, 1459230787, 2),
(342, 41, 70, 4, 7, 1, 1459230797, 2),
(343, 41, 80, 4, 8, 1, 1459230807, 2),
(344, 41, 90, 4, 9, 1, 1459230816, 2),
(345, 41, 100, 4, 10, 1, 1459230826, 2);

-- --------------------------------------------------------

--
-- Table structure for table `ems_variety_pack_size`
--

CREATE TABLE IF NOT EXISTS `ems_variety_pack_size` (
  `id` int(11) NOT NULL,
  `name` float NOT NULL,
  `description` text,
  `status` varchar(11) NOT NULL DEFAULT 'Active',
  `date_created` int(11) NOT NULL DEFAULT '0',
  `user_created` int(11) NOT NULL DEFAULT '0',
  `date_updated` int(11) DEFAULT NULL,
  `user_updated` int(11) DEFAULT NULL
) ENGINE=InnoDB AUTO_INCREMENT=21 DEFAULT CHARSET=utf8;

--
-- Dumping data for table `ems_variety_pack_size`
--

INSERT INTO `ems_variety_pack_size` (`id`, `name`, `description`, `status`, `date_created`, `user_created`, `date_updated`, `user_updated`) VALUES
(1, 5, '', 'Active', 1456581232, 1, NULL, NULL),
(2, 10, '', 'Active', 1456581232, 1, NULL, NULL),
(3, 25, '', 'Active', 1456581232, 1, NULL, NULL),
(4, 100, '', 'Active', 1456581232, 1, NULL, NULL),
(5, 50, '', 'Active', 1456581232, 1, NULL, NULL),
(6, 1, '', 'Active', 1456581232, 1, NULL, NULL),
(7, 500, '', 'Active', 1456581232, 1, NULL, NULL),
(8, 1000, '', 'Active', 1456581232, 1, NULL, NULL),
(9, 400, '', 'Active', 1456581232, 1, NULL, NULL),
(10, 6.25, '', 'Active', 1456581232, 1, NULL, NULL),
(11, 16.67, '', 'Active', 1456581232, 1, NULL, NULL),
(12, 250, '', 'Active', 1456581232, 1, NULL, NULL),
(13, 12.5, '', 'Active', 1456581232, 1, NULL, NULL),
(14, 71.43, '', 'Active', 1456581232, 1, NULL, NULL),
(15, 7.15, '', 'Active', 1456581232, 1, NULL, NULL),
(16, 55.55, '', 'Active', 1456581232, 1, NULL, NULL),
(17, 62.5, '', 'Active', 1456581232, 1, NULL, NULL),
(18, 6.67, '', 'Active', 1456581232, 1, NULL, NULL),
(19, 2, '', 'Active', 1456581232, 1, 1458640057, 2),
(20, 20, '28/10/15', 'Active', 1456581232, 1, NULL, NULL);

-- --------------------------------------------------------

--
-- Table structure for table `ems_variety_price`
--

CREATE TABLE IF NOT EXISTS `ems_variety_price` (
  `id` int(11) NOT NULL,
  `variety_id` int(11) NOT NULL,
  `pack_size_id` int(11) NOT NULL,
  `price` float NOT NULL,
  `revision` int(4) NOT NULL DEFAULT '1',
  `date_created` int(11) NOT NULL DEFAULT '0',
  `user_created` int(11) NOT NULL DEFAULT '0'
) ENGINE=InnoDB AUTO_INCREMENT=115 DEFAULT CHARSET=utf8;

--
-- Dumping data for table `ems_variety_price`
--

INSERT INTO `ems_variety_price` (`id`, `variety_id`, `pack_size_id`, `price`, `revision`, `date_created`, `user_created`) VALUES
(1, 2, 2, 330, 1, 1456594392, 1),
(2, 86, 2, 350, 1, 1456594392, 1),
(3, 87, 2, 350, 1, 1456594392, 1),
(4, 3, 2, 600, 1, 1456594392, 1),
(5, 4, 2, 450, 1, 1456594392, 1),
(6, 5, 2, 330, 1, 1456594392, 1),
(7, 6, 2, 300, 1, 1456594392, 1),
(8, 1, 2, 400, 1, 1456594392, 1),
(9, 7, 2, 420, 1, 1456594392, 1),
(10, 8, 2, 380, 1, 1456594392, 1),
(11, 9, 2, 350, 1, 1456594392, 1),
(12, 11, 2, 500, 1, 1456594392, 1),
(13, 12, 2, 500, 1, 1456594392, 1),
(14, 13, 2, 450, 1, 1456594392, 1),
(15, 14, 2, 400, 1, 1456594392, 1),
(16, 15, 2, 400, 1, 1456594392, 1),
(17, 17, 2, 130, 1, 1456594392, 1),
(18, 18, 2, 170, 1, 1456594392, 1),
(19, 19, 2, 150, 1, 1456594392, 1),
(20, 20, 2, 130, 1, 1456594392, 1),
(21, 22, 2, 160, 1, 1456594392, 1),
(22, 24, 2, 115, 1, 1456594392, 1),
(23, 25, 2, 110, 1, 1456594392, 1),
(24, 26, 1, 250, 1, 1456594392, 1),
(25, 27, 1, 350, 1, 1456594392, 1),
(26, 28, 1, 290, 1, 1456594392, 1),
(27, 30, 1, 300, 1, 1456594392, 1),
(28, 31, 1, 200, 1, 1456594392, 1),
(29, 34, 1, 210, 1, 1456594392, 1),
(30, 40, 2, 200, 1, 1456594392, 1),
(31, 43, 2, 200, 1, 1456594392, 1),
(32, 42, 1, 100, 1, 1456594392, 1),
(33, 44, 1, 135, 1, 1456594392, 1),
(34, 44, 2, 260, 1, 1456594392, 1),
(35, 45, 1, 150, 1, 1456594392, 1),
(36, 45, 2, 290, 1, 1456594392, 1),
(37, 94, 2, 120, 1, 1456594392, 1),
(38, 46, 2, 120, 1, 1456594392, 1),
(39, 48, 2, 130, 1, 1456594392, 1),
(40, 49, 2, 110, 1, 1456594392, 1),
(41, 50, 2, 120, 1, 1456594392, 1),
(42, 51, 2, 100, 1, 1456594392, 1),
(43, 52, 1, 42.5, 1, 1456594392, 1),
(44, 54, 2, 120, 1, 1456594392, 1),
(45, 55, 2, 120, 1, 1456594392, 1),
(46, 56, 2, 160, 1, 1456594392, 1),
(47, 58, 1, 42.5, 1, 1456594392, 1),
(48, 59, 2, 110, 1, 1456594392, 1),
(49, 60, 2, 140, 1, 1456594392, 1),
(50, 61, 7, 210, 1, 1456594392, 1),
(51, 96, 4, 300, 1, 1456594392, 1),
(52, 95, 4, 300, 1, 1456594392, 1),
(53, 65, 9, 920, 1, 1456594392, 1),
(54, 97, 9, 1000, 1, 1456594392, 1),
(55, 66, 4, 1050, 1, 1456594392, 1),
(56, 67, 4, 330, 1, 1456594392, 1),
(57, 68, 4, 260, 1, 1456594392, 1),
(58, 85, 6, 200, 1, 1456594392, 1),
(59, 16, 2, 230, 1, 1456594392, 1),
(60, 62, 4, 300, 1, 1456594392, 1),
(61, 63, 4, 270, 1, 1456594392, 1),
(62, 93, 10, 180, 1, 1456594392, 1),
(63, 47, 11, 250, 1, 1456594392, 1),
(64, 64, 9, 440, 1, 1456594392, 1),
(65, 104, 1, 80, 1, 1456594392, 1),
(66, 34, 12, 10250, 1, 1456594392, 1),
(67, 21, 2, 150, 1, 1456594392, 1),
(68, 58, 2, 80, 1, 1456594392, 1),
(69, 39, 1, 80, 1, 1456594392, 1),
(70, 35, 2, 400, 1, 1456594392, 1),
(71, 92, 2, 115, 1, 1456594392, 1),
(72, 33, 13, 625, 1, 1456594392, 1),
(73, 33, 14, 3500, 1, 1456594392, 1),
(74, 328, 15, 357.14, 1, 1456594392, 1),
(75, 23, 2, 170, 1, 1456594392, 1),
(76, 89, 16, 2722.22, 1, 1456594392, 1),
(77, 89, 2, 500, 1, 1456594392, 1),
(78, 38, 17, 3375, 1, 1456594392, 1),
(79, 38, 2, 550, 1, 1456594392, 1),
(80, 88, 2, 170, 1, 1456594392, 1),
(81, 91, 2, 150, 1, 1456594392, 1),
(82, 100, 2, 90, 1, 1456594392, 1),
(83, 102, 2, 50, 1, 1456594392, 1),
(84, 101, 2, 100, 1, 1456594392, 1),
(85, 29, 1, 290, 1, 1456594392, 1),
(86, 10, 2, 430, 1, 1456594392, 1),
(87, 37, 1, 225, 1, 1456594392, 1),
(88, 35, 1, 200, 1, 1456594392, 1),
(89, 93, 18, 192, 1, 1456594392, 1),
(90, 64, 4, 1, 1, 1456594392, 1),
(91, 70, 5, 200, 1, 1456594392, 1),
(92, 82, 4, 1400, 1, 1456594392, 1),
(93, 73, 4, 1000, 1, 1456594392, 1),
(94, 74, 4, 1250, 1, 1456594392, 1),
(95, 75, 4, 1250, 1, 1456594392, 1),
(96, 99, 4, 1000, 1, 1456594392, 1),
(97, 77, 4, 1250, 1, 1456594392, 1),
(98, 78, 3, 400, 1, 1456594392, 1),
(99, 78, 5, 800, 1, 1456594392, 1),
(100, 79, 4, 900, 1, 1456594392, 1),
(101, 80, 4, 1000, 1, 1456594392, 1),
(102, 81, 4, 1000, 1, 1456594392, 1),
(103, 342, 5, 800, 1, 1456594392, 1),
(104, 57, 2, 85, 1, 1456594392, 1),
(105, 343, 2, 450, 1, 1456594392, 1),
(106, 90, 2, 170, 1, 1456594392, 1),
(107, 344, 1, 350, 1, 1456594392, 1),
(108, 55, 20, 200, 1, 1456594392, 1),
(109, 346, 1, 75, 1, 1456594392, 1),
(110, 69, 5, 1, 1, 1456594392, 1),
(111, 83, 4, 1800, 1, 1456594392, 1),
(112, 71, 8, 275, 1, 1456594392, 1),
(113, 52, 2, 85, 1, 1456721685, 2),
(114, 353, 4, 370, 1, 1459533600, 1);

-- --------------------------------------------------------

--
-- Table structure for table `ems_variety_time`
--

CREATE TABLE IF NOT EXISTS `ems_variety_time` (
  `id` int(11) NOT NULL,
  `territory_id` int(11) NOT NULL,
  `crop_type_id` int(11) NOT NULL,
  `date_start` int(11) NOT NULL,
  `date_end` int(11) NOT NULL,
  `revision` int(11) NOT NULL DEFAULT '1',
  `date_created` int(11) NOT NULL DEFAULT '0',
  `user_created` int(11) NOT NULL DEFAULT '0',
  `date_updated` int(11) DEFAULT NULL,
  `user_updated` int(11) DEFAULT NULL
) ENGINE=InnoDB DEFAULT CHARSET=utf8;

-- --------------------------------------------------------

--
-- Table structure for table `ems_zones`
--

CREATE TABLE IF NOT EXISTS `ems_zones` (
  `id` int(11) NOT NULL,
  `division_id` int(11) NOT NULL,
  `name` varchar(255) NOT NULL,
  `status` varchar(11) NOT NULL DEFAULT 'Active',
  `ordering` int(11) NOT NULL DEFAULT '99',
  `date_created` int(11) NOT NULL DEFAULT '0',
  `user_created` int(11) NOT NULL DEFAULT '0',
  `date_updated` int(11) DEFAULT NULL,
  `user_updated` int(11) DEFAULT NULL
) ENGINE=InnoDB AUTO_INCREMENT=10 DEFAULT CHARSET=utf8;

--
-- Dumping data for table `ems_zones`
--

INSERT INTO `ems_zones` (`id`, `division_id`, `name`, `status`, `ordering`, `date_created`, `user_created`, `date_updated`, `user_updated`) VALUES
(1, 1, 'Rangpur', 'Active', 1, 1456201963, 1, NULL, NULL),
(2, 1, 'Bogra', 'Active', 2, 1456201963, 1, NULL, NULL),
(3, 1, 'Sylhet', 'Active', 3, 1456201963, 1, NULL, NULL),
(4, 2, 'Jessore', 'Active', 4, 1456201963, 1, NULL, NULL),
(5, 2, 'Barisal', 'Active', 5, 1456201963, 1, NULL, NULL),
(6, 2, 'Mymensingh', 'Active', 6, 1456201963, 1, NULL, NULL),
(7, 3, 'Dhaka', 'Active', 7, 1456201963, 1, NULL, NULL),
(8, 3, 'Comilla', 'Active', 8, 1456201963, 1, NULL, NULL),
(9, 3, 'Chittagong', 'Active', 9, 1456201963, 1, NULL, NULL);

--
-- Indexes for dumped tables
--

--
-- Indexes for table `ems_basic_setup_arm_bank`
--
ALTER TABLE `ems_basic_setup_arm_bank`
  ADD PRIMARY KEY (`id`);

--
-- Indexes for table `ems_basic_setup_arm_bank_accounts`
--
ALTER TABLE `ems_basic_setup_arm_bank_accounts`
  ADD PRIMARY KEY (`id`);

--
-- Indexes for table `ems_basic_setup_bank`
--
ALTER TABLE `ems_basic_setup_bank`
  ADD PRIMARY KEY (`id`);

--
-- Indexes for table `ems_basic_setup_competitor`
--
ALTER TABLE `ems_basic_setup_competitor`
  ADD PRIMARY KEY (`id`);

--
-- Indexes for table `ems_basic_setup_couriers`
--
ALTER TABLE `ems_basic_setup_couriers`
  ADD PRIMARY KEY (`id`);

--
-- Indexes for table `ems_basic_setup_fiscal_year`
--
ALTER TABLE `ems_basic_setup_fiscal_year`
  ADD PRIMARY KEY (`id`);

--
-- Indexes for table `ems_basic_setup_vcolors`
--
ALTER TABLE `ems_basic_setup_vcolors`
  ADD PRIMARY KEY (`id`);

--
-- Indexes for table `ems_basic_setup_warehouse`
--
ALTER TABLE `ems_basic_setup_warehouse`
  ADD PRIMARY KEY (`id`);

--
-- Indexes for table `ems_basic_setup_warehouse_crops`
--
ALTER TABLE `ems_basic_setup_warehouse_crops`
  ADD PRIMARY KEY (`id`);

--
-- Indexes for table `ems_crops`
--
ALTER TABLE `ems_crops`
  ADD PRIMARY KEY (`id`);

--
-- Indexes for table `ems_crop_types`
--
ALTER TABLE `ems_crop_types`
  ADD PRIMARY KEY (`id`);

--
-- Indexes for table `ems_csetup_customers`
--
ALTER TABLE `ems_csetup_customers`
  ADD PRIMARY KEY (`id`);

--
-- Indexes for table `ems_csetup_other_customers`
--
ALTER TABLE `ems_csetup_other_customers`
  ADD PRIMARY KEY (`id`);

--
-- Indexes for table `ems_districts`
--
ALTER TABLE `ems_districts`
  ADD PRIMARY KEY (`id`);

--
-- Indexes for table `ems_divisions`
--
ALTER TABLE `ems_divisions`
  ADD PRIMARY KEY (`id`);

--
-- Indexes for table `ems_history`
--
ALTER TABLE `ems_history`
  ADD PRIMARY KEY (`id`);

--
-- Indexes for table `ems_history_hack`
--
ALTER TABLE `ems_history_hack`
  ADD PRIMARY KEY (`id`);

--
-- Indexes for table `ems_payment_payment`
--
ALTER TABLE `ems_payment_payment`
  ADD PRIMARY KEY (`id`);

--
-- Indexes for table `ems_sales_po`
--
ALTER TABLE `ems_sales_po`
  ADD PRIMARY KEY (`id`);

--
-- Indexes for table `ems_sales_po_delivery`
--
ALTER TABLE `ems_sales_po_delivery`
  ADD PRIMARY KEY (`id`);

--
-- Indexes for table `ems_sales_po_details`
--
ALTER TABLE `ems_sales_po_details`
  ADD PRIMARY KEY (`id`);

--
-- Indexes for table `ems_sales_po_receives`
--
ALTER TABLE `ems_sales_po_receives`
  ADD PRIMARY KEY (`id`);

--
-- Indexes for table `ems_sales_po_returns`
--
ALTER TABLE `ems_sales_po_returns`
  ADD PRIMARY KEY (`id`);

--
-- Indexes for table `ems_stockin_excess_inventory`
--
ALTER TABLE `ems_stockin_excess_inventory`
  ADD PRIMARY KEY (`id`);

--
-- Indexes for table `ems_stockin_varieties`
--
ALTER TABLE `ems_stockin_varieties`
  ADD PRIMARY KEY (`id`);

--
-- Indexes for table `ems_stockout`
--
ALTER TABLE `ems_stockout`
  ADD PRIMARY KEY (`id`);

--
-- Indexes for table `ems_survey_primary`
--
ALTER TABLE `ems_survey_primary`
  ADD PRIMARY KEY (`id`);

--
-- Indexes for table `ems_survey_primary_customers`
--
ALTER TABLE `ems_survey_primary_customers`
  ADD PRIMARY KEY (`id`);

--
-- Indexes for table `ems_survey_primary_customer_survey`
--
ALTER TABLE `ems_survey_primary_customer_survey`
  ADD PRIMARY KEY (`id`);

--
-- Indexes for table `ems_survey_primary_quantity_survey`
--
ALTER TABLE `ems_survey_primary_quantity_survey`
  ADD PRIMARY KEY (`id`);

--
-- Indexes for table `ems_survey_product`
--
ALTER TABLE `ems_survey_product`
  ADD PRIMARY KEY (`id`);

--
-- Indexes for table `ems_system_assigned_area`
--
ALTER TABLE `ems_system_assigned_area`
  ADD PRIMARY KEY (`id`);

--
-- Indexes for table `ems_system_assigned_group`
--
ALTER TABLE `ems_system_assigned_group`
  ADD PRIMARY KEY (`id`);

--
-- Indexes for table `ems_system_task`
--
ALTER TABLE `ems_system_task`
  ADD PRIMARY KEY (`id`);

--
-- Indexes for table `ems_system_user_group`
--
ALTER TABLE `ems_system_user_group`
  ADD PRIMARY KEY (`id`);

--
-- Indexes for table `ems_system_user_group_role`
--
ALTER TABLE `ems_system_user_group_role`
  ADD PRIMARY KEY (`id`);

--
-- Indexes for table `ems_territories`
--
ALTER TABLE `ems_territories`
  ADD PRIMARY KEY (`id`);

--
-- Indexes for table `ems_tm_farmers`
--
ALTER TABLE `ems_tm_farmers`
  ADD PRIMARY KEY (`id`);

--
-- Indexes for table `ems_tm_visits`
--
ALTER TABLE `ems_tm_visits`
  ADD PRIMARY KEY (`id`);

--
-- Indexes for table `ems_unions`
--
ALTER TABLE `ems_unions`
  ADD PRIMARY KEY (`id`);

--
-- Indexes for table `ems_upazillas`
--
ALTER TABLE `ems_upazillas`
  ADD PRIMARY KEY (`id`);

--
-- Indexes for table `ems_varieties`
--
ALTER TABLE `ems_varieties`
  ADD PRIMARY KEY (`id`);

--
-- Indexes for table `ems_variety_bonus`
--
ALTER TABLE `ems_variety_bonus`
  ADD PRIMARY KEY (`id`);

--
-- Indexes for table `ems_variety_bonus_details`
--
ALTER TABLE `ems_variety_bonus_details`
  ADD PRIMARY KEY (`id`);

--
-- Indexes for table `ems_variety_pack_size`
--
ALTER TABLE `ems_variety_pack_size`
  ADD PRIMARY KEY (`id`);

--
-- Indexes for table `ems_variety_price`
--
ALTER TABLE `ems_variety_price`
  ADD PRIMARY KEY (`id`);

--
-- Indexes for table `ems_variety_time`
--
ALTER TABLE `ems_variety_time`
  ADD PRIMARY KEY (`id`);

--
-- Indexes for table `ems_zones`
--
ALTER TABLE `ems_zones`
  ADD PRIMARY KEY (`id`);

--
-- AUTO_INCREMENT for dumped tables
--

--
-- AUTO_INCREMENT for table `ems_basic_setup_arm_bank`
--
ALTER TABLE `ems_basic_setup_arm_bank`
  MODIFY `id` int(11) NOT NULL AUTO_INCREMENT,AUTO_INCREMENT=4;
--
-- AUTO_INCREMENT for table `ems_basic_setup_arm_bank_accounts`
--
ALTER TABLE `ems_basic_setup_arm_bank_accounts`
  MODIFY `id` int(11) NOT NULL AUTO_INCREMENT;
--
-- AUTO_INCREMENT for table `ems_basic_setup_bank`
--
ALTER TABLE `ems_basic_setup_bank`
  MODIFY `id` int(11) NOT NULL AUTO_INCREMENT,AUTO_INCREMENT=25;
--
-- AUTO_INCREMENT for table `ems_basic_setup_competitor`
--
ALTER TABLE `ems_basic_setup_competitor`
  MODIFY `id` int(11) NOT NULL AUTO_INCREMENT,AUTO_INCREMENT=54;
--
-- AUTO_INCREMENT for table `ems_basic_setup_couriers`
--
ALTER TABLE `ems_basic_setup_couriers`
  MODIFY `id` int(11) NOT NULL AUTO_INCREMENT,AUTO_INCREMENT=35;
--
-- AUTO_INCREMENT for table `ems_basic_setup_fiscal_year`
--
ALTER TABLE `ems_basic_setup_fiscal_year`
  MODIFY `id` int(11) NOT NULL AUTO_INCREMENT,AUTO_INCREMENT=2;
--
-- AUTO_INCREMENT for table `ems_basic_setup_vcolors`
--
ALTER TABLE `ems_basic_setup_vcolors`
  MODIFY `id` int(11) NOT NULL AUTO_INCREMENT,AUTO_INCREMENT=5;
--
-- AUTO_INCREMENT for table `ems_basic_setup_warehouse`
--
ALTER TABLE `ems_basic_setup_warehouse`
  MODIFY `id` int(11) NOT NULL AUTO_INCREMENT,AUTO_INCREMENT=4;
--
-- AUTO_INCREMENT for table `ems_basic_setup_warehouse_crops`
--
ALTER TABLE `ems_basic_setup_warehouse_crops`
  MODIFY `id` int(11) NOT NULL AUTO_INCREMENT,AUTO_INCREMENT=25;
--
-- AUTO_INCREMENT for table `ems_crops`
--
ALTER TABLE `ems_crops`
  MODIFY `id` int(11) NOT NULL AUTO_INCREMENT,AUTO_INCREMENT=28;
--
-- AUTO_INCREMENT for table `ems_crop_types`
--
ALTER TABLE `ems_crop_types`
  MODIFY `id` int(11) NOT NULL AUTO_INCREMENT,AUTO_INCREMENT=64;
--
-- AUTO_INCREMENT for table `ems_csetup_customers`
--
ALTER TABLE `ems_csetup_customers`
  MODIFY `id` int(11) NOT NULL AUTO_INCREMENT,AUTO_INCREMENT=174;
--
-- AUTO_INCREMENT for table `ems_csetup_other_customers`
--
ALTER TABLE `ems_csetup_other_customers`
  MODIFY `id` int(11) NOT NULL AUTO_INCREMENT;
--
-- AUTO_INCREMENT for table `ems_districts`
--
ALTER TABLE `ems_districts`
  MODIFY `id` int(11) NOT NULL AUTO_INCREMENT,AUTO_INCREMENT=73;
--
-- AUTO_INCREMENT for table `ems_divisions`
--
ALTER TABLE `ems_divisions`
  MODIFY `id` int(11) NOT NULL AUTO_INCREMENT,AUTO_INCREMENT=4;
--
-- AUTO_INCREMENT for table `ems_history`
--
ALTER TABLE `ems_history`
  MODIFY `id` int(11) NOT NULL AUTO_INCREMENT,AUTO_INCREMENT=837;
--
-- AUTO_INCREMENT for table `ems_history_hack`
--
ALTER TABLE `ems_history_hack`
  MODIFY `id` int(11) NOT NULL AUTO_INCREMENT;
--
-- AUTO_INCREMENT for table `ems_payment_payment`
--
ALTER TABLE `ems_payment_payment`
  MODIFY `id` int(11) NOT NULL AUTO_INCREMENT,AUTO_INCREMENT=218;
--
-- AUTO_INCREMENT for table `ems_sales_po`
--
ALTER TABLE `ems_sales_po`
  MODIFY `id` int(11) NOT NULL AUTO_INCREMENT,AUTO_INCREMENT=31;
--
-- AUTO_INCREMENT for table `ems_sales_po_delivery`
--
ALTER TABLE `ems_sales_po_delivery`
  MODIFY `id` int(11) NOT NULL AUTO_INCREMENT,AUTO_INCREMENT=23;
--
-- AUTO_INCREMENT for table `ems_sales_po_details`
--
ALTER TABLE `ems_sales_po_details`
  MODIFY `id` int(11) NOT NULL AUTO_INCREMENT,AUTO_INCREMENT=77;
--
-- AUTO_INCREMENT for table `ems_sales_po_receives`
--
ALTER TABLE `ems_sales_po_receives`
  MODIFY `id` int(11) NOT NULL AUTO_INCREMENT;
--
-- AUTO_INCREMENT for table `ems_sales_po_returns`
--
ALTER TABLE `ems_sales_po_returns`
  MODIFY `id` int(11) NOT NULL AUTO_INCREMENT;
--
-- AUTO_INCREMENT for table `ems_stockin_excess_inventory`
--
ALTER TABLE `ems_stockin_excess_inventory`
  MODIFY `id` int(11) NOT NULL AUTO_INCREMENT;
--
-- AUTO_INCREMENT for table `ems_stockin_varieties`
--
ALTER TABLE `ems_stockin_varieties`
  MODIFY `id` int(11) NOT NULL AUTO_INCREMENT,AUTO_INCREMENT=118;
--
-- AUTO_INCREMENT for table `ems_stockout`
--
ALTER TABLE `ems_stockout`
  MODIFY `id` int(11) NOT NULL AUTO_INCREMENT;
--
-- AUTO_INCREMENT for table `ems_survey_primary`
--
ALTER TABLE `ems_survey_primary`
  MODIFY `id` int(11) NOT NULL AUTO_INCREMENT,AUTO_INCREMENT=3;
--
-- AUTO_INCREMENT for table `ems_survey_primary_customers`
--
ALTER TABLE `ems_survey_primary_customers`
  MODIFY `id` int(11) NOT NULL AUTO_INCREMENT,AUTO_INCREMENT=4;
--
-- AUTO_INCREMENT for table `ems_survey_primary_customer_survey`
--
ALTER TABLE `ems_survey_primary_customer_survey`
  MODIFY `id` int(11) NOT NULL AUTO_INCREMENT,AUTO_INCREMENT=9;
--
-- AUTO_INCREMENT for table `ems_survey_primary_quantity_survey`
--
ALTER TABLE `ems_survey_primary_quantity_survey`
  MODIFY `id` int(11) NOT NULL AUTO_INCREMENT,AUTO_INCREMENT=8;
--
-- AUTO_INCREMENT for table `ems_survey_product`
--
ALTER TABLE `ems_survey_product`
  MODIFY `id` int(11) NOT NULL AUTO_INCREMENT,AUTO_INCREMENT=6;
--
-- AUTO_INCREMENT for table `ems_system_assigned_area`
--
ALTER TABLE `ems_system_assigned_area`
  MODIFY `id` int(11) NOT NULL AUTO_INCREMENT,AUTO_INCREMENT=40;
--
-- AUTO_INCREMENT for table `ems_system_assigned_group`
--
ALTER TABLE `ems_system_assigned_group`
  MODIFY `id` int(11) NOT NULL AUTO_INCREMENT,AUTO_INCREMENT=44;
--
-- AUTO_INCREMENT for table `ems_system_task`
--
ALTER TABLE `ems_system_task`
  MODIFY `id` int(11) NOT NULL AUTO_INCREMENT,AUTO_INCREMENT=65;
--
-- AUTO_INCREMENT for table `ems_system_user_group`
--
ALTER TABLE `ems_system_user_group`
  MODIFY `id` int(11) NOT NULL AUTO_INCREMENT,AUTO_INCREMENT=14;
--
-- AUTO_INCREMENT for table `ems_system_user_group_role`
--
ALTER TABLE `ems_system_user_group_role`
  MODIFY `id` int(11) NOT NULL AUTO_INCREMENT,AUTO_INCREMENT=579;
--
-- AUTO_INCREMENT for table `ems_territories`
--
ALTER TABLE `ems_territories`
  MODIFY `id` int(11) NOT NULL AUTO_INCREMENT,AUTO_INCREMENT=32;
--
-- AUTO_INCREMENT for table `ems_tm_farmers`
--
ALTER TABLE `ems_tm_farmers`
  MODIFY `id` int(11) NOT NULL AUTO_INCREMENT;
--
-- AUTO_INCREMENT for table `ems_tm_visits`
--
ALTER TABLE `ems_tm_visits`
  MODIFY `id` int(11) NOT NULL AUTO_INCREMENT;
--
-- AUTO_INCREMENT for table `ems_unions`
--
ALTER TABLE `ems_unions`
  MODIFY `id` int(11) NOT NULL AUTO_INCREMENT,AUTO_INCREMENT=4567;
--
-- AUTO_INCREMENT for table `ems_upazillas`
--
ALTER TABLE `ems_upazillas`
  MODIFY `id` int(11) NOT NULL AUTO_INCREMENT,AUTO_INCREMENT=495;
--
-- AUTO_INCREMENT for table `ems_varieties`
--
ALTER TABLE `ems_varieties`
  MODIFY `id` int(11) NOT NULL AUTO_INCREMENT,AUTO_INCREMENT=355;
--
-- AUTO_INCREMENT for table `ems_variety_bonus`
--
ALTER TABLE `ems_variety_bonus`
  MODIFY `id` int(11) NOT NULL AUTO_INCREMENT,AUTO_INCREMENT=42;
--
-- AUTO_INCREMENT for table `ems_variety_bonus_details`
--
ALTER TABLE `ems_variety_bonus_details`
  MODIFY `id` int(11) NOT NULL AUTO_INCREMENT,AUTO_INCREMENT=346;
--
-- AUTO_INCREMENT for table `ems_variety_pack_size`
--
ALTER TABLE `ems_variety_pack_size`
  MODIFY `id` int(11) NOT NULL AUTO_INCREMENT,AUTO_INCREMENT=21;
--
-- AUTO_INCREMENT for table `ems_variety_price`
--
ALTER TABLE `ems_variety_price`
  MODIFY `id` int(11) NOT NULL AUTO_INCREMENT,AUTO_INCREMENT=115;
--
-- AUTO_INCREMENT for table `ems_variety_time`
--
ALTER TABLE `ems_variety_time`
  MODIFY `id` int(11) NOT NULL AUTO_INCREMENT;
--
-- AUTO_INCREMENT for table `ems_zones`
--
ALTER TABLE `ems_zones`
  MODIFY `id` int(11) NOT NULL AUTO_INCREMENT,AUTO_INCREMENT=10;
/*!40101 SET CHARACTER_SET_CLIENT=@OLD_CHARACTER_SET_CLIENT */;
/*!40101 SET CHARACTER_SET_RESULTS=@OLD_CHARACTER_SET_RESULTS */;
/*!40101 SET COLLATION_CONNECTION=@OLD_COLLATION_CONNECTION */;
